Teacher_ID,Teacher_Name,Age,Subject,Years_of_Service,Years_in_Current_School,Rural_Service_Years,Transfer_Request,Medical_Ground,Spouse_Location_Distance,Promotion_Due,Current_School_ID,Current_School_Name,Transfer_Recommended
TCH00001,Mahesh Yadav,33,Mathematics,9,9,8,1,0,84,0,SCH0008,Govt. High School Ajmer-8,1
TCH00002,Sunita Aggarwal,34,Chemistry,7,4,5,0,0,41,1,SCH0473,Govt. High School Central-473,0
TCH00003,Vinod Reddy,59,Physical Education,33,4,2,0,0,69,0,SCH0260,Govt. High School Lucknow-260,0
TCH00004,Pankaj Chaudhary,27,Physical Education,1,1,0,1,0,427,0,SCH0257,Govt. Middle School West-257,1
TCH00005,Anita Reddy,44,History,8,6,7,1,0,380,0,SCH0206,Govt. High School Lucknow-206,1
TCH00006,Saroj Kumar,45,Social Science,6,2,6,0,0,290,1,SCH0276,Govt. High School South-276,1
TCH00007,Rekha Gupta,53,History,20,8,5,0,1,332,0,SCH0043,Govt. Senior Secondary School Ajmer-43,1
TCH00008,Nita Aggarwal,39,English,10,9,6,1,0,395,1,SCH0472,Govt. Middle School Ghaziabad-472,1
TCH00009,Ashok Shukla,26,Geography,2,1,2,0,0,4,1,SCH0275,Govt. Primary School East-275,0
TCH00010,Vikram Joshi,24,Physical Education,1,1,0,1,0,405,0,SCH0325,Govt. Primary School Udaipur-325,1
TCH00011,Geeta Verma,55,Hindi,1,1,0,1,0,225,0,SCH0224,Govt. Primary School South-224,1
TCH00012,Radha Singh,59,Biology,33,18,12,0,0,474,0,SCH0045,Govt. Senior Secondary School New-45,1
TCH00013,Ajay Verma,24,Social Science,1,1,0,1,0,153,0,SCH0314,Govt. Primary School Udaipur-314,0
TCH00014,Pooja Singh,29,Mathematics,3,2,2,0,0,243,0,SCH0342,Govt. Primary School Agra-342,0
TCH00015,Deepak Bhat,61,Mathematics,18,13,2,1,0,461,1,SCH0363,Govt. Primary School Central-363,1
TCH00016,Pushpa Dubey,39,History,7,4,5,0,0,65,0,SCH0084,Govt. Primary School West-84,0
TCH00017,Mahesh Patel,58,Physics,18,14,3,0,1,449,0,SCH0265,Govt. Middle School Gurgaon-265,1
TCH00018,Seema Kaur,56,Science,31,14,0,0,0,380,0,SCH0065,Govt. High School Ghaziabad-65,1
TCH00019,Priya Pandey,58,Art,6,1,4,0,0,481,0,SCH0395,Govt. Primary School Jodhpur-395,0
TCH00020,Seema Nair,38,Science,4,1,3,1,0,91,0,SCH0220,Govt. High School North-220,1
TCH00021,Vikas Reddy,37,Science,4,2,4,0,0,348,0,SCH0135,Govt. Middle School Central-135,0
TCH00022,Savita Nair,25,Physics,2,1,2,0,0,417,0,SCH0255,Govt. High School Varanasi-255,0
TCH00023,Pushpa Garg,25,Geography,2,1,1,0,0,456,0,SCH0029,Govt. Primary School Lucknow-29,0
TCH00024,Shanti Patel,32,Social Science,3,1,0,1,0,262,0,SCH0086,Govt. High School Jaipur-86,1
TCH00025,Suresh Mittal,56,Geography,4,4,0,0,0,220,0,SCH0396,Govt. Primary School Kota-396,0
TCH00026,Kavita Mishra,61,Physical Education,7,3,3,0,0,85,1,SCH0346,Govt. Primary School South-346,0
TCH00027,Rajesh Verma,25,Sanskrit,2,1,0,0,0,137,0,SCH0261,Govt. Middle School West-261,0
TCH00028,Rajesh Mishra,28,Mathematics,1,1,0,0,0,212,0,SCH0442,Govt. High School Gurgaon-442,0
TCH00029,Shanti Shukla,60,English,32,4,0,0,0,190,0,SCH0242,Govt. Senior Secondary School Agra-242,0
TCH00030,Amit Menon,49,Art,4,2,3,0,0,226,0,SCH0092,Govt. Primary School Kanpur-92,0
TCH00031,Pankaj Mishra,52,Physics,6,2,4,1,0,191,1,SCH0468,Govt. Primary School South-468,1
TCH00032,Pankaj Jain,32,Physical Education,9,1,1,0,0,9,1,SCH0128,Govt. High School Bikaner-128,0
TCH00033,Seema Bansal,44,Science,11,7,1,0,0,432,0,SCH0164,Govt. Senior Secondary School Agra-164,1
TCH00034,Shanti Singh,46,History,13,3,4,1,0,100,0,SCH0293,Govt. High School Jaipur-293,1
TCH00035,Sunita Patel,31,Hindi,1,1,0,1,0,407,0,SCH0345,Govt. High School Ajmer-345,1
TCH00036,Kamla Verma,40,Chemistry,5,4,4,0,0,227,0,SCH0412,Govt. Primary School Central-412,0
TCH00037,Savita Garg,38,Social Science,3,3,2,0,0,260,0,SCH0036,Govt. Primary School Noida-36,0
TCH00038,Rekha Pandey,55,Science,8,8,5,0,0,336,0,SCH0397,Govt. Senior Secondary School Udaipur-397,1
TCH00039,Savita Sharma,48,Physics,9,2,1,0,0,323,1,SCH0284,Govt. Primary School Bikaner-284,0
TCH00040,Vinod Pillai,48,Art,23,18,9,1,0,487,0,SCH0103,Govt. Middle School Faridabad-103,1
TCH00041,Saroj Mishra,36,Biology,5,4,1,0,0,423,0,SCH0156,Govt. Middle School South-156,0
TCH00042,Anita Rao,32,Art,9,8,9,0,1,413,1,SCH0189,Govt. Senior Secondary School Noida-189,1
TCH00043,Sanjay Kaur,55,History,19,14,0,0,0,31,0,SCH0398,Govt. Senior Secondary School South-398,0
TCH00044,Geeta Kumar,35,Mathematics,9,2,4,1,0,391,1,SCH0390,Govt. Middle School Lucknow-390,1
TCH00045,Pankaj Sharma,30,Hindi,7,4,7,0,0,234,0,SCH0478,Govt. Senior Secondary School Lucknow-478,0
TCH00046,Dinesh Reddy,51,Sanskrit,13,2,1,0,0,282,1,SCH0278,Govt. Senior Secondary School Lucknow-278,0
TCH00047,Rajesh Pandey,38,Mathematics,3,3,3,0,0,420,0,SCH0356,Govt. Senior Secondary School South-356,0
TCH00048,Naresh Garg,26,Physical Education,3,2,2,0,0,107,0,SCH0389,Govt. Middle School Gurgaon-389,0
TCH00049,Rekha Singh,60,Hindi,8,2,7,0,0,448,0,SCH0373,Govt. Senior Secondary School Varanasi-373,0
TCH00050,Geeta Chaudhary,58,Biology,32,10,1,0,0,383,1,SCH0272,Govt. Middle School East-272,1
TCH00051,Sunita Kumar,50,Physical Education,27,2,8,0,0,419,0,SCH0493,Govt. High School Jaipur-493,1
TCH00052,Anita Verma,49,Hindi,26,12,0,0,0,436,0,SCH0144,Govt. Senior Secondary School Kanpur-144,1
TCH00053,Kamla Chaudhary,34,Physical Education,3,3,2,0,0,185,0,SCH0460,Govt. High School Ghaziabad-460,0
TCH00054,Shanti Chauhan,27,Physical Education,4,2,2,0,0,309,0,SCH0459,Govt. Primary School New-459,0
TCH00055,Anita Singh,44,History,10,6,3,0,0,272,0,SCH0044,Govt. High School Udaipur-44,1
TCH00056,Lakshmi Gupta,27,Geography,1,1,1,1,0,185,0,SCH0069,Govt. Primary School West-69,0
TCH00057,Sunita Chaudhary,27,Computer Science,4,2,1,0,0,187,1,SCH0291,Govt. Primary School Faridabad-291,0
TCH00058,Deepak Mishra,42,Social Science,13,12,13,1,0,355,0,SCH0494,Govt. Primary School West-494,1
TCH00059,Ashok Jain,59,Art,30,17,6,0,0,112,0,SCH0134,Govt. Primary School Noida-134,1
TCH00060,Ashok Pandey,34,Biology,9,6,0,0,0,239,0,SCH0202,Govt. High School West-202,0
TCH00061,Ramesh Gupta,38,Hindi,6,6,3,0,0,399,0,SCH0140,Govt. Primary School Udaipur-140,1
TCH00062,Anita Singh,33,English,2,1,0,1,0,117,0,SCH0070,Govt. High School Kota-70,0
TCH00063,Arun Chauhan,40,Biology,13,3,4,0,0,409,1,SCH0055,Govt. Middle School Noida-55,1
TCH00064,Pankaj Singh,52,History,5,4,0,0,1,355,0,SCH0161,Govt. Middle School Kanpur-161,1
TCH00065,Nita Chauhan,27,Social Science,2,1,2,0,0,312,0,SCH0184,Govt. Primary School Central-184,0
TCH00066,Mahesh Garg,54,Science,20,4,4,0,0,413,0,SCH0238,Govt. Primary School South-238,1
TCH00067,Arun Aggarwal,30,Computer Science,3,3,3,1,1,399,1,SCH0047,Govt. Middle School Agra-47,1
TCH00068,Ajay Verma,48,Hindi,13,6,11,0,0,106,0,SCH0156,Govt. Middle School South-156,1
TCH00069,Ashok Kumar,44,Science,4,2,0,1,0,398,0,SCH0428,Govt. High School Faridabad-428,1
TCH00070,Geeta Dubey,34,Chemistry,4,4,4,0,0,383,0,SCH0365,Govt. Senior Secondary School Ajmer-365,0
TCH00071,Sunita Naidu,60,Social Science,21,18,4,1,0,471,0,SCH0263,Govt. High School Faridabad-263,1
TCH00072,Pooja Sharma,48,Chemistry,21,12,8,0,0,116,0,SCH0134,Govt. Primary School Noida-134,1
TCH00073,Yogesh Menon,30,Physical Education,6,1,0,1,0,27,1,SCH0438,Govt. Primary School Jodhpur-438,0
TCH00074,Geeta Singh,45,Biology,17,17,1,0,0,64,0,SCH0282,Govt. Middle School East-282,0
TCH00075,Deepak Singh,28,Mathematics,2,2,0,1,0,367,0,SCH0053,Govt. Senior Secondary School Ghaziabad-53,1
TCH00076,Ramesh Kumar,45,Hindi,12,8,7,0,0,98,0,SCH0032,Govt. High School Jodhpur-32,1
TCH00077,Lakshmi Dubey,55,Computer Science,7,5,3,0,0,371,0,SCH0422,Govt. Primary School Varanasi-422,1
TCH00078,Anita Pillai,44,Geography,15,6,3,1,0,488,0,SCH0323,Govt. Middle School Central-323,1
TCH00079,Vikram Sharma,51,Science,26,17,14,0,0,386,1,SCH0133,Govt. High School East-133,1
TCH00080,Yogesh Aggarwal,56,English,6,4,6,1,0,402,0,SCH0102,Govt. High School Gurgaon-102,1
TCH00081,Usha Singh,34,Mathematics,8,4,7,0,0,163,0,SCH0048,Govt. Middle School Gurgaon-48,0
TCH00082,Savita Verma,31,English,7,1,6,0,1,209,0,SCH0483,Govt. Middle School Central-483,1
TCH00083,Vikas Chaudhary,43,Sanskrit,6,4,1,0,0,258,1,SCH0474,Govt. Primary School Gurgaon-474,0
TCH00084,Lakshmi Rao,61,Mathematics,33,1,6,0,1,379,1,SCH0371,Govt. Primary School Ghaziabad-371,1
TCH00085,Radha Patel,60,Physics,4,2,2,1,0,301,0,SCH0196,Govt. Middle School Jaipur-196,1
TCH00086,Pooja Tiwari,24,Social Science,1,1,0,0,0,157,0,SCH0110,Govt. Primary School Bikaner-110,0
TCH00087,Meena Verma,27,Geography,4,2,1,0,0,282,0,SCH0229,Govt. High School Agra-229,0
TCH00088,Saroj Mishra,26,Computer Science,1,1,1,1,1,381,0,SCH0318,Govt. Middle School Kanpur-318,1
TCH00089,Pushpa Chaudhary,58,History,28,9,3,1,0,59,0,SCH0152,Govt. Middle School Agra-152,1
TCH00090,Sunita Gupta,34,Social Science,2,1,0,0,0,130,1,SCH0246,Govt. Senior Secondary School Central-246,0
TCH00091,Deepak Chaudhary,53,Hindi,26,16,4,0,0,416,0,SCH0197,Govt. Middle School Udaipur-197,1
TCH00092,Kamla Mishra,57,Computer Science,18,11,8,0,0,272,1,SCH0330,Govt. High School Varanasi-330,1
TCH00093,Sunil Aggarwal,34,Mathematics,11,3,0,0,0,65,0,SCH0411,Govt. Middle School New-411,0
TCH00094,Dinesh Rao,51,History,15,7,5,1,0,455,0,SCH0196,Govt. Middle School Jaipur-196,1
TCH00095,Pushpa Dubey,26,Geography,2,1,2,0,0,226,1,SCH0401,Govt. Senior Secondary School Varanasi-401,0
TCH00096,Ashok Shukla,37,Social Science,4,4,0,1,0,332,1,SCH0258,Govt. Primary School Faridabad-258,1
TCH00097,Priya Pandey,56,Geography,6,3,2,0,0,375,0,SCH0093,Govt. Primary School Kanpur-93,0
TCH00098,Priya Mittal,37,Art,4,1,2,0,0,83,0,SCH0113,Govt. High School Jodhpur-113,0
TCH00099,Seema Verma,47,Art,14,10,5,0,0,82,1,SCH0399,Govt. High School North-399,1
TCH00100,Kamla Dubey,26,Art,2,1,0,1,1,205,1,SCH0242,Govt. Senior Secondary School Agra-242,1
TCH00101,Ramesh Patel,42,Science,15,4,13,0,0,163,0,SCH0300,Govt. Primary School Central-300,0
TCH00102,Geeta Tiwari,53,History,9,1,7,0,0,308,0,SCH0127,Govt. High School Central-127,0
TCH00103,Sunita Malhotra,37,Hindi,14,9,3,0,0,1,0,SCH0418,Govt. High School Ghaziabad-418,1
TCH00104,Naresh Dubey,45,Sanskrit,9,8,6,0,0,431,0,SCH0295,Govt. Middle School New-295,1
TCH00105,Pooja Patel,58,Hindi,11,2,4,0,0,275,0,SCH0433,Govt. High School Jodhpur-433,1
TCH00106,Ashok Aggarwal,56,Physical Education,9,9,3,1,0,479,0,SCH0304,Govt. Middle School New-304,1
TCH00107,Dinesh Jain,46,Geography,15,8,11,1,0,14,0,SCH0358,Govt. Primary School Central-358,1
TCH00108,Dinesh Pillai,49,Geography,20,8,4,0,0,156,0,SCH0015,Govt. Primary School Noida-15,1
TCH00109,Vikas Yadav,30,Sanskrit,4,4,3,0,0,341,0,SCH0073,Govt. High School Central-73,0
TCH00110,Pushpa Menon,47,Social Science,2,1,2,1,0,421,0,SCH0415,Govt. Middle School East-415,1
TCH00111,Pushpa Verma,48,Science,18,17,12,0,0,135,0,SCH0090,Govt. Senior Secondary School Noida-90,1
TCH00112,Ramesh Iyer,24,Hindi,1,1,0,0,0,423,0,SCH0029,Govt. Primary School Lucknow-29,0
TCH00113,Kamla Rao,43,Mathematics,17,13,12,0,0,189,1,SCH0011,Govt. Middle School Lucknow-11,1
TCH00114,Saroj Yadav,43,Art,1,1,1,0,0,191,0,SCH0170,Govt. Primary School Kanpur-170,0
TCH00115,Usha Bhat,32,English,8,5,0,0,0,306,1,SCH0067,Govt. Primary School Udaipur-67,1
TCH00116,Ashok Verma,36,Mathematics,11,3,10,0,0,0,0,SCH0471,Govt. Middle School Ajmer-471,0
TCH00117,Anita Bhat,42,English,12,8,7,1,0,444,0,SCH0076,Govt. High School Jodhpur-76,1
TCH00118,Kavita Garg,49,History,7,4,1,1,0,173,0,SCH0397,Govt. Senior Secondary School Udaipur-397,0
TCH00119,Shanti Gupta,46,Physics,17,15,3,1,0,477,1,SCH0441,Govt. Senior Secondary School Varanasi-441,1
TCH00120,Lakshmi Pillai,59,Science,18,5,2,0,0,112,0,SCH0361,Govt. High School South-361,0
TCH00121,Rekha Pandey,38,English,9,7,1,1,0,449,1,SCH0173,Govt. High School Gurgaon-173,1
TCH00122,Arun Kaur,36,Chemistry,10,2,2,1,0,27,0,SCH0500,Govt. Middle School Varanasi-500,0
TCH00123,Pushpa Reddy,29,Physics,3,1,1,0,0,349,0,SCH0406,Govt. High School Gurgaon-406,0
TCH00124,Devika Bhat,40,Geography,9,3,0,0,0,356,0,SCH0090,Govt. Senior Secondary School Noida-90,0
TCH00125,Dinesh Mishra,54,Computer Science,25,6,11,0,0,419,0,SCH0403,Govt. High School Varanasi-403,1
TCH00126,Pooja Shukla,32,Social Science,5,2,5,0,0,450,0,SCH0302,Govt. Senior Secondary School Ghaziabad-302,0
TCH00127,Vinod Kumar,38,English,9,7,7,1,0,312,0,SCH0376,Govt. Middle School Udaipur-376,1
TCH00128,Rajesh Bhat,56,Geography,24,7,1,0,0,195,0,SCH0374,Govt. Senior Secondary School Bikaner-374,0
TCH00129,Vikas Verma,24,English,1,1,0,1,0,201,0,SCH0201,Govt. Primary School Bikaner-201,1
TCH00130,Ashok Jain,51,Art,3,3,2,0,0,304,0,SCH0309,Govt. Middle School Agra-309,0
TCH00131,Saroj Mishra,28,Computer Science,2,2,1,0,0,364,1,SCH0496,Govt. Middle School Bikaner-496,0
TCH00132,Suresh Jain,53,Biology,24,3,10,0,0,429,0,SCH0290,Govt. High School North-290,1
TCH00133,Usha Kaur,50,Science,10,3,1,0,0,244,0,SCH0073,Govt. High School Central-73,0
TCH00134,Dinesh Pandey,60,English,23,6,3,1,0,284,0,SCH0122,Govt. High School Ghaziabad-122,1
TCH00135,Anita Bansal,40,Physical Education,13,6,3,1,0,396,0,SCH0326,Govt. Middle School Varanasi-326,1
TCH00136,Usha Chauhan,45,Mathematics,21,19,2,0,0,50,0,SCH0344,Govt. Middle School Ghaziabad-344,0
TCH00137,Nita Mishra,44,Physical Education,14,12,4,1,0,498,0,SCH0136,Govt. Middle School Ghaziabad-136,1
TCH00138,Dinesh Tiwari,47,Art,3,1,2,1,0,272,1,SCH0035,Govt. Primary School South-35,1
TCH00139,Rajesh Verma,41,Chemistry,8,6,8,1,0,486,0,SCH0056,Govt. Senior Secondary School South-56,1
TCH00140,Pankaj Patel,51,Chemistry,5,1,4,0,0,63,0,SCH0225,Govt. Primary School Agra-225,0
TCH00141,Naresh Dubey,57,History,11,6,11,0,0,486,0,SCH0253,Govt. Middle School Gurgaon-253,1
TCH00142,Suresh Bansal,40,Biology,9,6,0,1,0,107,0,SCH0193,Govt. Senior Secondary School West-193,1
TCH00143,Vikas Reddy,55,Art,6,2,3,0,0,215,0,SCH0404,Govt. High School Central-404,0
TCH00144,Ramesh Patel,50,Biology,11,9,2,0,0,461,0,SCH0352,Govt. Middle School Varanasi-352,1
TCH00145,Amit Joshi,51,Mathematics,19,15,14,0,0,162,0,SCH0038,Govt. Senior Secondary School Kota-38,1
TCH00146,Mahesh Singh,32,Science,8,4,0,0,0,327,0,SCH0164,Govt. Senior Secondary School Agra-164,0
TCH00147,Arun Mittal,61,Chemistry,3,3,0,0,0,286,1,SCH0176,Govt. Middle School Udaipur-176,0
TCH00148,Vikram Menon,55,Science,22,11,2,1,0,125,0,SCH0083,Govt. Primary School Udaipur-83,1
TCH00149,Ajay Iyer,35,Biology,2,1,2,0,1,302,1,SCH0174,Govt. Middle School South-174,1
TCH00150,Priya Chaudhary,31,Computer Science,2,1,2,0,0,291,1,SCH0361,Govt. High School South-361,0
TCH00151,Ajay Mittal,24,Chemistry,1,1,0,0,0,388,1,SCH0085,Govt. Middle School Udaipur-85,0
TCH00152,Sunita Singh,32,Physics,1,1,1,1,0,22,0,SCH0081,Govt. High School Gurgaon-81,0
TCH00153,Sanjay Chaudhary,37,Physical Education,4,2,2,0,0,187,0,SCH0106,Govt. Middle School West-106,0
TCH00154,Sunil Tiwari,55,Computer Science,2,1,0,0,0,65,0,SCH0284,Govt. Primary School Bikaner-284,0
TCH00155,Rekha Mishra,57,Science,16,6,11,0,0,183,0,SCH0145,Govt. Primary School Bikaner-145,1
TCH00156,Lakshmi Pillai,57,History,3,3,1,0,0,117,0,SCH0026,Govt. High School South-26,0
TCH00157,Pushpa Kumar,24,Mathematics,1,1,0,0,1,20,0,SCH0431,Govt. High School Bikaner-431,0
TCH00158,Rajesh Chaudhary,42,Science,17,10,9,1,0,147,0,SCH0185,Govt. High School Ajmer-185,1
TCH00159,Ajay Rao,37,Hindi,2,2,1,1,0,21,0,SCH0151,Govt. High School Kanpur-151,0
TCH00160,Priya Yadav,27,English,1,1,0,1,0,118,0,SCH0050,Govt. Senior Secondary School Ajmer-50,0
TCH00161,Vinod Gupta,57,Biology,18,2,14,0,0,78,0,SCH0327,Govt. High School Faridabad-327,0
TCH00162,Kavita Joshi,52,Art,26,18,5,1,0,305,0,SCH0433,Govt. High School Jodhpur-433,1
TCH00163,Mukesh Rao,29,Computer Science,5,4,0,0,1,120,0,SCH0204,Govt. Middle School Agra-204,0
TCH00164,Anita Reddy,42,History,9,2,3,1,1,140,0,SCH0136,Govt. Middle School Ghaziabad-136,1
TCH00165,Pooja Dubey,29,Chemistry,4,3,4,0,0,412,0,SCH0199,Govt. High School Bikaner-199,0
TCH00166,Pooja Chauhan,50,Mathematics,25,10,14,0,0,12,0,SCH0190,Govt. High School Gurgaon-190,1
TCH00167,Yogesh Chauhan,47,Social Science,12,11,0,1,1,200,0,SCH0135,Govt. Middle School Central-135,1
TCH00168,Seema Pillai,42,Mathematics,19,12,4,0,0,303,0,SCH0116,Govt. Middle School East-116,1
TCH00169,Suresh Gupta,58,Computer Science,18,14,2,0,0,488,0,SCH0078,Govt. Middle School Gurgaon-78,1
TCH00170,Sunil Chaudhary,60,Art,13,4,1,0,0,458,1,SCH0177,Govt. Senior Secondary School Agra-177,0
TCH00171,Ramesh Menon,45,Mathematics,1,1,1,1,0,161,0,SCH0302,Govt. Senior Secondary School Ghaziabad-302,0
TCH00172,Naresh Bansal,31,History,7,4,1,1,1,427,0,SCH0431,Govt. High School Bikaner-431,1
TCH00173,Sunil Naidu,24,Sanskrit,1,1,1,0,0,12,0,SCH0215,Govt. Middle School Ghaziabad-215,0
TCH00174,Mukesh Pillai,33,Hindi,5,4,4,1,0,101,0,SCH0480,Govt. Middle School Jodhpur-480,1
TCH00175,Rekha Gupta,45,Chemistry,17,4,13,0,0,110,0,SCH0244,Govt. Senior Secondary School Agra-244,0
TCH00176,Amit Nair,35,Geography,6,4,4,0,1,187,0,SCH0463,Govt. Primary School Jaipur-463,0
TCH00177,Kamla Aggarwal,24,Geography,1,1,1,0,0,464,0,SCH0462,Govt. Primary School Noida-462,0
TCH00178,Saroj Kumar,35,Science,11,6,4,0,0,232,0,SCH0347,Govt. Senior Secondary School Ghaziabad-347,1
TCH00179,Yogesh Patel,29,English,5,1,0,1,0,312,0,SCH0487,Govt. High School East-487,1
TCH00180,Nita Aggarwal,39,Hindi,16,11,4,0,1,110,0,SCH0498,Govt. Primary School Gurgaon-498,1
TCH00181,Amit Chaudhary,55,Science,11,8,0,0,0,44,0,SCH0065,Govt. High School Ghaziabad-65,0
TCH00182,Radha Yadav,27,Sanskrit,4,3,4,0,0,411,0,SCH0350,Govt. Middle School Jaipur-350,0
TCH00183,Meena Bansal,46,Geography,12,10,3,1,1,132,0,SCH0322,Govt. High School Central-322,1
TCH00184,Ashok Jain,43,Physical Education,18,11,14,0,0,16,0,SCH0133,Govt. High School East-133,1
TCH00185,Vikram Gupta,30,Chemistry,2,1,1,1,0,338,0,SCH0469,Govt. High School Gurgaon-469,1
TCH00186,Lakshmi Menon,31,Physics,8,4,0,0,1,215,1,SCH0285,Govt. Middle School Kanpur-285,1
TCH00187,Seema Nair,54,Biology,9,2,9,0,0,307,0,SCH0439,Govt. Senior Secondary School Kota-439,0
TCH00188,Rajesh Aggarwal,56,Physical Education,27,2,14,0,1,45,0,SCH0470,Govt. High School Bikaner-470,1
TCH00189,Anita Nair,61,Art,22,18,13,0,0,221,0,SCH0320,Govt. Primary School Udaipur-320,1
TCH00190,Kavita Chaudhary,29,English,5,4,4,0,0,239,1,SCH0215,Govt. Middle School Ghaziabad-215,1
TCH00191,Vikas Pillai,34,Geography,6,1,3,1,1,319,1,SCH0076,Govt. High School Jodhpur-76,1
TCH00192,Suresh Jain,35,Science,11,5,8,1,0,357,0,SCH0389,Govt. Middle School Gurgaon-389,1
TCH00193,Suresh Aggarwal,49,Social Science,6,4,3,1,1,353,0,SCH0289,Govt. Middle School Central-289,1
TCH00194,Sunil Mittal,39,Physics,2,2,2,0,0,477,1,SCH0445,Govt. Middle School Central-445,0
TCH00195,Pankaj Tiwari,53,Chemistry,1,1,0,1,0,87,1,SCH0450,Govt. High School Kanpur-450,0
TCH00196,Pushpa Pillai,52,Geography,22,12,8,1,0,475,1,SCH0336,Govt. Senior Secondary School Ghaziabad-336,1
TCH00197,Amit Patel,44,Social Science,10,8,1,0,0,277,0,SCH0243,Govt. Middle School Kanpur-243,1
TCH00198,Meena Iyer,52,Geography,3,1,0,0,0,247,1,SCH0207,Govt. Middle School Varanasi-207,0
TCH00199,Lakshmi Verma,57,Chemistry,1,1,1,0,0,322,0,SCH0349,Govt. High School Faridabad-349,0
TCH00200,Usha Bhat,53,Hindi,3,3,0,0,0,16,1,SCH0456,Govt. Senior Secondary School Ghaziabad-456,0
TCH00201,Mukesh Jain,52,Social Science,20,18,3,1,1,153,1,SCH0026,Govt. High School South-26,1
TCH00202,Shanti Sharma,46,Physics,10,9,8,0,1,277,1,SCH0460,Govt. High School Ghaziabad-460,1
TCH00203,Rekha Joshi,52,Social Science,4,1,2,0,0,75,1,SCH0419,Govt. Primary School Central-419,0
TCH00204,Pushpa Garg,42,Physical Education,13,12,6,1,1,39,0,SCH0432,Govt. Middle School Jodhpur-432,1
TCH00205,Suresh Garg,37,Hindi,4,3,1,1,0,108,0,SCH0351,Govt. High School Ghaziabad-351,0
TCH00206,Rekha Kaur,42,Biology,16,7,13,0,0,323,0,SCH0069,Govt. Primary School West-69,1
TCH00207,Ashok Tiwari,58,Physical Education,1,1,0,0,0,446,0,SCH0397,Govt. Senior Secondary School Udaipur-397,0
TCH00208,Ajay Reddy,57,Science,29,10,3,0,0,470,0,SCH0214,Govt. High School East-214,1
TCH00209,Yogesh Yadav,46,Sanskrit,13,5,13,0,0,248,0,SCH0097,Govt. Primary School Central-97,1
TCH00210,Pushpa Malhotra,29,History,5,1,1,0,0,84,0,SCH0209,Govt. High School Noida-209,0
TCH00211,Shanti Bansal,26,Mathematics,3,2,2,0,0,498,0,SCH0445,Govt. Middle School Central-445,0
TCH00212,Arun Gupta,28,Social Science,5,2,1,1,0,111,1,SCH0264,Govt. Primary School Udaipur-264,0
TCH00213,Harish Shukla,37,English,9,6,3,1,0,212,0,SCH0364,Govt. Primary School North-364,1
TCH00214,Kamla Mittal,31,Geography,1,1,1,0,0,201,0,SCH0400,Govt. Senior Secondary School Jodhpur-400,0
TCH00215,Pooja Yadav,57,Sanskrit,9,1,9,0,0,47,0,SCH0015,Govt. Primary School Noida-15,0
TCH00216,Sunita Mishra,48,Mathematics,21,5,5,1,0,50,0,SCH0103,Govt. Middle School Faridabad-103,1
TCH00217,Sunita Jain,47,Physics,2,2,2,1,0,0,0,SCH0234,Govt. High School Agra-234,0
TCH00218,Sanjay Tiwari,40,Physics,2,1,0,0,0,261,0,SCH0361,Govt. High School South-361,0
TCH00219,Savita Nair,26,Chemistry,1,1,0,1,0,108,1,SCH0422,Govt. Primary School Varanasi-422,0
TCH00220,Kavita Naidu,24,Mathematics,1,1,0,0,0,31,0,SCH0326,Govt. Middle School Varanasi-326,0
TCH00221,Shanti Rao,27,Geography,2,1,2,1,0,77,1,SCH0124,Govt. High School Ghaziabad-124,0
TCH00222,Pooja Garg,37,Biology,2,1,2,0,0,338,1,SCH0229,Govt. High School Agra-229,0
TCH00223,Devika Dubey,56,Physics,19,1,4,1,0,12,1,SCH0301,Govt. High School New-301,1
TCH00224,Mahesh Kaur,58,Sanskrit,19,12,10,1,0,94,0,SCH0084,Govt. Primary School West-84,1
TCH00225,Anita Joshi,46,Mathematics,2,2,1,1,0,6,0,SCH0353,Govt. High School West-353,0
TCH00226,Sunita Patel,26,Sanskrit,2,2,2,1,0,463,0,SCH0198,Govt. Senior Secondary School Varanasi-198,1
TCH00227,Nita Garg,56,Hindi,12,5,10,0,0,389,0,SCH0293,Govt. High School Jaipur-293,1
TCH00228,Ramesh Naidu,51,Hindi,14,5,5,0,0,49,0,SCH0332,Govt. Primary School Agra-332,1
TCH00229,Pankaj Nair,42,Mathematics,5,3,1,0,0,288,0,SCH0138,Govt. Middle School Bikaner-138,0
TCH00230,Rajesh Rao,30,English,7,7,5,1,0,476,0,SCH0443,Govt. High School Udaipur-443,1
TCH00231,Pooja Iyer,52,Art,24,18,14,0,1,217,0,SCH0332,Govt. Primary School Agra-332,1
TCH00232,Ramesh Tiwari,33,Geography,1,1,1,1,0,317,0,SCH0005,Govt. Primary School New-5,1
TCH00233,Rekha Bhat,41,Physical Education,9,1,0,0,0,265,0,SCH0413,Govt. High School Ajmer-413,0
TCH00234,Seema Chaudhary,58,Chemistry,16,2,11,0,0,153,0,SCH0330,Govt. High School Varanasi-330,0
TCH00235,Dinesh Chauhan,50,Social Science,15,6,3,0,0,107,0,SCH0437,Govt. Primary School Varanasi-437,1
TCH00236,Savita Joshi,58,Computer Science,2,2,0,0,1,206,0,SCH0112,Govt. Primary School Bikaner-112,1
TCH00237,Saroj Shukla,32,Geography,1,1,1,0,0,99,0,SCH0267,Govt. Senior Secondary School Bikaner-267,0
TCH00238,Rajesh Nair,25,Computer Science,1,1,1,1,0,265,0,SCH0053,Govt. Senior Secondary School Ghaziabad-53,1
TCH00239,Shanti Menon,45,Computer Science,19,16,4,0,0,97,0,SCH0495,Govt. Senior Secondary School Faridabad-495,1
TCH00240,Ajay Joshi,51,Social Science,1,1,0,0,1,136,0,SCH0305,Govt. Primary School Noida-305,0
TCH00241,Suresh Rao,24,Science,1,1,1,0,0,105,1,SCH0351,Govt. High School Ghaziabad-351,0
TCH00242,Seema Reddy,29,Physics,6,1,1,0,0,418,1,SCH0173,Govt. High School Gurgaon-173,0
TCH00243,Seema Tiwari,44,Computer Science,15,15,3,0,0,409,1,SCH0442,Govt. High School Gurgaon-442,1
TCH00244,Rekha Yadav,51,English,17,11,8,1,0,492,0,SCH0365,Govt. Senior Secondary School Ajmer-365,1
TCH00245,Geeta Mittal,46,Mathematics,15,4,14,0,0,365,0,SCH0265,Govt. Middle School Gurgaon-265,1
TCH00246,Ajay Shukla,57,Computer Science,11,2,2,0,0,15,0,SCH0413,Govt. High School Ajmer-413,0
TCH00247,Deepak Kaur,33,Mathematics,2,2,2,1,1,76,1,SCH0164,Govt. Senior Secondary School Agra-164,1
TCH00248,Pushpa Joshi,26,Social Science,2,2,0,0,1,263,0,SCH0336,Govt. Senior Secondary School Ghaziabad-336,1
TCH00249,Pankaj Shukla,40,Chemistry,9,6,8,0,0,352,1,SCH0465,Govt. Middle School Kota-465,1
TCH00250,Amit Pillai,32,Physical Education,2,2,2,0,0,362,0,SCH0378,Govt. High School Udaipur-378,0
TCH00251,Sanjay Pandey,61,Physical Education,15,12,1,1,0,138,0,SCH0293,Govt. High School Jaipur-293,1
TCH00252,Ramesh Naidu,36,History,4,2,4,0,0,475,0,SCH0366,Govt. Senior Secondary School East-366,0
TCH00253,Mukesh Jain,26,Computer Science,2,2,1,0,1,340,0,SCH0327,Govt. High School Faridabad-327,1
TCH00254,Harish Joshi,28,Sanskrit,1,1,1,1,0,450,1,SCH0184,Govt. Primary School Central-184,1
TCH00255,Devika Patel,43,Social Science,19,3,3,0,0,443,0,SCH0088,Govt. High School Ghaziabad-88,1
TCH00256,Mukesh Kumar,46,Physical Education,21,13,6,0,0,388,0,SCH0050,Govt. Senior Secondary School Ajmer-50,1
TCH00257,Devika Malhotra,39,English,1,1,0,0,0,498,1,SCH0133,Govt. High School East-133,0
TCH00258,Usha Reddy,45,Science,9,6,4,1,0,470,0,SCH0485,Govt. Senior Secondary School New-485,1
TCH00259,Dinesh Mishra,53,Physical Education,25,9,12,0,0,159,0,SCH0114,Govt. Middle School Bikaner-114,1
TCH00260,Rekha Chaudhary,46,Art,13,1,6,0,0,133,1,SCH0447,Govt. Middle School East-447,0
TCH00261,Usha Dubey,53,Social Science,22,1,13,0,0,425,1,SCH0455,Govt. Senior Secondary School Ajmer-455,1
TCH00262,Vinod Chauhan,33,Sanskrit,3,2,0,0,0,166,0,SCH0300,Govt. Primary School Central-300,0
TCH00263,Mukesh Verma,42,Sanskrit,15,14,11,0,1,136,0,SCH0061,Govt. Primary School Kota-61,1
TCH00264,Anita Pillai,56,Geography,19,3,9,0,0,412,0,SCH0325,Govt. Primary School Udaipur-325,1
TCH00265,Mukesh Mittal,36,Hindi,6,1,1,0,1,47,0,SCH0037,Govt. High School Jaipur-37,0
TCH00266,Kavita Garg,52,Computer Science,7,2,0,0,0,304,0,SCH0257,Govt. Middle School West-257,0
TCH00267,Kamla Joshi,24,Chemistry,1,1,0,0,0,250,0,SCH0196,Govt. Middle School Jaipur-196,0
TCH00268,Meena Kumar,38,Hindi,13,5,10,1,0,24,1,SCH0028,Govt. High School Varanasi-28,1
TCH00269,Pankaj Pillai,32,Biology,8,8,0,0,0,424,0,SCH0176,Govt. Middle School Udaipur-176,0
TCH00270,Ashok Garg,30,Physical Education,6,5,2,1,0,270,0,SCH0074,Govt. Middle School Ajmer-74,1
TCH00271,Anita Rao,53,Physics,25,8,1,1,0,223,0,SCH0093,Govt. Primary School Kanpur-93,1
TCH00272,Pooja Pandey,29,Computer Science,4,3,0,1,0,115,0,SCH0324,Govt. Middle School Central-324,0
TCH00273,Rajesh Chauhan,41,Social Science,2,1,0,1,0,220,0,SCH0030,Govt. High School North-30,1
TCH00274,Arun Pillai,52,Art,3,3,2,0,0,58,1,SCH0108,Govt. Senior Secondary School Agra-108,0
TCH00275,Pushpa Aggarwal,27,Art,3,3,1,0,1,413,0,SCH0082,Govt. Primary School West-82,1
TCH00276,Anita Kumar,32,Geography,2,1,2,0,0,200,0,SCH0400,Govt. Senior Secondary School Jodhpur-400,0
TCH00277,Radha Shukla,60,Chemistry,32,17,2,1,0,28,0,SCH0223,Govt. Middle School Gurgaon-223,1
TCH00278,Mukesh Shukla,51,Mathematics,9,6,9,1,0,386,0,SCH0495,Govt. Senior Secondary School Faridabad-495,1
TCH00279,Sunil Yadav,49,Physical Education,4,2,4,0,0,331,0,SCH0020,Govt. Senior Secondary School Kota-20,0
TCH00280,Rajesh Mittal,36,Physics,11,6,7,0,0,236,0,SCH0192,Govt. High School Faridabad-192,1
TCH00281,Kamla Yadav,53,Mathematics,30,12,9,0,0,80,0,SCH0388,Govt. Senior Secondary School Noida-388,1
TCH00282,Rajesh Reddy,35,Physical Education,3,2,2,1,0,383,0,SCH0347,Govt. Senior Secondary School Ghaziabad-347,1
TCH00283,Ramesh Bhat,26,Physics,2,1,1,0,0,479,0,SCH0128,Govt. High School Bikaner-128,0
TCH00284,Deepak Singh,36,Chemistry,11,4,6,0,0,462,1,SCH0160,Govt. Middle School Faridabad-160,1
TCH00285,Anita Joshi,55,English,23,6,7,0,0,203,0,SCH0258,Govt. Primary School Faridabad-258,1
TCH00286,Amit Joshi,31,Social Science,1,1,0,0,0,404,1,SCH0034,Govt. Middle School Varanasi-34,0
TCH00287,Kamla Iyer,38,History,5,4,5,1,0,55,0,SCH0234,Govt. High School Agra-234,1
TCH00288,Radha Mittal,52,Computer Science,7,5,5,0,0,480,0,SCH0173,Govt. High School Gurgaon-173,1
TCH00289,Usha Mittal,61,Biology,27,12,10,1,0,60,1,SCH0069,Govt. Primary School West-69,1
TCH00290,Sanjay Patel,50,Art,3,3,2,0,0,290,0,SCH0184,Govt. Primary School Central-184,0
TCH00291,Priya Mishra,44,Hindi,19,11,13,0,0,290,0,SCH0207,Govt. Middle School Varanasi-207,1
TCH00292,Deepak Yadav,54,Physical Education,14,8,1,1,0,182,1,SCH0373,Govt. Senior Secondary School Varanasi-373,1
TCH00293,Anita Nair,58,English,3,1,0,0,0,67,1,SCH0012,Govt. High School East-12,0
TCH00294,Shanti Bhat,42,Computer Science,11,2,9,0,0,47,0,SCH0064,Govt. High School Jodhpur-64,0
TCH00295,Amit Shukla,47,Computer Science,11,2,6,0,0,388,1,SCH0406,Govt. High School Gurgaon-406,1
TCH00296,Sunil Iyer,35,Mathematics,2,2,1,1,0,408,0,SCH0131,Govt. Senior Secondary School New-131,1
TCH00297,Sunita Naidu,55,Science,11,2,10,1,0,470,1,SCH0305,Govt. Primary School Noida-305,1
TCH00298,Priya Verma,28,Physical Education,1,1,0,1,0,457,0,SCH0335,Govt. Primary School Noida-335,1
TCH00299,Pankaj Chauhan,24,Chemistry,1,1,1,1,0,103,1,SCH0060,Govt. High School Noida-60,0
TCH00300,Devika Tiwari,45,Biology,18,15,0,1,0,403,0,SCH0064,Govt. High School Jodhpur-64,1
TCH00301,Meena Yadav,56,Physical Education,15,12,7,1,1,130,0,SCH0360,Govt. Senior Secondary School Bikaner-360,1
TCH00302,Rajesh Joshi,49,Chemistry,13,13,1,0,0,291,0,SCH0352,Govt. Middle School Varanasi-352,1
TCH00303,Suresh Naidu,34,History,8,4,7,0,0,28,0,SCH0339,Govt. Middle School Kota-339,0
TCH00304,Saroj Iyer,53,Physical Education,17,16,13,1,0,44,1,SCH0139,Govt. Senior Secondary School Ajmer-139,1
TCH00305,Pankaj Bansal,50,Science,21,9,2,0,0,464,0,SCH0071,Govt. Middle School Bikaner-71,1
TCH00306,Saroj Singh,31,Social Science,7,7,4,0,0,230,0,SCH0262,Govt. High School Jodhpur-262,1
TCH00307,Suresh Rao,35,Hindi,1,1,0,1,1,402,0,SCH0059,Govt. Senior Secondary School Central-59,1
TCH00308,Sanjay Malhotra,57,Social Science,7,4,1,0,0,357,1,SCH0312,Govt. Primary School Kanpur-312,0
TCH00309,Kamla Yadav,55,Physics,20,15,4,0,1,295,0,SCH0426,Govt. High School Jodhpur-426,1
TCH00310,Pankaj Joshi,46,English,8,3,7,0,0,137,0,SCH0361,Govt. High School South-361,0
TCH00311,Devika Rao,59,Hindi,13,4,4,0,1,337,0,SCH0021,Govt. Middle School Faridabad-21,1
TCH00312,Mukesh Pandey,47,Hindi,24,2,14,0,0,95,0,SCH0353,Govt. High School West-353,0
TCH00313,Rajesh Naidu,61,Science,10,8,7,0,0,445,1,SCH0002,Govt. Senior Secondary School Kota-2,1
TCH00314,Kavita Bansal,24,Geography,1,1,0,1,0,438,0,SCH0465,Govt. Middle School Kota-465,1
TCH00315,Pushpa Kumar,57,Science,9,6,8,0,0,423,0,SCH0343,Govt. Senior Secondary School Central-343,1
TCH00316,Harish Gupta,38,Physical Education,15,15,6,1,1,392,1,SCH0400,Govt. Senior Secondary School Jodhpur-400,1
TCH00317,Suresh Mittal,49,Social Science,21,18,12,1,0,427,0,SCH0371,Govt. Primary School Ghaziabad-371,1
TCH00318,Ramesh Chauhan,30,Social Science,1,1,0,1,0,294,0,SCH0330,Govt. High School Varanasi-330,1
TCH00319,Savita Verma,48,Science,8,5,0,1,0,76,0,SCH0136,Govt. Middle School Ghaziabad-136,1
TCH00320,Pooja Garg,49,Mathematics,14,6,3,1,1,332,0,SCH0417,Govt. Primary School New-417,1
TCH00321,Vinod Dubey,61,Art,28,3,11,0,0,207,0,SCH0437,Govt. Primary School Varanasi-437,1
TCH00322,Ashok Chaudhary,61,Physical Education,8,7,7,0,0,31,1,SCH0347,Govt. Senior Secondary School Ghaziabad-347,1
TCH00323,Suresh Garg,26,Art,3,1,2,1,0,189,1,SCH0060,Govt. High School Noida-60,0
TCH00324,Amit Sharma,54,Sanskrit,30,7,14,0,0,126,0,SCH0456,Govt. Senior Secondary School Ghaziabad-456,1
TCH00325,Arun Pandey,43,Physics,20,13,0,0,0,398,0,SCH0071,Govt. Middle School Bikaner-71,1
TCH00326,Yogesh Iyer,47,Social Science,8,2,6,0,0,473,1,SCH0458,Govt. Primary School Udaipur-458,1
TCH00327,Anita Dubey,36,Sanskrit,7,5,0,1,0,374,0,SCH0450,Govt. High School Kanpur-450,1
TCH00328,Pooja Singh,41,Chemistry,17,7,12,1,0,93,0,SCH0176,Govt. Middle School Udaipur-176,1
TCH00329,Savita Tiwari,44,Sanskrit,21,16,6,0,0,142,1,SCH0205,Govt. Senior Secondary School East-205,1
TCH00330,Mukesh Aggarwal,33,Chemistry,5,4,5,0,0,181,1,SCH0198,Govt. Senior Secondary School Varanasi-198,0
TCH00331,Arun Singh,58,English,11,2,8,0,0,236,0,SCH0333,Govt. Middle School Kota-333,1
TCH00332,Sunita Garg,31,English,8,3,0,0,0,370,1,SCH0357,Govt. Senior Secondary School Ghaziabad-357,0
TCH00333,Pankaj Jain,54,Geography,17,1,9,1,0,406,1,SCH0054,Govt. High School West-54,1
TCH00334,Vikas Naidu,45,Biology,18,6,4,1,0,199,1,SCH0248,Govt. High School Central-248,1
TCH00335,Saroj Shukla,58,Art,11,8,0,0,0,103,1,SCH0093,Govt. Primary School Kanpur-93,0
TCH00336,Saroj Sharma,51,Sanskrit,27,17,5,1,0,449,0,SCH0184,Govt. Primary School Central-184,1
TCH00337,Deepak Rao,60,Biology,4,2,1,1,0,268,0,SCH0351,Govt. High School Ghaziabad-351,1
TCH00338,Pankaj Chauhan,55,Mathematics,17,9,3,0,1,185,0,SCH0058,Govt. Senior Secondary School Central-58,1
TCH00339,Mahesh Reddy,51,Physics,1,1,1,0,0,446,1,SCH0033,Govt. Primary School Jodhpur-33,0
TCH00340,Kamla Malhotra,47,Physical Education,16,2,3,0,0,366,0,SCH0007,Govt. Primary School South-7,1
TCH00341,Vikas Mishra,35,Computer Science,8,7,8,1,0,407,0,SCH0296,Govt. Middle School North-296,1
TCH00342,Usha Nair,32,History,4,4,1,0,0,194,1,SCH0448,Govt. Senior Secondary School West-448,0
TCH00343,Saroj Singh,39,Chemistry,1,1,0,0,0,43,0,SCH0353,Govt. High School West-353,0
TCH00344,Geeta Rao,57,Physics,23,18,3,1,0,175,0,SCH0339,Govt. Middle School Kota-339,1
TCH00345,Naresh Kumar,24,Sanskrit,1,1,1,0,0,377,0,SCH0340,Govt. High School Ajmer-340,0
TCH00346,Devika Mittal,43,Geography,17,1,3,0,0,249,0,SCH0424,Govt. Primary School Varanasi-424,1
TCH00347,Rajesh Reddy,38,English,14,9,4,0,0,69,1,SCH0028,Govt. High School Varanasi-28,1
TCH00348,Mukesh Garg,46,Biology,4,3,1,0,0,359,0,SCH0259,Govt. Primary School North-259,0
TCH00349,Arun Gupta,26,Art,2,2,0,1,0,202,1,SCH0446,Govt. Middle School Jodhpur-446,1
TCH00350,Ashok Mishra,28,Physics,2,1,0,0,0,236,0,SCH0252,Govt. Primary School Gurgaon-252,0
TCH00351,Seema Verma,28,History,1,1,0,0,0,187,0,SCH0497,Govt. High School Ghaziabad-497,0
TCH00352,Devika Reddy,34,Chemistry,7,2,4,0,0,444,0,SCH0115,Govt. High School Jodhpur-115,0
TCH00353,Geeta Gupta,51,Biology,26,9,6,1,0,494,0,SCH0207,Govt. Middle School Varanasi-207,1
TCH00354,Vikas Chauhan,54,Science,20,12,0,0,0,110,0,SCH0228,Govt. Senior Secondary School Kanpur-228,0
TCH00355,Pushpa Chauhan,44,Physics,15,1,5,0,0,7,0,SCH0439,Govt. Senior Secondary School Kota-439,0
TCH00356,Pushpa Kaur,40,Computer Science,17,13,0,1,0,428,1,SCH0061,Govt. Primary School Kota-61,1
TCH00357,Suresh Shukla,37,Chemistry,8,5,5,1,0,414,0,SCH0010,Govt. Primary School West-10,1
TCH00358,Devika Menon,58,Mathematics,6,5,5,0,0,417,0,SCH0019,Govt. Senior Secondary School Bikaner-19,1
TCH00359,Anita Aggarwal,28,Geography,2,2,1,0,0,145,0,SCH0423,Govt. Senior Secondary School Lucknow-423,0
TCH00360,Saroj Reddy,37,Social Science,14,13,6,0,0,18,1,SCH0494,Govt. Primary School West-494,1
TCH00361,Harish Menon,58,Hindi,17,3,2,0,0,121,1,SCH0456,Govt. Senior Secondary School Ghaziabad-456,0
TCH00362,Savita Pandey,47,Physics,17,7,10,1,0,163,0,SCH0336,Govt. Senior Secondary School Ghaziabad-336,1
TCH00363,Sunita Bansal,37,Hindi,5,4,2,0,1,387,0,SCH0423,Govt. Senior Secondary School Lucknow-423,1
TCH00364,Savita Pandey,51,History,13,2,2,0,0,170,0,SCH0433,Govt. High School Jodhpur-433,0
TCH00365,Saroj Iyer,25,Biology,2,1,2,0,0,463,0,SCH0393,Govt. Primary School Ajmer-393,0
TCH00366,Shanti Bhat,33,Biology,6,2,1,1,0,59,0,SCH0367,Govt. Primary School Ghaziabad-367,0
TCH00367,Suresh Malhotra,46,Computer Science,5,2,4,0,0,406,0,SCH0059,Govt. Senior Secondary School Central-59,0
TCH00368,Rajesh Pandey,41,Physics,15,8,9,0,0,211,0,SCH0114,Govt. Middle School Bikaner-114,1
TCH00369,Vinod Menon,26,History,2,1,2,1,1,451,0,SCH0425,Govt. High School Gurgaon-425,1
TCH00370,Suresh Verma,42,English,5,3,5,0,0,246,0,SCH0192,Govt. High School Faridabad-192,0
TCH00371,Deepak Bansal,26,Physical Education,1,1,1,0,0,17,0,SCH0253,Govt. Middle School Gurgaon-253,0
TCH00372,Pankaj Singh,32,Social Science,7,2,2,1,0,371,0,SCH0381,Govt. High School Jodhpur-381,1
TCH00373,Sanjay Yadav,53,Science,25,2,12,0,0,73,1,SCH0313,Govt. Middle School Ajmer-313,0
TCH00374,Lakshmi Yadav,53,Biology,23,9,8,1,0,225,0,SCH0477,Govt. Senior Secondary School Agra-477,1
TCH00375,Sanjay Bhat,34,Physics,11,5,4,1,0,208,0,SCH0423,Govt. Senior Secondary School Lucknow-423,1
TCH00376,Pankaj Verma,25,Computer Science,2,1,1,1,0,271,0,SCH0056,Govt. Senior Secondary School South-56,1
TCH00377,Anita Singh,41,Art,3,1,2,0,0,363,0,SCH0429,Govt. Middle School Central-429,0
TCH00378,Yogesh Chauhan,35,Computer Science,12,4,6,0,0,410,1,SCH0457,Govt. Senior Secondary School Ghaziabad-457,1
TCH00379,Harish Kumar,31,Biology,7,7,6,0,0,379,0,SCH0302,Govt. Senior Secondary School Ghaziabad-302,1
TCH00380,Kamla Kaur,40,Mathematics,17,4,4,0,0,291,0,SCH0003,Govt. Senior Secondary School Udaipur-3,1
TCH00381,Radha Bansal,52,Geography,15,12,4,0,0,457,0,SCH0284,Govt. Primary School Bikaner-284,1
TCH00382,Harish Malhotra,60,English,29,3,14,0,0,274,0,SCH0248,Govt. High School Central-248,1
TCH00383,Anita Patel,44,Physical Education,5,3,3,0,0,318,0,SCH0355,Govt. Senior Secondary School Ajmer-355,0
TCH00384,Deepak Singh,45,Chemistry,16,2,4,1,0,274,0,SCH0418,Govt. High School Ghaziabad-418,1
TCH00385,Ajay Iyer,36,Physics,11,6,3,1,1,419,0,SCH0337,Govt. Senior Secondary School Ghaziabad-337,1
TCH00386,Naresh Chaudhary,42,Geography,6,6,3,1,0,8,0,SCH0259,Govt. Primary School North-259,1
TCH00387,Geeta Tiwari,41,Chemistry,5,4,5,0,0,323,0,SCH0469,Govt. High School Gurgaon-469,0
TCH00388,Usha Joshi,57,Biology,13,10,8,0,1,146,0,SCH0494,Govt. Primary School West-494,1
TCH00389,Deepak Kumar,54,Chemistry,3,1,0,1,0,180,1,SCH0413,Govt. High School Ajmer-413,0
TCH00390,Harish Joshi,33,Sanskrit,2,2,0,0,0,422,1,SCH0309,Govt. Middle School Agra-309,0
TCH00391,Devika Garg,47,Physics,1,1,0,0,0,409,0,SCH0360,Govt. Senior Secondary School Bikaner-360,0
TCH00392,Devika Reddy,35,Hindi,1,1,0,0,0,46,0,SCH0365,Govt. Senior Secondary School Ajmer-365,0
TCH00393,Nita Iyer,30,Physical Education,2,2,2,0,1,170,1,SCH0103,Govt. Middle School Faridabad-103,0
TCH00394,Dinesh Jain,26,Computer Science,3,2,2,0,0,143,0,SCH0149,Govt. Primary School Central-149,0
TCH00395,Pooja Nair,53,History,20,6,11,1,0,443,1,SCH0068,Govt. Senior Secondary School South-68,1
TCH00396,Ashok Bhat,56,Science,13,8,8,1,0,245,0,SCH0356,Govt. Senior Secondary School South-356,1
TCH00397,Dinesh Menon,45,Biology,20,18,10,0,1,159,0,SCH0390,Govt. Middle School Lucknow-390,1
TCH00398,Vikas Naidu,25,Physical Education,2,2,0,0,0,351,1,SCH0299,Govt. Primary School Jaipur-299,0
TCH00399,Sunil Joshi,43,Sanskrit,7,4,1,0,0,407,0,SCH0214,Govt. High School East-214,0
TCH00400,Rajesh Nair,25,Science,1,1,0,1,0,11,0,SCH0217,Govt. Middle School Varanasi-217,0
TCH00401,Naresh Kumar,43,Mathematics,7,5,1,0,0,215,0,SCH0013,Govt. High School Kota-13,0
TCH00402,Sunita Yadav,35,Social Science,6,6,3,1,0,126,0,SCH0344,Govt. Middle School Ghaziabad-344,1
TCH00403,Arun Joshi,59,Computer Science,25,1,12,1,1,194,0,SCH0385,Govt. Senior Secondary School Noida-385,1
TCH00404,Meena Bansal,39,Mathematics,11,5,3,0,0,230,0,SCH0129,Govt. Senior Secondary School Ghaziabad-129,1
TCH00405,Vinod Yadav,29,Art,4,4,0,1,0,198,0,SCH0354,Govt. Middle School North-354,0
TCH00406,Amit Dubey,38,Sanskrit,12,1,8,0,0,260,0,SCH0278,Govt. Senior Secondary School Lucknow-278,1
TCH00407,Suresh Iyer,46,Sanskrit,8,8,0,0,0,475,0,SCH0232,Govt. High School Bikaner-232,0
TCH00408,Devika Garg,46,Hindi,8,5,3,0,0,325,1,SCH0346,Govt. Primary School South-346,1
TCH00409,Devika Shukla,54,Hindi,22,2,12,1,0,71,0,SCH0381,Govt. High School Jodhpur-381,1
TCH00410,Vinod Bhat,43,Computer Science,12,7,10,1,1,458,0,SCH0262,Govt. High School Jodhpur-262,1
TCH00411,Naresh Shukla,49,Chemistry,16,3,3,0,0,57,0,SCH0025,Govt. Middle School North-25,0
TCH00412,Ashok Menon,24,Mathematics,1,1,0,0,0,7,0,SCH0490,Govt. Middle School Lucknow-490,0
TCH00413,Mahesh Yadav,56,Geography,3,3,0,0,0,108,0,SCH0007,Govt. Primary School South-7,0
TCH00414,Yogesh Bansal,27,Hindi,3,2,2,1,0,140,0,SCH0445,Govt. Middle School Central-445,0
TCH00415,Shanti Malhotra,45,Geography,20,15,4,1,0,455,0,SCH0467,Govt. High School Jaipur-467,1
TCH00416,Ajay Yadav,49,Art,16,3,9,0,0,136,0,SCH0280,Govt. Middle School Udaipur-280,0
TCH00417,Sanjay Joshi,42,Biology,16,7,2,0,0,461,0,SCH0372,Govt. High School Lucknow-372,1
TCH00418,Vikram Patel,50,English,11,6,1,0,0,429,0,SCH0091,Govt. High School South-91,1
TCH00419,Harish Singh,51,Chemistry,1,1,0,1,0,373,1,SCH0377,Govt. Middle School Agra-377,1
TCH00420,Radha Tiwari,30,History,3,3,0,1,0,357,0,SCH0021,Govt. Middle School Faridabad-21,1
TCH00421,Deepak Patel,60,Geography,24,16,8,1,0,53,0,SCH0136,Govt. Middle School Ghaziabad-136,1
TCH00422,Mahesh Sharma,27,Physics,3,1,2,0,0,437,0,SCH0434,Govt. High School West-434,0
TCH00423,Meena Verma,46,English,18,11,14,0,0,28,0,SCH0239,Govt. Senior Secondary School Central-239,1
TCH00424,Ashok Iyer,59,Mathematics,14,14,2,1,1,207,0,SCH0476,Govt. Primary School East-476,1
TCH00425,Saroj Bansal,52,Computer Science,13,8,8,0,0,46,0,SCH0397,Govt. Senior Secondary School Udaipur-397,1
TCH00426,Pushpa Aggarwal,61,Geography,23,10,6,0,1,168,0,SCH0155,Govt. Primary School Gurgaon-155,1
TCH00427,Dinesh Gupta,30,Art,5,2,5,1,0,235,0,SCH0282,Govt. Middle School East-282,1
TCH00428,Ashok Nair,57,Hindi,4,1,3,0,0,0,0,SCH0363,Govt. Primary School Central-363,0
TCH00429,Pooja Nair,32,Science,3,1,3,1,0,122,0,SCH0490,Govt. Middle School Lucknow-490,1
TCH00430,Harish Patel,55,Chemistry,14,9,1,0,0,354,0,SCH0403,Govt. High School Varanasi-403,1
TCH00431,Sunil Shukla,54,Science,4,1,0,0,0,431,0,SCH0279,Govt. Primary School Kanpur-279,0
TCH00432,Ramesh Mittal,27,Hindi,2,2,1,0,0,221,0,SCH0179,Govt. Middle School North-179,0
TCH00433,Usha Pandey,49,Physics,21,7,12,0,0,86,0,SCH0340,Govt. High School Ajmer-340,1
TCH00434,Nita Malhotra,29,Geography,6,4,5,0,0,253,1,SCH0151,Govt. High School Kanpur-151,1
TCH00435,Mukesh Menon,56,Sanskrit,10,5,5,0,0,245,0,SCH0272,Govt. Middle School East-272,1
TCH00436,Rajesh Singh,52,Computer Science,1,1,0,0,0,179,0,SCH0386,Govt. Senior Secondary School South-386,0
TCH00437,Yogesh Mishra,41,Computer Science,3,3,2,0,0,185,0,SCH0178,Govt. Middle School Kota-178,0
TCH00438,Saroj Mishra,54,Mathematics,26,11,3,0,0,97,1,SCH0315,Govt. Primary School Udaipur-315,1
TCH00439,Ashok Shukla,45,Art,2,2,2,0,0,184,0,SCH0350,Govt. Middle School Jaipur-350,0
TCH00440,Kavita Shukla,39,Social Science,15,14,6,0,0,118,0,SCH0484,Govt. Middle School Lucknow-484,1
TCH00441,Vinod Sharma,45,History,5,5,1,0,0,250,0,SCH0277,Govt. Primary School Udaipur-277,0
TCH00442,Shanti Nair,38,Art,7,5,2,0,0,347,0,SCH0421,Govt. Middle School Jaipur-421,0
TCH00443,Yogesh Rao,58,Mathematics,6,4,6,1,1,66,0,SCH0261,Govt. Middle School West-261,1
TCH00444,Sanjay Pandey,43,History,15,4,2,0,0,342,0,SCH0152,Govt. Middle School Agra-152,0
TCH00445,Suresh Patel,26,Art,1,1,1,0,0,326,0,SCH0043,Govt. Senior Secondary School Ajmer-43,0
TCH00446,Sunil Sharma,61,Computer Science,34,9,5,0,0,0,0,SCH0276,Govt. High School South-276,1
TCH00447,Nita Naidu,39,Computer Science,14,8,7,0,1,344,0,SCH0034,Govt. Middle School Varanasi-34,1
TCH00448,Nita Garg,49,Computer Science,14,14,8,0,0,133,0,SCH0397,Govt. Senior Secondary School Udaipur-397,1
TCH00449,Suresh Yadav,48,History,18,13,10,0,0,443,0,SCH0218,Govt. Primary School Lucknow-218,1
TCH00450,Radha Reddy,51,Sanskrit,19,15,8,0,0,480,0,SCH0425,Govt. High School Gurgaon-425,1
TCH00451,Vikram Kaur,57,Computer Science,3,2,3,0,1,486,0,SCH0482,Govt. Primary School Jaipur-482,1
TCH00452,Priya Chauhan,36,Physical Education,5,1,3,0,0,65,0,SCH0079,Govt. Senior Secondary School North-79,0
TCH00453,Amit Gupta,35,Science,2,1,0,0,0,486,0,SCH0170,Govt. Primary School Kanpur-170,0
TCH00454,Pooja Aggarwal,37,Social Science,6,5,3,0,0,426,1,SCH0028,Govt. High School Varanasi-28,1
TCH00455,Vikram Pillai,46,Sanskrit,22,19,1,1,0,443,0,SCH0286,Govt. Primary School Bikaner-286,1
TCH00456,Mahesh Chaudhary,42,Chemistry,17,5,9,1,0,167,0,SCH0117,Govt. Middle School Ghaziabad-117,1
TCH00457,Lakshmi Chaudhary,36,Physics,7,4,5,0,0,418,0,SCH0231,Govt. Senior Secondary School Gurgaon-231,0
TCH00458,Naresh Naidu,31,Science,4,3,4,0,0,488,0,SCH0009,Govt. Middle School Gurgaon-9,0
TCH00459,Rajesh Reddy,46,Physical Education,19,11,10,0,0,490,0,SCH0274,Govt. High School Agra-274,1
TCH00460,Vikram Malhotra,38,Physical Education,1,1,0,0,0,300,0,SCH0317,Govt. Middle School Jodhpur-317,0
TCH00461,Amit Bhat,47,Sanskrit,19,15,7,0,0,431,0,SCH0300,Govt. Primary School Central-300,1
TCH00462,Dinesh Jain,29,History,3,1,0,0,0,89,0,SCH0038,Govt. Senior Secondary School Kota-38,0
TCH00463,Vinod Aggarwal,36,Computer Science,1,1,0,0,1,91,0,SCH0055,Govt. Middle School Noida-55,0
TCH00464,Ajay Gupta,25,Social Science,1,1,1,0,0,248,0,SCH0155,Govt. Primary School Gurgaon-155,0
TCH00465,Yogesh Shukla,29,Chemistry,5,3,5,0,0,372,0,SCH0392,Govt. High School South-392,0
TCH00466,Priya Rao,47,English,19,18,0,0,0,34,1,SCH0421,Govt. Middle School Jaipur-421,0
TCH00467,Ramesh Kumar,59,Physical Education,25,13,0,1,0,344,0,SCH0274,Govt. High School Agra-274,1
TCH00468,Sunil Joshi,52,Computer Science,19,19,8,1,1,128,0,SCH0201,Govt. Primary School Bikaner-201,1
TCH00469,Rekha Naidu,56,Art,16,12,7,0,0,380,0,SCH0074,Govt. Middle School Ajmer-74,1
TCH00470,Shanti Sharma,44,History,6,1,2,0,0,29,1,SCH0444,Govt. Senior Secondary School Varanasi-444,0
TCH00471,Devika Kumar,41,Science,9,4,7,1,0,387,0,SCH0448,Govt. Senior Secondary School West-448,1
TCH00472,Rajesh Pillai,38,Geography,3,1,3,1,0,78,0,SCH0022,Govt. Primary School New-22,1
TCH00473,Sunil Menon,25,Science,1,1,0,0,0,188,0,SCH0202,Govt. High School West-202,0
TCH00474,Nita Kaur,31,Physical Education,3,3,1,0,0,266,0,SCH0157,Govt. Senior Secondary School Jodhpur-157,0
TCH00475,Dinesh Yadav,36,Chemistry,4,4,4,1,0,72,1,SCH0463,Govt. Primary School Jaipur-463,1
TCH00476,Harish Kumar,25,English,2,2,2,0,0,340,1,SCH0464,Govt. Middle School Gurgaon-464,0
TCH00477,Ramesh Iyer,37,Sanskrit,10,3,4,1,0,433,0,SCH0095,Govt. Primary School New-95,1
TCH00478,Sanjay Singh,40,English,13,2,8,1,0,105,1,SCH0130,Govt. High School East-130,1
TCH00479,Vikas Garg,26,Mathematics,2,1,1,0,0,324,0,SCH0344,Govt. Middle School Ghaziabad-344,0
TCH00480,Devika Chauhan,42,Computer Science,15,14,7,1,0,491,1,SCH0436,Govt. High School Jodhpur-436,1
TCH00481,Vikram Joshi,37,Computer Science,1,1,0,1,0,466,1,SCH0282,Govt. Middle School East-282,1
TCH00482,Mahesh Singh,39,Hindi,15,6,7,1,0,79,1,SCH0035,Govt. Primary School South-35,1
TCH00483,Anita Rao,40,Physics,13,13,6,1,0,408,1,SCH0372,Govt. High School Lucknow-372,1
TCH00484,Deepak Naidu,41,Computer Science,6,5,5,0,0,151,0,SCH0183,Govt. Senior Secondary School Jodhpur-183,0
TCH00485,Suresh Joshi,57,Geography,28,3,10,1,0,89,0,SCH0121,Govt. Middle School Ajmer-121,1
TCH00486,Sanjay Pandey,53,Biology,27,8,2,1,0,58,1,SCH0036,Govt. Primary School Noida-36,1
TCH00487,Usha Iyer,24,Computer Science,1,1,0,1,0,195,0,SCH0231,Govt. Senior Secondary School Gurgaon-231,0
TCH00488,Anita Kumar,26,Geography,2,1,2,1,0,229,0,SCH0157,Govt. Senior Secondary School Jodhpur-157,1
TCH00489,Shanti Aggarwal,46,Physics,9,5,0,0,0,488,0,SCH0291,Govt. Primary School Faridabad-291,0
TCH00490,Radha Patel,40,Mathematics,3,1,3,1,0,445,0,SCH0491,Govt. Senior Secondary School Central-491,1
TCH00491,Geeta Aggarwal,37,Hindi,13,13,0,0,0,337,0,SCH0161,Govt. Middle School Kanpur-161,1
TCH00492,Radha Tiwari,37,Sanskrit,2,1,2,1,0,291,0,SCH0365,Govt. Senior Secondary School Ajmer-365,1
TCH00493,Deepak Naidu,38,Physical Education,3,2,2,1,0,487,0,SCH0185,Govt. High School Ajmer-185,1
TCH00494,Mukesh Chauhan,55,Biology,32,17,12,1,0,235,0,SCH0170,Govt. Primary School Kanpur-170,1
TCH00495,Rekha Rao,52,History,2,2,1,0,0,191,0,SCH0184,Govt. Primary School Central-184,0
TCH00496,Pooja Reddy,61,Geography,14,8,10,0,0,461,1,SCH0056,Govt. Senior Secondary School South-56,1
TCH00497,Seema Garg,53,Sanskrit,29,3,4,1,0,112,0,SCH0042,Govt. High School Jodhpur-42,1
TCH00498,Sunil Yadav,39,Social Science,10,7,1,1,0,349,0,SCH0072,Govt. Middle School Udaipur-72,1
TCH00499,Vikram Kaur,48,Science,5,5,3,0,0,164,0,SCH0376,Govt. Middle School Udaipur-376,0
TCH00500,Priya Garg,28,History,2,1,1,0,1,319,0,SCH0457,Govt. Senior Secondary School Ghaziabad-457,1
TCH00501,Priya Bansal,57,Geography,29,6,10,0,0,448,0,SCH0324,Govt. Middle School Central-324,1
TCH00502,Lakshmi Malhotra,24,Geography,1,1,1,0,0,282,0,SCH0297,Govt. Middle School East-297,0
TCH00503,Amit Menon,55,Social Science,1,1,1,0,0,187,1,SCH0109,Govt. High School Jaipur-109,0
TCH00504,Sunil Rao,39,Computer Science,2,1,1,0,0,12,0,SCH0279,Govt. Primary School Kanpur-279,0
TCH00505,Meena Dubey,36,Chemistry,1,1,0,1,0,464,1,SCH0397,Govt. Senior Secondary School Udaipur-397,1
TCH00506,Anita Kaur,46,Sanskrit,22,19,13,1,0,322,1,SCH0115,Govt. High School Jodhpur-115,1
TCH00507,Deepak Chauhan,41,History,10,7,7,0,0,67,1,SCH0149,Govt. Primary School Central-149,1
TCH00508,Anita Shukla,52,Physics,21,14,8,0,0,434,0,SCH0262,Govt. High School Jodhpur-262,1
TCH00509,Rajesh Naidu,29,Hindi,4,4,2,0,0,240,0,SCH0258,Govt. Primary School Faridabad-258,0
TCH00510,Saroj Naidu,30,English,3,2,2,0,0,61,0,SCH0435,Govt. Primary School Noida-435,0
TCH00511,Harish Kumar,45,Biology,11,4,2,0,0,30,0,SCH0388,Govt. Senior Secondary School Noida-388,0
TCH00512,Pooja Pillai,41,Geography,17,6,13,1,0,439,0,SCH0082,Govt. Primary School West-82,1
TCH00513,Meena Kaur,42,Physical Education,12,2,2,1,0,340,0,SCH0338,Govt. Primary School Faridabad-338,1
TCH00514,Dinesh Verma,60,Hindi,1,1,0,0,0,15,0,SCH0248,Govt. High School Central-248,0
TCH00515,Pushpa Mishra,49,Science,16,12,0,1,0,272,1,SCH0390,Govt. Middle School Lucknow-390,1
TCH00516,Shanti Mishra,46,Mathematics,7,4,4,0,0,301,1,SCH0136,Govt. Middle School Ghaziabad-136,1
TCH00517,Nita Nair,37,Art,14,7,2,1,0,80,0,SCH0343,Govt. Senior Secondary School Central-343,1
TCH00518,Naresh Rao,29,Biology,6,1,3,1,0,57,0,SCH0185,Govt. High School Ajmer-185,1
TCH00519,Amit Verma,41,Computer Science,6,5,0,0,0,390,0,SCH0452,Govt. High School Noida-452,0
TCH00520,Suresh Bhat,50,History,26,1,14,1,0,218,1,SCH0166,Govt. Primary School Bikaner-166,1
TCH00521,Seema Bansal,25,Physical Education,1,1,1,0,1,118,0,SCH0325,Govt. Primary School Udaipur-325,0
TCH00522,Anita Menon,52,Geography,26,3,14,0,0,96,1,SCH0135,Govt. Middle School Central-135,0
TCH00523,Naresh Reddy,46,Chemistry,7,3,1,0,0,390,1,SCH0090,Govt. Senior Secondary School Noida-90,0
TCH00524,Anita Reddy,37,Sanskrit,4,4,1,0,0,227,0,SCH0188,Govt. Middle School Kanpur-188,0
TCH00525,Kamla Tiwari,40,Chemistry,1,1,1,1,0,306,0,SCH0040,Govt. High School Jodhpur-40,1
TCH00526,Ramesh Nair,39,Chemistry,9,1,1,0,0,113,1,SCH0499,Govt. Senior Secondary School East-499,0
TCH00527,Dinesh Rao,38,Art,9,7,5,0,0,202,0,SCH0181,Govt. Middle School Kota-181,1
TCH00528,Ajay Sharma,60,History,24,8,13,0,0,228,1,SCH0247,Govt. High School New-247,1
TCH00529,Deepak Chauhan,55,English,25,9,3,1,0,367,0,SCH0452,Govt. High School Noida-452,1
TCH00530,Vikram Nair,34,Computer Science,5,5,1,1,0,364,1,SCH0118,Govt. Middle School Agra-118,1
TCH00531,Nita Kumar,43,English,5,5,1,0,1,156,0,SCH0144,Govt. Senior Secondary School Kanpur-144,1
TCH00532,Shanti Iyer,41,Physical Education,15,11,11,0,0,270,0,SCH0081,Govt. High School Gurgaon-81,1
TCH00533,Kavita Naidu,42,Hindi,14,12,0,0,0,449,1,SCH0419,Govt. Primary School Central-419,1
TCH00534,Usha Kaur,42,Science,17,12,0,0,0,130,0,SCH0213,Govt. Senior Secondary School Kanpur-213,0
TCH00535,Mukesh Rao,49,Hindi,3,1,1,0,0,399,0,SCH0247,Govt. High School New-247,0
TCH00536,Arun Reddy,24,Sanskrit,1,1,0,0,0,143,0,SCH0303,Govt. Middle School Central-303,0
TCH00537,Priya Mishra,52,Mathematics,7,4,5,0,0,232,0,SCH0211,Govt. Middle School North-211,0
TCH00538,Vikas Pillai,49,English,26,14,6,0,0,211,0,SCH0066,Govt. Middle School Kanpur-66,1
TCH00539,Harish Verma,27,Geography,1,1,1,1,0,285,0,SCH0069,Govt. Primary School West-69,1
TCH00540,Sunita Patel,49,Social Science,12,1,12,0,0,235,0,SCH0076,Govt. High School Jodhpur-76,1
TCH00541,Pooja Nair,51,Chemistry,16,4,7,0,1,78,0,SCH0473,Govt. High School Central-473,1
TCH00542,Vikas Reddy,40,Mathematics,16,12,1,0,0,386,0,SCH0307,Govt. Middle School Kanpur-307,1
TCH00543,Vinod Gupta,25,Hindi,2,2,1,0,0,237,0,SCH0450,Govt. High School Kanpur-450,0
TCH00544,Ajay Rao,59,Sanskrit,22,18,11,1,0,372,0,SCH0230,Govt. High School West-230,1
TCH00545,Arun Mishra,30,Sanskrit,3,2,3,1,0,303,0,SCH0247,Govt. High School New-247,1
TCH00546,Ajay Kumar,28,Art,3,3,3,1,0,180,0,SCH0211,Govt. Middle School North-211,1
TCH00547,Pooja Iyer,38,Computer Science,3,1,1,0,0,148,1,SCH0299,Govt. Primary School Jaipur-299,0
TCH00548,Mahesh Patel,61,Physical Education,8,2,7,1,0,13,0,SCH0262,Govt. High School Jodhpur-262,1
TCH00549,Usha Jain,61,Biology,34,9,9,1,0,445,1,SCH0352,Govt. Middle School Varanasi-352,1
TCH00550,Anita Gupta,24,Hindi,1,1,1,0,0,353,0,SCH0306,Govt. Primary School Ghaziabad-306,0
TCH00551,Naresh Kumar,45,Science,4,2,4,0,0,329,0,SCH0194,Govt. Middle School Ajmer-194,0
TCH00552,Sanjay Nair,31,Sanskrit,5,3,2,0,0,328,0,SCH0009,Govt. Middle School Gurgaon-9,0
TCH00553,Harish Naidu,34,Chemistry,5,4,1,1,0,291,0,SCH0466,Govt. Senior Secondary School Jodhpur-466,1
TCH00554,Meena Iyer,35,Science,6,2,4,1,0,477,1,SCH0424,Govt. Primary School Varanasi-424,1
TCH00555,Mukesh Mittal,47,Geography,23,7,8,0,0,245,1,SCH0091,Govt. High School South-91,1
TCH00556,Amit Mittal,45,Art,12,10,6,0,0,50,1,SCH0308,Govt. Primary School Varanasi-308,1
TCH00557,Harish Malhotra,47,Science,19,10,7,1,0,340,0,SCH0273,Govt. Middle School West-273,1
TCH00558,Mukesh Naidu,47,English,1,1,0,1,0,243,1,SCH0048,Govt. Middle School Gurgaon-48,1
TCH00559,Ajay Menon,50,Sanskrit,10,9,3,0,1,24,0,SCH0462,Govt. Primary School Noida-462,1
TCH00560,Radha Nair,57,Chemistry,23,7,7,1,0,174,0,SCH0001,Govt. Senior Secondary School West-1,1
TCH00561,Amit Bhat,57,History,20,3,2,0,0,109,0,SCH0190,Govt. High School Gurgaon-190,0
TCH00562,Ramesh Aggarwal,31,Biology,5,4,4,0,0,138,1,SCH0220,Govt. High School North-220,0
TCH00563,Naresh Dubey,49,Geography,4,1,4,1,0,402,0,SCH0405,Govt. Middle School Lucknow-405,1
TCH00564,Vikas Singh,53,Chemistry,19,16,0,0,0,391,0,SCH0412,Govt. Primary School Central-412,1
TCH00565,Mahesh Rao,28,Art,2,2,1,0,0,89,0,SCH0069,Govt. Primary School West-69,0
TCH00566,Anita Joshi,35,Geography,2,1,1,0,0,257,0,SCH0120,Govt. High School New-120,0
TCH00567,Sunil Chaudhary,30,Social Science,2,2,2,0,0,31,0,SCH0449,Govt. High School Gurgaon-449,0
TCH00568,Rajesh Bhat,36,Physical Education,5,3,1,1,0,365,0,SCH0097,Govt. Primary School Central-97,1
TCH00569,Rajesh Pillai,30,History,4,4,2,0,0,340,0,SCH0405,Govt. Middle School Lucknow-405,0
TCH00570,Kamla Sharma,27,Chemistry,3,2,0,0,0,495,0,SCH0061,Govt. Primary School Kota-61,0
TCH00571,Nita Bhat,50,Art,7,5,6,1,0,254,0,SCH0336,Govt. Senior Secondary School Ghaziabad-336,1
TCH00572,Pankaj Dubey,39,Science,15,5,9,0,0,356,0,SCH0162,Govt. Middle School Gurgaon-162,1
TCH00573,Radha Reddy,56,Geography,28,9,11,0,0,283,1,SCH0080,Govt. Primary School Jaipur-80,1
TCH00574,Mahesh Garg,28,History,2,2,1,1,1,367,1,SCH0130,Govt. High School East-130,1
TCH00575,Vikas Dubey,34,Geography,10,6,3,0,0,104,1,SCH0217,Govt. Middle School Varanasi-217,1
TCH00576,Lakshmi Malhotra,33,Hindi,9,6,4,0,0,9,0,SCH0142,Govt. Middle School New-142,0
TCH00577,Devika Aggarwal,27,History,3,2,3,1,1,459,0,SCH0212,Govt. Middle School Ghaziabad-212,1
TCH00578,Pooja Dubey,60,History,3,1,0,1,0,62,0,SCH0248,Govt. High School Central-248,0
TCH00579,Mukesh Tiwari,57,Social Science,14,4,12,0,0,206,0,SCH0285,Govt. Middle School Kanpur-285,1
TCH00580,Dinesh Malhotra,39,Physical Education,12,4,4,0,0,351,0,SCH0296,Govt. Middle School North-296,1
TCH00581,Deepak Garg,50,Sanskrit,24,3,13,1,0,48,0,SCH0204,Govt. Middle School Agra-204,1
TCH00582,Kavita Kaur,46,Hindi,22,4,0,0,0,214,0,SCH0338,Govt. Primary School Faridabad-338,0
TCH00583,Arun Singh,47,Hindi,8,7,7,0,0,438,1,SCH0229,Govt. High School Agra-229,1
TCH00584,Lakshmi Aggarwal,49,Physics,16,9,14,1,0,463,0,SCH0261,Govt. Middle School West-261,1
TCH00585,Devika Iyer,53,Physical Education,4,3,0,0,0,123,0,SCH0411,Govt. Middle School New-411,0
TCH00586,Sunita Patel,44,Chemistry,4,3,3,0,0,436,0,SCH0351,Govt. High School Ghaziabad-351,0
TCH00587,Rajesh Aggarwal,46,Science,16,5,4,0,0,332,0,SCH0494,Govt. Primary School West-494,1
TCH00588,Meena Rao,41,Geography,14,14,3,0,0,364,0,SCH0422,Govt. Primary School Varanasi-422,1
TCH00589,Anita Gupta,27,Social Science,3,2,1,0,1,41,0,SCH0223,Govt. Middle School Gurgaon-223,0
TCH00590,Shanti Gupta,28,Geography,2,2,1,1,1,178,0,SCH0114,Govt. Middle School Bikaner-114,1
TCH00591,Naresh Jain,24,Chemistry,1,1,1,1,0,29,0,SCH0020,Govt. Senior Secondary School Kota-20,0
TCH00592,Kamla Joshi,32,Physical Education,1,1,0,0,0,307,0,SCH0315,Govt. Primary School Udaipur-315,0
TCH00593,Ajay Verma,61,Art,19,4,1,0,0,96,0,SCH0494,Govt. Primary School West-494,0
TCH00594,Pooja Reddy,59,Biology,10,6,8,1,0,20,1,SCH0420,Govt. Senior Secondary School Lucknow-420,1
TCH00595,Rajesh Yadav,39,Sanskrit,8,6,6,0,0,24,1,SCH0225,Govt. Primary School Agra-225,1
TCH00596,Kamla Joshi,44,Hindi,18,15,5,1,0,352,1,SCH0337,Govt. Senior Secondary School Ghaziabad-337,1
TCH00597,Ajay Nair,26,History,2,1,2,0,0,126,0,SCH0018,Govt. High School West-18,0
TCH00598,Ramesh Iyer,43,English,20,12,12,1,0,367,1,SCH0358,Govt. Primary School Central-358,1
TCH00599,Amit Dubey,36,Hindi,1,1,0,1,0,274,1,SCH0346,Govt. Primary School South-346,1
TCH00600,Rajesh Patel,30,Science,6,2,1,1,0,282,0,SCH0336,Govt. Senior Secondary School Ghaziabad-336,1
TCH00601,Lakshmi Dubey,59,Computer Science,19,17,4,1,0,250,0,SCH0142,Govt. Middle School New-142,1
TCH00602,Lakshmi Pillai,59,Hindi,4,2,0,1,0,215,0,SCH0203,Govt. Primary School Kanpur-203,1
TCH00603,Rajesh Kaur,27,Physical Education,3,2,0,0,1,267,0,SCH0266,Govt. Primary School Varanasi-266,1
TCH00604,Anita Menon,53,Social Science,24,11,2,0,1,287,0,SCH0036,Govt. Primary School Noida-36,1
TCH00605,Devika Jain,38,Geography,12,8,11,1,0,210,0,SCH0372,Govt. High School Lucknow-372,1
TCH00606,Dinesh Bansal,43,Social Science,1,1,0,0,0,46,0,SCH0179,Govt. Middle School North-179,0
TCH00607,Ajay Yadav,55,Biology,30,7,11,0,0,415,0,SCH0116,Govt. Middle School East-116,1
TCH00608,Lakshmi Pillai,41,Mathematics,7,1,4,0,0,478,1,SCH0477,Govt. Senior Secondary School Agra-477,1
TCH00609,Pooja Chaudhary,30,History,4,2,3,0,0,200,0,SCH0134,Govt. Primary School Noida-134,0
TCH00610,Devika Gupta,58,History,18,5,13,0,1,467,0,SCH0055,Govt. Middle School Noida-55,1
TCH00611,Usha Singh,51,Art,12,2,10,0,0,303,1,SCH0151,Govt. High School Kanpur-151,1
TCH00612,Mahesh Mittal,61,History,4,3,0,0,0,139,1,SCH0263,Govt. High School Faridabad-263,0
TCH00613,Vikas Tiwari,61,Physical Education,12,7,1,1,0,107,1,SCH0417,Govt. Primary School New-417,1
TCH00614,Naresh Pillai,27,Biology,3,2,0,1,0,486,0,SCH0227,Govt. Senior Secondary School Lucknow-227,1
TCH00615,Geeta Malhotra,29,Physics,2,2,0,1,0,43,0,SCH0395,Govt. Primary School Jodhpur-395,0
TCH00616,Savita Naidu,29,Biology,2,1,1,0,1,341,1,SCH0493,Govt. High School Jaipur-493,1
TCH00617,Anita Garg,26,Mathematics,1,1,1,0,0,268,0,SCH0460,Govt. High School Ghaziabad-460,0
TCH00618,Kavita Tiwari,27,Science,2,1,0,0,0,479,1,SCH0247,Govt. High School New-247,0
TCH00619,Ramesh Naidu,50,Physical Education,13,3,4,0,1,442,0,SCH0196,Govt. Middle School Jaipur-196,1
TCH00620,Ashok Chaudhary,27,Physics,1,1,0,0,0,478,0,SCH0118,Govt. Middle School Agra-118,0
TCH00621,Sunil Sharma,48,Physical Education,8,5,3,1,0,261,0,SCH0265,Govt. Middle School Gurgaon-265,1
TCH00622,Mahesh Mishra,58,Social Science,17,9,1,0,0,307,0,SCH0427,Govt. Primary School Faridabad-427,1
TCH00623,Lakshmi Naidu,49,Physical Education,22,15,10,1,0,441,1,SCH0048,Govt. Middle School Gurgaon-48,1
TCH00624,Usha Gupta,28,History,4,3,4,0,0,267,0,SCH0421,Govt. Middle School Jaipur-421,0
TCH00625,Pooja Rao,33,Physics,1,1,0,1,0,172,0,SCH0477,Govt. Senior Secondary School Agra-477,0
TCH00626,Nita Mittal,28,Geography,2,1,1,1,0,361,1,SCH0182,Govt. Senior Secondary School Varanasi-182,1
TCH00627,Pooja Kaur,26,Computer Science,3,3,0,0,0,296,0,SCH0138,Govt. Middle School Bikaner-138,0
TCH00628,Sanjay Rao,43,Physical Education,2,2,0,0,0,44,1,SCH0477,Govt. Senior Secondary School Agra-477,0
TCH00629,Geeta Kaur,46,Hindi,14,6,5,1,0,88,0,SCH0103,Govt. Middle School Faridabad-103,1
TCH00630,Mahesh Yadav,52,Hindi,8,5,0,0,0,238,0,SCH0447,Govt. Middle School East-447,0
TCH00631,Geeta Bansal,41,Geography,6,6,4,1,0,319,0,SCH0104,Govt. High School West-104,1
TCH00632,Meena Malhotra,41,Science,1,1,1,0,0,155,0,SCH0183,Govt. Senior Secondary School Jodhpur-183,0
TCH00633,Anita Naidu,36,Computer Science,9,5,6,0,0,147,0,SCH0062,Govt. High School North-62,0
TCH00634,Saroj Sharma,50,Art,26,13,10,0,0,46,0,SCH0253,Govt. Middle School Gurgaon-253,1
TCH00635,Sunil Verma,61,Sanskrit,5,4,1,1,0,47,0,SCH0439,Govt. Senior Secondary School Kota-439,0
TCH00636,Shanti Iyer,32,Physics,6,5,1,0,1,2,1,SCH0247,Govt. High School New-247,1
TCH00637,Vikas Garg,52,Social Science,20,11,0,1,0,480,1,SCH0253,Govt. Middle School Gurgaon-253,1
TCH00638,Pooja Malhotra,54,History,6,6,1,0,0,337,1,SCH0252,Govt. Primary School Gurgaon-252,1
TCH00639,Lakshmi Mishra,58,Art,31,7,0,1,0,450,0,SCH0144,Govt. Senior Secondary School Kanpur-144,1
TCH00640,Deepak Verma,25,History,2,2,0,0,0,257,0,SCH0296,Govt. Middle School North-296,0
TCH00641,Radha Rao,61,History,31,10,1,0,0,48,0,SCH0410,Govt. Senior Secondary School South-410,0
TCH00642,Harish Dubey,26,Chemistry,2,1,1,1,0,345,1,SCH0017,Govt. Primary School Udaipur-17,1
TCH00643,Pooja Chauhan,49,Science,8,5,0,0,0,46,1,SCH0441,Govt. Senior Secondary School Varanasi-441,0
TCH00644,Kamla Chauhan,39,Physics,7,3,4,1,0,89,0,SCH0358,Govt. Primary School Central-358,1
TCH00645,Rajesh Sharma,61,Computer Science,25,11,7,0,0,319,0,SCH0353,Govt. High School West-353,1
TCH00646,Naresh Pillai,31,Science,3,2,2,0,0,263,1,SCH0108,Govt. Senior Secondary School Agra-108,0
TCH00647,Shanti Iyer,54,Sanskrit,18,16,8,0,0,284,1,SCH0167,Govt. Middle School Jaipur-167,1
TCH00648,Pooja Menon,59,Social Science,20,13,5,0,1,424,1,SCH0133,Govt. High School East-133,1
TCH00649,Seema Rao,39,Geography,6,4,5,0,1,72,0,SCH0122,Govt. High School Ghaziabad-122,0
TCH00650,Shanti Patel,50,Biology,24,13,9,0,0,475,0,SCH0176,Govt. Middle School Udaipur-176,1
TCH00651,Nita Chaudhary,46,Physical Education,5,2,1,0,0,301,0,SCH0218,Govt. Primary School Lucknow-218,0
TCH00652,Shanti Dubey,32,Sanskrit,5,3,0,0,0,152,0,SCH0386,Govt. Senior Secondary School South-386,0
TCH00653,Seema Chauhan,26,English,2,1,1,0,0,81,1,SCH0206,Govt. High School Lucknow-206,0
TCH00654,Deepak Pillai,35,Computer Science,6,5,3,1,0,64,0,SCH0293,Govt. High School Jaipur-293,1
TCH00655,Suresh Kaur,24,Social Science,1,1,0,0,0,494,1,SCH0118,Govt. Middle School Agra-118,0
TCH00656,Geeta Menon,34,Chemistry,8,6,0,0,1,23,0,SCH0412,Govt. Primary School Central-412,1
TCH00657,Naresh Yadav,39,English,8,8,0,0,1,270,0,SCH0439,Govt. Senior Secondary School Kota-439,1
TCH00658,Meena Rao,34,Art,1,1,0,0,1,324,0,SCH0410,Govt. Senior Secondary School South-410,1
TCH00659,Pooja Chaudhary,33,Biology,2,2,2,1,0,454,0,SCH0005,Govt. Primary School New-5,1
TCH00660,Kamla Menon,26,Physical Education,3,1,1,0,1,1,1,SCH0069,Govt. Primary School West-69,0
TCH00661,Pushpa Joshi,30,Social Science,4,4,1,1,0,332,0,SCH0162,Govt. Middle School Gurgaon-162,1
TCH00662,Vikas Verma,58,Chemistry,30,4,8,0,0,82,1,SCH0288,Govt. Primary School Central-288,0
TCH00663,Arun Verma,45,Hindi,11,4,4,0,0,291,0,SCH0051,Govt. Middle School Udaipur-51,1
TCH00664,Mahesh Rao,41,Sanskrit,18,16,8,0,0,99,0,SCH0417,Govt. Primary School New-417,1
TCH00665,Suresh Chauhan,52,Physical Education,22,17,11,0,0,461,0,SCH0323,Govt. Middle School Central-323,1
TCH00666,Mahesh Dubey,25,Physics,2,2,1,0,0,441,0,SCH0172,Govt. Senior Secondary School North-172,0
TCH00667,Devika Jain,43,Art,2,1,0,1,1,143,0,SCH0287,Govt. Middle School Gurgaon-287,1
TCH00668,Dinesh Sharma,52,Chemistry,7,6,6,0,0,105,0,SCH0132,Govt. High School South-132,0
TCH00669,Dinesh Garg,40,Computer Science,5,5,1,1,0,99,1,SCH0063,Govt. High School Faridabad-63,1
TCH00670,Ajay Yadav,52,Geography,29,18,13,0,0,169,0,SCH0494,Govt. Primary School West-494,1
TCH00671,Sunil Patel,52,Art,4,2,1,0,0,207,1,SCH0295,Govt. Middle School New-295,0
TCH00672,Dinesh Pandey,26,Computer Science,3,2,1,0,0,361,1,SCH0146,Govt. Middle School Central-146,0
TCH00673,Pushpa Malhotra,43,Physical Education,16,9,8,0,0,461,0,SCH0262,Govt. High School Jodhpur-262,1
TCH00674,Anita Shukla,60,Geography,8,4,1,1,0,414,0,SCH0229,Govt. High School Agra-229,1
TCH00675,Savita Reddy,55,English,1,1,1,0,0,28,1,SCH0147,Govt. High School Gurgaon-147,0
TCH00676,Arun Reddy,53,Art,9,2,2,0,0,140,1,SCH0445,Govt. Middle School Central-445,0
TCH00677,Usha Chaudhary,58,Computer Science,23,9,1,0,0,63,1,SCH0476,Govt. Primary School East-476,0
TCH00678,Vikas Shukla,25,Sanskrit,2,2,0,1,0,299,0,SCH0314,Govt. Primary School Udaipur-314,1
TCH00679,Vikram Gupta,48,English,2,1,1,0,0,54,0,SCH0465,Govt. Middle School Kota-465,0
TCH00680,Ramesh Pandey,26,Physics,2,1,1,1,0,187,0,SCH0176,Govt. Middle School Udaipur-176,0
TCH00681,Vinod Bhat,35,Social Science,1,1,1,0,0,473,0,SCH0335,Govt. Primary School Noida-335,0
TCH00682,Lakshmi Tiwari,59,Biology,22,18,10,1,0,263,1,SCH0310,Govt. Middle School West-310,1
TCH00683,Shanti Kaur,32,Geography,3,1,2,0,0,327,0,SCH0400,Govt. Senior Secondary School Jodhpur-400,0
TCH00684,Yogesh Chaudhary,50,English,8,8,2,0,0,166,1,SCH0267,Govt. Senior Secondary School Bikaner-267,0
TCH00685,Priya Kumar,56,Physical Education,19,5,2,0,1,134,0,SCH0095,Govt. Primary School New-95,1
TCH00686,Mahesh Kaur,35,Physical Education,8,5,4,1,0,21,1,SCH0121,Govt. Middle School Ajmer-121,1
TCH00687,Anita Yadav,51,English,1,1,0,0,0,241,0,SCH0384,Govt. Middle School Jaipur-384,0
TCH00688,Suresh Singh,49,Science,16,13,6,0,0,240,0,SCH0204,Govt. Middle School Agra-204,1
TCH00689,Mukesh Menon,29,Mathematics,6,2,5,0,0,424,0,SCH0480,Govt. Middle School Jodhpur-480,0
TCH00690,Lakshmi Nair,33,Art,1,1,0,0,0,461,0,SCH0014,Govt. Middle School South-14,0
TCH00691,Suresh Tiwari,29,Geography,2,1,2,0,1,431,0,SCH0043,Govt. Senior Secondary School Ajmer-43,1
TCH00692,Anita Reddy,48,Chemistry,13,5,8,0,0,8,0,SCH0080,Govt. Primary School Jaipur-80,1
TCH00693,Ramesh Mishra,25,Physical Education,1,1,0,1,1,290,0,SCH0159,Govt. High School North-159,1
TCH00694,Yogesh Reddy,29,English,1,1,0,0,1,371,1,SCH0146,Govt. Middle School Central-146,1
TCH00695,Kamla Bansal,26,English,3,1,1,0,1,91,0,SCH0068,Govt. Senior Secondary School South-68,0
TCH00696,Amit Naidu,41,Physics,12,9,1,0,0,23,0,SCH0015,Govt. Primary School Noida-15,0
TCH00697,Ashok Garg,59,Biology,11,7,9,0,0,142,0,SCH0441,Govt. Senior Secondary School Varanasi-441,1
TCH00698,Sunil Jain,39,Social Science,10,1,2,0,0,165,1,SCH0240,Govt. Senior Secondary School New-240,0
TCH00699,Yogesh Kumar,49,Physical Education,3,2,1,1,0,436,0,SCH0281,Govt. Primary School East-281,1
TCH00700,Pooja Pillai,49,Geography,18,9,5,1,0,404,1,SCH0277,Govt. Primary School Udaipur-277,1
TCH00701,Vikas Chaudhary,29,History,4,4,3,1,1,167,0,SCH0234,Govt. High School Agra-234,1
TCH00702,Sunil Joshi,26,Physics,3,2,3,0,1,68,0,SCH0328,Govt. Primary School New-328,0
TCH00703,Sunil Mishra,34,Art,5,3,2,0,0,160,0,SCH0247,Govt. High School New-247,0
TCH00704,Yogesh Joshi,60,Physics,28,11,6,0,0,26,1,SCH0046,Govt. Senior Secondary School Ajmer-46,1
TCH00705,Mahesh Kumar,60,Social Science,21,5,3,0,0,254,1,SCH0212,Govt. Middle School Ghaziabad-212,1
TCH00706,Rajesh Nair,43,Sanskrit,18,2,8,1,0,322,0,SCH0006,Govt. Senior Secondary School West-6,1
TCH00707,Deepak Dubey,28,Social Science,5,3,3,0,0,290,0,SCH0389,Govt. Middle School Gurgaon-389,0
TCH00708,Sunil Sharma,28,Physical Education,2,2,2,0,0,386,0,SCH0241,Govt. High School Udaipur-241,0
TCH00709,Pushpa Malhotra,43,Biology,5,1,1,1,0,371,0,SCH0473,Govt. High School Central-473,1
TCH00710,Rajesh Malhotra,48,Chemistry,14,14,7,0,0,487,1,SCH0154,Govt. Middle School Lucknow-154,1
TCH00711,Vinod Iyer,36,Hindi,12,11,1,1,0,324,0,SCH0409,Govt. Senior Secondary School Agra-409,1
TCH00712,Rajesh Menon,33,Physics,8,2,0,0,0,452,0,SCH0408,Govt. High School North-408,0
TCH00713,Pankaj Mittal,39,History,3,2,1,0,0,78,0,SCH0097,Govt. Primary School Central-97,0
TCH00714,Lakshmi Mishra,48,English,21,17,6,0,1,397,0,SCH0224,Govt. Primary School South-224,1
TCH00715,Naresh Bansal,53,Chemistry,19,7,7,0,0,237,0,SCH0367,Govt. Primary School Ghaziabad-367,1
TCH00716,Mahesh Gupta,41,Chemistry,9,1,5,0,0,482,0,SCH0113,Govt. High School Jodhpur-113,0
TCH00717,Geeta Nair,57,Art,20,4,9,0,1,346,1,SCH0321,Govt. Primary School West-321,1
TCH00718,Saroj Aggarwal,53,Physical Education,17,16,6,0,0,423,0,SCH0410,Govt. Senior Secondary School South-410,1
TCH00719,Seema Joshi,58,Computer Science,21,18,10,0,0,296,0,SCH0351,Govt. High School Ghaziabad-351,1
TCH00720,Sunil Aggarwal,50,Social Science,20,2,8,1,0,258,0,SCH0381,Govt. High School Jodhpur-381,1
TCH00721,Sanjay Garg,56,Science,1,1,0,0,0,462,0,SCH0212,Govt. Middle School Ghaziabad-212,0
TCH00722,Deepak Joshi,37,Science,10,6,6,0,0,471,0,SCH0094,Govt. Middle School Gurgaon-94,1
TCH00723,Savita Iyer,52,Biology,10,1,7,0,0,23,1,SCH0327,Govt. High School Faridabad-327,0
TCH00724,Saroj Rao,50,Hindi,25,18,13,0,0,226,1,SCH0140,Govt. Primary School Udaipur-140,1
TCH00725,Priya Kumar,43,Mathematics,10,6,2,0,0,234,1,SCH0165,Govt. Primary School Gurgaon-165,1
TCH00726,Sunil Sharma,54,English,17,16,6,0,0,395,0,SCH0497,Govt. High School Ghaziabad-497,1
TCH00727,Suresh Joshi,60,Social Science,15,13,1,0,0,83,0,SCH0498,Govt. Primary School Gurgaon-498,0
TCH00728,Yogesh Kaur,27,Mathematics,2,2,1,0,0,330,0,SCH0065,Govt. High School Ghaziabad-65,0
TCH00729,Anita Kumar,25,Mathematics,1,1,1,1,0,438,0,SCH0120,Govt. High School New-120,1
TCH00730,Nita Pandey,37,Chemistry,6,2,2,1,0,363,0,SCH0253,Govt. Middle School Gurgaon-253,1
TCH00731,Pushpa Dubey,37,Biology,8,4,6,0,0,14,0,SCH0160,Govt. Middle School Faridabad-160,0
TCH00732,Amit Pandey,45,Science,21,12,1,1,1,475,0,SCH0357,Govt. Senior Secondary School Ghaziabad-357,1
TCH00733,Meena Verma,32,Social Science,9,3,2,0,0,352,0,SCH0432,Govt. Middle School Jodhpur-432,0
TCH00734,Lakshmi Gupta,40,History,11,2,5,0,0,99,0,SCH0398,Govt. Senior Secondary School South-398,0
TCH00735,Pooja Yadav,25,Sanskrit,2,1,2,0,0,221,1,SCH0241,Govt. High School Udaipur-241,0
TCH00736,Naresh Bansal,53,Mathematics,17,14,5,0,0,337,0,SCH0129,Govt. Senior Secondary School Ghaziabad-129,1
TCH00737,Geeta Shukla,47,Art,6,2,6,0,0,23,0,SCH0063,Govt. High School Faridabad-63,0
TCH00738,Yogesh Mishra,35,Physical Education,9,8,6,0,1,469,0,SCH0500,Govt. Middle School Varanasi-500,1
TCH00739,Sanjay Chauhan,52,Physical Education,10,2,1,1,0,117,0,SCH0018,Govt. High School West-18,0
TCH00740,Suresh Nair,31,Computer Science,4,3,3,1,0,285,0,SCH0395,Govt. Primary School Jodhpur-395,1
TCH00741,Mukesh Shukla,49,Computer Science,25,5,1,0,0,422,0,SCH0107,Govt. Middle School Varanasi-107,1
TCH00742,Rekha Jain,51,Physics,14,5,1,1,0,363,0,SCH0493,Govt. High School Jaipur-493,1
TCH00743,Amit Kaur,30,History,6,4,4,0,0,489,1,SCH0082,Govt. Primary School West-82,1
TCH00744,Kavita Tiwari,42,Biology,16,12,10,0,0,406,1,SCH0267,Govt. Senior Secondary School Bikaner-267,1
TCH00745,Rekha Yadav,57,Physics,19,9,2,0,0,233,0,SCH0327,Govt. High School Faridabad-327,1
TCH00746,Sunita Garg,37,Computer Science,12,9,2,1,0,26,0,SCH0455,Govt. Senior Secondary School Ajmer-455,1
TCH00747,Kavita Mishra,27,Computer Science,3,3,2,1,0,205,0,SCH0112,Govt. Primary School Bikaner-112,1
TCH00748,Ashok Sharma,33,English,3,2,1,0,1,458,1,SCH0223,Govt. Middle School Gurgaon-223,1
TCH00749,Seema Pillai,35,Science,6,6,2,0,1,378,0,SCH0407,Govt. Senior Secondary School South-407,1
TCH00750,Geeta Sharma,32,Mathematics,2,1,0,1,1,199,0,SCH0203,Govt. Primary School Kanpur-203,1
TCH00751,Mukesh Bhat,56,Geography,6,4,6,1,0,154,0,SCH0298,Govt. Senior Secondary School Varanasi-298,1
TCH00752,Shanti Malhotra,56,Science,32,5,0,0,1,97,0,SCH0080,Govt. Primary School Jaipur-80,1
TCH00753,Arun Rao,46,Science,3,2,2,1,1,241,1,SCH0128,Govt. High School Bikaner-128,1
TCH00754,Saroj Pandey,47,Art,2,2,1,1,0,234,0,SCH0352,Govt. Middle School Varanasi-352,1
TCH00755,Sunita Verma,61,Physics,8,6,4,0,0,351,0,SCH0321,Govt. Primary School West-321,1
TCH00756,Meena Bhat,40,History,1,1,0,0,0,220,0,SCH0331,Govt. Senior Secondary School Jodhpur-331,0
TCH00757,Suresh Kumar,52,Biology,13,5,9,0,0,247,1,SCH0406,Govt. High School Gurgaon-406,1
TCH00758,Ashok Menon,36,Art,1,1,1,0,0,9,0,SCH0120,Govt. High School New-120,0
TCH00759,Dinesh Aggarwal,26,Biology,3,2,0,0,1,445,0,SCH0331,Govt. Senior Secondary School Jodhpur-331,1
TCH00760,Sanjay Sharma,49,Physical Education,14,7,7,0,0,387,1,SCH0376,Govt. Middle School Udaipur-376,1
TCH00761,Dinesh Kaur,35,English,8,3,3,1,0,195,1,SCH0194,Govt. Middle School Ajmer-194,1
TCH00762,Amit Rao,30,Physical Education,6,5,2,1,0,191,0,SCH0129,Govt. Senior Secondary School Ghaziabad-129,1
TCH00763,Devika Joshi,35,History,7,3,6,1,0,89,0,SCH0225,Govt. Primary School Agra-225,1
TCH00764,Pushpa Yadav,57,Geography,13,7,6,0,0,144,0,SCH0357,Govt. Senior Secondary School Ghaziabad-357,1
TCH00765,Sunil Dubey,54,Physics,29,18,11,1,0,231,0,SCH0096,Govt. Senior Secondary School Kanpur-96,1
TCH00766,Savita Tiwari,43,Sanskrit,10,5,8,0,0,269,0,SCH0375,Govt. Primary School South-375,1
TCH00767,Ajay Jain,36,Sanskrit,7,5,4,1,1,362,0,SCH0426,Govt. High School Jodhpur-426,1
TCH00768,Arun Gupta,36,History,12,11,8,0,1,326,0,SCH0284,Govt. Primary School Bikaner-284,1
TCH00769,Yogesh Joshi,26,Sanskrit,2,1,2,0,0,381,0,SCH0080,Govt. Primary School Jaipur-80,0
TCH00770,Sunil Dubey,50,Biology,1,1,1,0,0,237,0,SCH0135,Govt. Middle School Central-135,0
TCH00771,Harish Shukla,31,Physical Education,7,4,1,0,0,253,0,SCH0001,Govt. Senior Secondary School West-1,0
TCH00772,Priya Iyer,43,Sanskrit,16,1,2,0,0,37,0,SCH0095,Govt. Primary School New-95,0
TCH00773,Saroj Mishra,59,Physics,26,12,11,1,0,72,0,SCH0187,Govt. Senior Secondary School Lucknow-187,1
TCH00774,Vikram Naidu,35,History,9,7,1,1,0,235,0,SCH0370,Govt. High School Kanpur-370,1
TCH00775,Naresh Yadav,58,History,34,6,7,0,0,209,0,SCH0420,Govt. Senior Secondary School Lucknow-420,1
TCH00776,Pushpa Malhotra,48,History,20,11,9,1,0,91,0,SCH0350,Govt. Middle School Jaipur-350,1
TCH00777,Saroj Joshi,43,Physics,5,1,1,0,0,45,1,SCH0079,Govt. Senior Secondary School North-79,0
TCH00778,Ashok Singh,31,Science,3,3,1,0,0,330,0,SCH0210,Govt. Middle School West-210,0
TCH00779,Vikram Verma,56,Sanskrit,31,12,1,0,0,317,0,SCH0268,Govt. Middle School North-268,1
TCH00780,Deepak Patel,30,Sanskrit,6,1,4,0,0,417,1,SCH0481,Govt. Senior Secondary School Jaipur-481,1
TCH00781,Sanjay Singh,53,Biology,17,10,2,1,0,107,0,SCH0017,Govt. Primary School Udaipur-17,1
TCH00782,Suresh Verma,59,Geography,23,10,10,0,1,189,0,SCH0099,Govt. Senior Secondary School Faridabad-99,1
TCH00783,Naresh Naidu,59,Biology,17,8,7,0,0,274,0,SCH0329,Govt. Senior Secondary School South-329,1
TCH00784,Saroj Bhat,42,Geography,15,6,7,0,0,170,0,SCH0270,Govt. Senior Secondary School Udaipur-270,1
TCH00785,Sunita Dubey,35,Hindi,10,7,6,0,1,292,1,SCH0132,Govt. High School South-132,1
TCH00786,Vikram Sharma,48,Hindi,7,7,1,1,0,224,1,SCH0311,Govt. High School Jaipur-311,1
TCH00787,Pushpa Jain,47,Sanskrit,11,9,11,1,0,219,1,SCH0336,Govt. Senior Secondary School Ghaziabad-336,1
TCH00788,Savita Aggarwal,46,Computer Science,19,10,4,0,0,395,0,SCH0041,Govt. Primary School Faridabad-41,1
TCH00789,Shanti Menon,34,Physical Education,2,1,2,0,0,195,0,SCH0032,Govt. High School Jodhpur-32,0
TCH00790,Pankaj Bansal,25,Physics,1,1,1,1,1,404,0,SCH0481,Govt. Senior Secondary School Jaipur-481,1
TCH00791,Sunita Bansal,42,Geography,7,6,7,1,0,202,1,SCH0407,Govt. Senior Secondary School South-407,1
TCH00792,Kamla Verma,49,Physical Education,7,1,6,1,0,362,0,SCH0137,Govt. Primary School Faridabad-137,1
TCH00793,Rekha Gupta,42,Hindi,4,2,0,0,0,285,0,SCH0037,Govt. High School Jaipur-37,0
TCH00794,Kamla Singh,48,Science,1,1,0,1,0,9,0,SCH0492,Govt. High School Lucknow-492,0
TCH00795,Ramesh Menon,56,Chemistry,1,1,0,0,0,194,1,SCH0372,Govt. High School Lucknow-372,0
TCH00796,Sanjay Nair,37,Computer Science,11,1,6,0,0,409,0,SCH0098,Govt. High School Agra-98,1
TCH00797,Vikas Reddy,45,English,2,1,1,0,0,499,0,SCH0128,Govt. High School Bikaner-128,0
TCH00798,Devika Chaudhary,60,Physical Education,25,7,3,0,0,336,0,SCH0286,Govt. Primary School Bikaner-286,1
TCH00799,Vikas Dubey,39,Computer Science,14,8,3,0,1,386,1,SCH0055,Govt. Middle School Noida-55,1
TCH00800,Radha Mittal,56,Science,2,1,1,0,0,45,0,SCH0235,Govt. Senior Secondary School Faridabad-235,0
TCH00801,Pooja Menon,36,Chemistry,1,1,0,0,0,383,0,SCH0086,Govt. High School Jaipur-86,0
TCH00802,Usha Naidu,26,English,3,3,2,0,0,190,0,SCH0259,Govt. Primary School North-259,0
TCH00803,Ajay Chauhan,51,Physics,12,11,0,0,0,342,0,SCH0274,Govt. High School Agra-274,1
TCH00804,Ashok Menon,34,Physics,9,9,1,0,0,453,1,SCH0463,Govt. Primary School Jaipur-463,1
TCH00805,Shanti Chaudhary,35,Art,11,7,6,0,0,292,0,SCH0433,Govt. High School Jodhpur-433,1
TCH00806,Radha Bansal,29,Physical Education,2,2,0,0,0,345,0,SCH0325,Govt. Primary School Udaipur-325,0
TCH00807,Ajay Mishra,47,Geography,16,6,12,1,0,192,1,SCH0166,Govt. Primary School Bikaner-166,1
TCH00808,Nita Shukla,59,Art,12,6,10,0,0,454,0,SCH0280,Govt. Middle School Udaipur-280,1
TCH00809,Mahesh Dubey,54,Biology,1,1,0,0,0,151,0,SCH0282,Govt. Middle School East-282,0
TCH00810,Lakshmi Sharma,54,Physical Education,23,9,9,0,0,258,0,SCH0230,Govt. High School West-230,1
TCH00811,Vinod Iyer,29,Mathematics,3,3,2,0,1,137,0,SCH0018,Govt. High School West-18,0
TCH00812,Deepak Mittal,30,Social Science,7,2,1,0,0,359,0,SCH0266,Govt. Primary School Varanasi-266,0
TCH00813,Rekha Mishra,49,Hindi,7,6,5,0,0,289,0,SCH0004,Govt. Middle School Jaipur-4,1
TCH00814,Ashok Sharma,42,Art,2,1,0,1,0,382,1,SCH0439,Govt. Senior Secondary School Kota-439,1
TCH00815,Seema Jain,43,History,18,1,13,0,0,291,0,SCH0421,Govt. Middle School Jaipur-421,1
TCH00816,Devika Pillai,47,Geography,23,13,7,0,0,193,0,SCH0262,Govt. High School Jodhpur-262,1
TCH00817,Suresh Verma,24,Biology,1,1,0,1,0,28,0,SCH0080,Govt. Primary School Jaipur-80,0
TCH00818,Meena Kumar,51,Social Science,11,3,3,1,0,203,0,SCH0183,Govt. Senior Secondary School Jodhpur-183,1
TCH00819,Anita Mishra,53,Hindi,10,10,2,0,0,105,0,SCH0188,Govt. Middle School Kanpur-188,0
TCH00820,Rekha Gupta,53,Geography,24,7,6,0,0,289,1,SCH0132,Govt. High School South-132,1
TCH00821,Vikas Jain,24,Hindi,1,1,0,0,0,379,1,SCH0205,Govt. Senior Secondary School East-205,0
TCH00822,Vikram Kaur,27,Physics,1,1,0,0,0,361,1,SCH0376,Govt. Middle School Udaipur-376,0
TCH00823,Mukesh Patel,32,Biology,6,3,5,0,0,271,1,SCH0406,Govt. High School Gurgaon-406,1
TCH00824,Vikas Bansal,60,Science,19,5,12,0,0,61,0,SCH0423,Govt. Senior Secondary School Lucknow-423,1
TCH00825,Rekha Verma,56,Physical Education,2,2,2,0,0,201,0,SCH0305,Govt. Primary School Noida-305,0
TCH00826,Vikas Shukla,27,Science,1,1,1,1,0,252,0,SCH0414,Govt. Senior Secondary School Central-414,1
TCH00827,Sunita Jain,25,Art,2,1,1,0,0,486,0,SCH0400,Govt. Senior Secondary School Jodhpur-400,0
TCH00828,Dinesh Mittal,24,Sanskrit,1,1,1,1,0,270,1,SCH0172,Govt. Senior Secondary School North-172,1
TCH00829,Pankaj Jain,28,Sanskrit,1,1,1,0,0,70,0,SCH0223,Govt. Middle School Gurgaon-223,0
TCH00830,Ramesh Kaur,48,Computer Science,9,6,6,1,0,380,0,SCH0062,Govt. High School North-62,1
TCH00831,Ajay Jain,29,Mathematics,5,2,0,0,0,163,0,SCH0435,Govt. Primary School Noida-435,0
TCH00832,Naresh Verma,38,Social Science,8,2,3,0,0,445,0,SCH0325,Govt. Primary School Udaipur-325,0
TCH00833,Amit Pandey,35,History,3,2,1,0,0,9,0,SCH0269,Govt. Middle School East-269,0
TCH00834,Meena Pandey,41,History,1,1,0,0,0,187,1,SCH0290,Govt. High School North-290,0
TCH00835,Ramesh Kumar,33,Mathematics,7,1,1,1,0,353,0,SCH0358,Govt. Primary School Central-358,1
TCH00836,Lakshmi Chauhan,33,Art,6,4,0,0,0,270,0,SCH0345,Govt. High School Ajmer-345,0
TCH00837,Vikas Nair,54,Science,23,16,12,0,0,396,0,SCH0305,Govt. Primary School Noida-305,1
TCH00838,Radha Joshi,51,Art,10,3,10,1,0,456,0,SCH0114,Govt. Middle School Bikaner-114,1
TCH00839,Meena Kumar,44,Physics,13,11,1,1,0,400,0,SCH0202,Govt. High School West-202,1
TCH00840,Mukesh Pillai,32,Physical Education,2,1,0,0,1,280,0,SCH0043,Govt. Senior Secondary School Ajmer-43,1
TCH00841,Devika Shukla,45,Social Science,12,10,1,1,1,325,0,SCH0026,Govt. High School South-26,1
TCH00842,Lakshmi Nair,53,Chemistry,2,2,1,0,1,71,1,SCH0044,Govt. High School Udaipur-44,0
TCH00843,Deepak Malhotra,36,English,5,4,1,1,0,494,0,SCH0397,Govt. Senior Secondary School Udaipur-397,1
TCH00844,Devika Yadav,34,Biology,5,3,3,0,0,177,0,SCH0247,Govt. High School New-247,0
TCH00845,Vikas Yadav,49,History,9,3,9,0,0,325,0,SCH0203,Govt. Primary School Kanpur-203,0
TCH00846,Kamla Mishra,49,Hindi,15,7,0,1,0,325,0,SCH0316,Govt. Senior Secondary School South-316,1
TCH00847,Seema Malhotra,34,Chemistry,9,8,6,0,1,18,1,SCH0037,Govt. High School Jaipur-37,1
TCH00848,Vikas Gupta,59,Science,23,15,12,0,0,72,1,SCH0166,Govt. Primary School Bikaner-166,1
TCH00849,Pankaj Chaudhary,58,Physics,13,5,5,0,0,111,0,SCH0344,Govt. Middle School Ghaziabad-344,1
TCH00850,Sanjay Pandey,55,Physics,22,8,9,0,0,488,0,SCH0179,Govt. Middle School North-179,1
TCH00851,Priya Malhotra,27,Social Science,3,2,1,0,1,395,0,SCH0305,Govt. Primary School Noida-305,1
TCH00852,Dinesh Iyer,39,Sanskrit,3,2,2,0,1,273,1,SCH0087,Govt. Primary School Udaipur-87,1
TCH00853,Yogesh Iyer,37,English,2,1,1,0,0,185,0,SCH0412,Govt. Primary School Central-412,0
TCH00854,Amit Jain,53,Sanskrit,25,19,7,0,0,450,1,SCH0226,Govt. Senior Secondary School Kanpur-226,1
TCH00855,Sanjay Naidu,45,Physics,17,4,0,1,0,349,0,SCH0120,Govt. High School New-120,1
TCH00856,Anita Singh,60,Physical Education,32,11,3,0,0,202,1,SCH0080,Govt. Primary School Jaipur-80,1
TCH00857,Geeta Iyer,27,English,3,2,2,1,0,346,0,SCH0028,Govt. High School Varanasi-28,1
TCH00858,Vinod Sharma,43,Physics,4,3,4,1,0,328,0,SCH0445,Govt. Middle School Central-445,1
TCH00859,Kavita Joshi,49,Biology,6,2,4,0,0,87,1,SCH0356,Govt. Senior Secondary School South-356,0
TCH00860,Priya Pandey,36,Hindi,13,10,11,1,0,469,0,SCH0242,Govt. Senior Secondary School Agra-242,1
TCH00861,Sunil Yadav,32,Hindi,1,1,1,1,0,351,0,SCH0379,Govt. Primary School New-379,1
TCH00862,Kamla Malhotra,47,Social Science,13,11,1,0,1,243,0,SCH0280,Govt. Middle School Udaipur-280,1
TCH00863,Mukesh Iyer,35,Physical Education,4,4,2,1,0,490,0,SCH0281,Govt. Primary School East-281,1
TCH00864,Priya Shukla,56,Geography,30,12,14,1,0,278,1,SCH0073,Govt. High School Central-73,1
TCH00865,Kamla Verma,56,Social Science,15,7,14,0,0,229,0,SCH0464,Govt. Middle School Gurgaon-464,1
TCH00866,Sunita Joshi,34,Hindi,9,4,5,0,0,149,0,SCH0088,Govt. High School Ghaziabad-88,0
TCH00867,Saroj Tiwari,31,Mathematics,1,1,1,0,0,132,0,SCH0405,Govt. Middle School Lucknow-405,0
TCH00868,Rajesh Gupta,48,Chemistry,8,8,5,0,1,270,0,SCH0239,Govt. Senior Secondary School Central-239,1
TCH00869,Seema Naidu,26,Sanskrit,2,2,1,1,0,337,1,SCH0339,Govt. Middle School Kota-339,1
TCH00870,Shanti Garg,24,Science,1,1,0,1,0,132,1,SCH0468,Govt. Primary School South-468,0
TCH00871,Vinod Garg,52,Computer Science,15,3,14,0,0,19,0,SCH0010,Govt. Primary School West-10,0
TCH00872,Ramesh Shukla,32,History,9,7,9,0,0,468,0,SCH0198,Govt. Senior Secondary School Varanasi-198,1
TCH00873,Suresh Mittal,36,Physics,12,11,2,1,0,99,1,SCH0364,Govt. Primary School North-364,1
TCH00874,Ajay Menon,32,Science,8,7,3,0,0,127,1,SCH0249,Govt. Senior Secondary School West-249,1
TCH00875,Sanjay Nair,59,Biology,20,9,12,0,0,401,1,SCH0096,Govt. Senior Secondary School Kanpur-96,1
TCH00876,Priya Verma,60,Hindi,20,12,4,0,0,125,1,SCH0288,Govt. Primary School Central-288,1
TCH00877,Kamla Joshi,48,Physics,3,1,1,0,0,327,1,SCH0473,Govt. High School Central-473,0
TCH00878,Lakshmi Kaur,58,English,19,9,5,0,1,385,0,SCH0251,Govt. Primary School New-251,1
TCH00879,Dinesh Naidu,24,Physics,1,1,1,1,1,345,0,SCH0010,Govt. Primary School West-10,1
TCH00880,Rekha Mishra,39,History,14,13,7,0,0,71,0,SCH0182,Govt. Senior Secondary School Varanasi-182,1
TCH00881,Sunita Reddy,50,Social Science,10,3,6,0,0,67,1,SCH0142,Govt. Middle School New-142,0
TCH00882,Naresh Mittal,52,Sanskrit,1,1,1,0,0,368,0,SCH0450,Govt. High School Kanpur-450,0
TCH00883,Devika Tiwari,46,Hindi,20,15,12,0,0,151,0,SCH0016,Govt. Middle School Gurgaon-16,1
TCH00884,Usha Mittal,34,Chemistry,11,6,9,0,0,51,1,SCH0078,Govt. Middle School Gurgaon-78,1
TCH00885,Deepak Gupta,24,Physical Education,1,1,0,0,0,228,1,SCH0337,Govt. Senior Secondary School Ghaziabad-337,0
TCH00886,Kamla Naidu,41,Geography,15,6,6,1,0,52,1,SCH0196,Govt. Middle School Jaipur-196,1
TCH00887,Ramesh Chaudhary,33,Hindi,6,4,6,0,0,265,0,SCH0447,Govt. Middle School East-447,0
TCH00888,Meena Chaudhary,51,Social Science,5,3,1,1,0,100,1,SCH0294,Govt. Middle School East-294,0
TCH00889,Ajay Pandey,27,Biology,3,1,2,1,0,446,1,SCH0466,Govt. Senior Secondary School Jodhpur-466,1
TCH00890,Deepak Yadav,45,Computer Science,19,1,5,0,0,362,1,SCH0278,Govt. Senior Secondary School Lucknow-278,1
TCH00891,Anita Menon,49,Computer Science,8,6,6,1,0,234,1,SCH0071,Govt. Middle School Bikaner-71,1
TCH00892,Sanjay Garg,32,English,7,1,4,1,0,276,1,SCH0410,Govt. Senior Secondary School South-410,1
TCH00893,Kamla Jain,57,English,32,3,14,1,0,364,0,SCH0159,Govt. High School North-159,1
TCH00894,Meena Reddy,55,Geography,20,19,0,0,0,481,0,SCH0221,Govt. Middle School Ghaziabad-221,1
TCH00895,Arun Pandey,37,Science,3,3,1,0,0,356,1,SCH0470,Govt. High School Bikaner-470,0
TCH00896,Sunil Kaur,61,Science,26,18,11,0,0,479,0,SCH0286,Govt. Primary School Bikaner-286,1
TCH00897,Ashok Bansal,29,English,6,4,1,0,0,75,0,SCH0095,Govt. Primary School New-95,0
TCH00898,Priya Malhotra,44,Physics,19,13,11,1,0,355,0,SCH0373,Govt. Senior Secondary School Varanasi-373,1
TCH00899,Pankaj Chaudhary,40,Social Science,4,4,4,1,0,329,0,SCH0451,Govt. Senior Secondary School Kanpur-451,1
TCH00900,Seema Kumar,26,Art,3,2,0,0,0,199,0,SCH0227,Govt. Senior Secondary School Lucknow-227,0
TCH00901,Suresh Kumar,48,English,18,1,12,1,1,195,0,SCH0097,Govt. Primary School Central-97,1
TCH00902,Saroj Iyer,38,Social Science,8,6,1,1,0,358,0,SCH0014,Govt. Middle School South-14,1
TCH00903,Vikas Iyer,37,Hindi,1,1,0,0,0,222,0,SCH0311,Govt. High School Jaipur-311,0
TCH00904,Ramesh Mishra,54,Computer Science,20,7,7,1,0,108,0,SCH0306,Govt. Primary School Ghaziabad-306,1
TCH00905,Dinesh Gupta,61,Physical Education,27,11,4,1,1,474,0,SCH0014,Govt. Middle School South-14,1
TCH00906,Mukesh Kumar,38,History,14,13,10,0,1,347,1,SCH0400,Govt. Senior Secondary School Jodhpur-400,1
TCH00907,Ajay Rao,32,Physical Education,4,1,1,0,0,102,0,SCH0434,Govt. High School West-434,0
TCH00908,Shanti Patel,32,Sanskrit,9,3,5,1,0,398,1,SCH0333,Govt. Middle School Kota-333,1
TCH00909,Pushpa Rao,37,English,7,4,1,1,0,221,0,SCH0199,Govt. High School Bikaner-199,1
TCH00910,Sanjay Mishra,38,Mathematics,10,1,7,0,0,234,0,SCH0084,Govt. Primary School West-84,1
TCH00911,Rajesh Jain,45,Social Science,11,10,10,0,0,110,1,SCH0210,Govt. Middle School West-210,1
TCH00912,Pankaj Mishra,44,Physical Education,13,9,10,0,0,197,0,SCH0487,Govt. High School East-487,1
TCH00913,Sanjay Malhotra,54,Hindi,22,5,14,0,0,127,0,SCH0344,Govt. Middle School Ghaziabad-344,1
TCH00914,Pooja Jain,28,Biology,2,2,1,0,0,201,1,SCH0034,Govt. Middle School Varanasi-34,0
TCH00915,Saroj Rao,53,Physical Education,21,13,0,1,0,24,0,SCH0444,Govt. Senior Secondary School Varanasi-444,1
TCH00916,Savita Mittal,51,Hindi,1,1,0,0,0,432,1,SCH0167,Govt. Middle School Jaipur-167,0
TCH00917,Lakshmi Malhotra,24,Mathematics,1,1,1,1,0,88,0,SCH0219,Govt. Primary School Ajmer-219,0
TCH00918,Naresh Kaur,24,Physics,1,1,1,0,1,146,0,SCH0312,Govt. Primary School Kanpur-312,0
TCH00919,Saroj Kaur,52,Geography,18,2,8,0,0,419,0,SCH0202,Govt. High School West-202,1
TCH00920,Sunil Nair,35,Computer Science,12,4,1,1,0,451,0,SCH0305,Govt. Primary School Noida-305,1
TCH00921,Amit Nair,60,Science,15,1,10,0,0,124,1,SCH0449,Govt. High School Gurgaon-449,0
TCH00922,Savita Bansal,39,Mathematics,14,2,0,0,0,203,0,SCH0232,Govt. High School Bikaner-232,0
TCH00923,Geeta Nair,48,History,15,14,2,0,0,185,0,SCH0450,Govt. High School Kanpur-450,0
TCH00924,Amit Menon,35,Chemistry,9,3,4,0,1,79,0,SCH0203,Govt. Primary School Kanpur-203,0
TCH00925,Sunita Yadav,50,Social Science,20,11,3,0,0,382,0,SCH0265,Govt. Middle School Gurgaon-265,1
TCH00926,Lakshmi Mittal,34,Social Science,3,1,1,0,0,114,0,SCH0226,Govt. Senior Secondary School Kanpur-226,0
TCH00927,Vinod Chauhan,58,English,4,4,4,0,0,121,0,SCH0397,Govt. Senior Secondary School Udaipur-397,0
TCH00928,Vinod Iyer,49,Mathematics,22,1,11,0,0,400,1,SCH0217,Govt. Middle School Varanasi-217,1
TCH00929,Kamla Mittal,44,English,9,2,9,0,0,169,0,SCH0354,Govt. Middle School North-354,0
TCH00930,Yogesh Gupta,40,Physical Education,7,3,5,0,0,392,0,SCH0238,Govt. Primary School South-238,0
TCH00931,Kavita Patel,45,Art,18,2,1,0,0,461,1,SCH0257,Govt. Middle School West-257,0
TCH00932,Sunil Kumar,56,Chemistry,7,7,4,0,0,205,0,SCH0300,Govt. Primary School Central-300,1
TCH00933,Ashok Chauhan,39,Mathematics,3,1,2,0,0,328,0,SCH0212,Govt. Middle School Ghaziabad-212,0
TCH00934,Savita Pillai,54,Physical Education,12,7,5,0,0,483,0,SCH0092,Govt. Primary School Kanpur-92,1
TCH00935,Sanjay Mittal,26,Biology,2,2,2,0,0,451,0,SCH0459,Govt. Primary School New-459,0
TCH00936,Mahesh Pandey,35,Physical Education,1,1,0,0,0,170,0,SCH0047,Govt. Middle School Agra-47,0
TCH00937,Arun Bhat,55,Physical Education,10,8,4,0,0,115,0,SCH0333,Govt. Middle School Kota-333,1
TCH00938,Anita Singh,27,Physical Education,3,1,3,0,0,183,1,SCH0064,Govt. High School Jodhpur-64,0
TCH00939,Shanti Gupta,24,History,1,1,0,0,0,58,0,SCH0231,Govt. Senior Secondary School Gurgaon-231,0
TCH00940,Naresh Kaur,26,Art,3,1,2,0,0,188,1,SCH0363,Govt. Primary School Central-363,0
TCH00941,Harish Iyer,49,English,4,1,1,0,0,386,1,SCH0500,Govt. Middle School Varanasi-500,0
TCH00942,Devika Shukla,46,Mathematics,4,1,4,0,0,40,0,SCH0194,Govt. Middle School Ajmer-194,0
TCH00943,Arun Jain,61,Physics,24,11,8,0,0,450,0,SCH0394,Govt. High School Kanpur-394,1
TCH00944,Meena Patel,42,Sanskrit,14,1,5,0,1,141,1,SCH0290,Govt. High School North-290,1
TCH00945,Pooja Malhotra,56,Physical Education,13,6,0,1,0,422,0,SCH0075,Govt. Middle School Varanasi-75,1
TCH00946,Pankaj Joshi,52,Social Science,5,1,5,1,0,471,0,SCH0027,Govt. High School Central-27,1
TCH00947,Yogesh Joshi,54,Computer Science,13,3,10,0,0,411,0,SCH0374,Govt. Senior Secondary School Bikaner-374,1
TCH00948,Kavita Mittal,55,English,13,1,1,0,1,66,1,SCH0093,Govt. Primary School Kanpur-93,1
TCH00949,Sanjay Sharma,30,Geography,7,6,4,0,0,401,0,SCH0492,Govt. High School Lucknow-492,1
TCH00950,Mahesh Sharma,30,Biology,1,1,0,1,1,462,0,SCH0392,Govt. High School South-392,1
TCH00951,Pushpa Menon,57,Art,5,1,0,0,0,281,0,SCH0255,Govt. High School Varanasi-255,0
TCH00952,Ajay Mittal,49,Biology,1,1,0,0,0,172,0,SCH0003,Govt. Senior Secondary School Udaipur-3,0
TCH00953,Nita Pillai,49,Computer Science,23,18,13,0,0,320,1,SCH0122,Govt. High School Ghaziabad-122,1
TCH00954,Savita Chaudhary,26,Biology,3,2,0,1,1,241,0,SCH0244,Govt. Senior Secondary School Agra-244,1
TCH00955,Ajay Iyer,26,Mathematics,2,1,1,0,0,198,0,SCH0041,Govt. Primary School Faridabad-41,0
TCH00956,Devika Tiwari,44,Geography,19,15,5,0,0,84,1,SCH0126,Govt. Senior Secondary School West-126,1
TCH00957,Devika Bansal,43,Sanskrit,8,2,4,0,0,257,1,SCH0322,Govt. High School Central-322,1
TCH00958,Sunita Patel,43,English,10,9,9,1,0,88,0,SCH0107,Govt. Middle School Varanasi-107,1
TCH00959,Dinesh Verma,53,English,20,3,6,1,0,227,1,SCH0029,Govt. Primary School Lucknow-29,1
TCH00960,Amit Naidu,40,Geography,5,5,0,0,0,341,0,SCH0438,Govt. Primary School Jodhpur-438,0
TCH00961,Ajay Joshi,55,Physics,24,14,2,0,0,30,0,SCH0430,Govt. Primary School Bikaner-430,0
TCH00962,Anita Verma,35,Science,11,8,7,0,0,341,0,SCH0472,Govt. Middle School Ghaziabad-472,1
TCH00963,Pooja Patel,43,Computer Science,14,1,9,0,0,67,0,SCH0214,Govt. High School East-214,0
TCH00964,Saroj Naidu,39,Physical Education,11,4,0,1,0,264,0,SCH0146,Govt. Middle School Central-146,1
TCH00965,Ajay Pillai,50,Art,17,12,8,0,0,124,0,SCH0359,Govt. Primary School Lucknow-359,1
TCH00966,Pooja Chauhan,24,Physical Education,1,1,1,0,0,442,1,SCH0288,Govt. Primary School Central-288,0
TCH00967,Shanti Jain,41,Mathematics,1,1,0,1,0,24,1,SCH0297,Govt. Middle School East-297,0
TCH00968,Rekha Pandey,42,Physics,18,18,4,0,1,380,0,SCH0048,Govt. Middle School Gurgaon-48,1
TCH00969,Naresh Bansal,39,Science,15,15,5,1,0,436,0,SCH0460,Govt. High School Ghaziabad-460,1
TCH00970,Radha Bansal,48,History,6,6,2,0,0,75,1,SCH0389,Govt. Middle School Gurgaon-389,0
TCH00971,Vinod Rao,50,English,25,13,7,1,0,258,0,SCH0034,Govt. Middle School Varanasi-34,1
TCH00972,Seema Pandey,45,History,18,12,8,0,1,38,0,SCH0063,Govt. High School Faridabad-63,1
TCH00973,Kamla Yadav,40,Physical Education,2,2,2,1,1,486,0,SCH0212,Govt. Middle School Ghaziabad-212,1
TCH00974,Saroj Verma,46,Science,22,10,8,1,0,182,0,SCH0108,Govt. Senior Secondary School Agra-108,1
TCH00975,Kamla Gupta,45,Biology,17,4,0,0,0,375,0,SCH0293,Govt. High School Jaipur-293,0
TCH00976,Ajay Jain,45,Art,11,8,10,1,0,372,0,SCH0371,Govt. Primary School Ghaziabad-371,1
TCH00977,Vinod Chaudhary,30,Geography,7,7,4,0,0,261,0,SCH0362,Govt. High School West-362,1
TCH00978,Ashok Tiwari,39,History,5,2,1,1,0,76,0,SCH0435,Govt. Primary School Noida-435,0
TCH00979,Saroj Dubey,31,English,3,2,3,0,1,352,1,SCH0295,Govt. Middle School New-295,1
TCH00980,Vikas Rao,36,History,1,1,0,1,0,227,0,SCH0315,Govt. Primary School Udaipur-315,1
TCH00981,Pushpa Rao,26,Art,1,1,1,1,0,496,0,SCH0374,Govt. Senior Secondary School Bikaner-374,1
TCH00982,Saroj Mishra,24,Physical Education,1,1,0,0,1,146,1,SCH0093,Govt. Primary School Kanpur-93,0
TCH00983,Sanjay Sharma,38,Science,1,1,0,0,0,207,0,SCH0149,Govt. Primary School Central-149,0
TCH00984,Savita Reddy,43,Art,13,1,4,1,0,269,0,SCH0013,Govt. High School Kota-13,1
TCH00985,Nita Aggarwal,42,Geography,15,6,3,0,0,8,0,SCH0061,Govt. Primary School Kota-61,1
TCH00986,Pankaj Verma,37,Physics,7,4,5,0,0,164,0,SCH0213,Govt. Senior Secondary School Kanpur-213,0
TCH00987,Devika Aggarwal,29,Computer Science,2,2,0,0,0,123,1,SCH0180,Govt. Senior Secondary School Lucknow-180,0
TCH00988,Rajesh Reddy,55,Hindi,22,16,12,1,0,182,0,SCH0109,Govt. High School Jaipur-109,1
TCH00989,Vinod Tiwari,31,Art,6,4,2,0,0,335,1,SCH0354,Govt. Middle School North-354,0
TCH00990,Rekha Joshi,44,History,19,8,13,0,0,55,1,SCH0035,Govt. Primary School South-35,1
TCH00991,Ashok Malhotra,55,Mathematics,18,9,1,0,0,65,1,SCH0282,Govt. Middle School East-282,0
TCH00992,Usha Pandey,59,Chemistry,12,9,3,0,0,416,0,SCH0059,Govt. Senior Secondary School Central-59,1
TCH00993,Vikas Iyer,45,Mathematics,18,6,1,0,0,455,0,SCH0371,Govt. Primary School Ghaziabad-371,1
TCH00994,Pooja Yadav,30,Physics,1,1,1,0,0,440,0,SCH0427,Govt. Primary School Faridabad-427,0
TCH00995,Usha Jain,46,Computer Science,22,1,12,0,0,201,0,SCH0427,Govt. Primary School Faridabad-427,1
TCH00996,Mukesh Aggarwal,30,Mathematics,6,3,4,0,0,327,0,SCH0246,Govt. Senior Secondary School Central-246,0
TCH00997,Deepak Rao,30,English,6,3,5,1,0,256,0,SCH0331,Govt. Senior Secondary School Jodhpur-331,1
TCH00998,Savita Mittal,56,Sanskrit,4,2,2,1,0,283,1,SCH0322,Govt. High School Central-322,1
TCH00999,Usha Chauhan,46,Art,1,1,1,1,0,233,0,SCH0275,Govt. Primary School East-275,1
TCH01000,Pankaj Jain,35,Physical Education,5,5,3,0,0,154,0,SCH0417,Govt. Primary School New-417,0
TCH01001,Kamla Joshi,41,Geography,1,1,0,0,0,379,0,SCH0029,Govt. Primary School Lucknow-29,0
TCH01002,Ashok Menon,55,History,18,17,1,0,0,244,1,SCH0372,Govt. High School Lucknow-372,1
TCH01003,Nita Pillai,35,Computer Science,3,3,0,0,0,431,0,SCH0010,Govt. Primary School West-10,0
TCH01004,Dinesh Gupta,54,English,4,2,4,0,0,228,1,SCH0170,Govt. Primary School Kanpur-170,1
TCH01005,Priya Pandey,40,Chemistry,14,9,13,0,0,42,0,SCH0144,Govt. Senior Secondary School Kanpur-144,1
TCH01006,Sunil Bansal,36,English,3,2,3,0,1,168,0,SCH0321,Govt. Primary School West-321,0
TCH01007,Ajay Shukla,30,English,7,4,7,0,0,233,0,SCH0293,Govt. High School Jaipur-293,0
TCH01008,Kavita Garg,36,Art,8,1,6,0,0,380,0,SCH0305,Govt. Primary School Noida-305,0
TCH01009,Rekha Bhat,29,Sanskrit,4,4,3,0,0,126,0,SCH0385,Govt. Senior Secondary School Noida-385,0
TCH01010,Amit Tiwari,31,Chemistry,8,3,6,1,1,193,1,SCH0162,Govt. Middle School Gurgaon-162,1
TCH01011,Pushpa Mittal,52,Hindi,18,16,3,0,0,389,0,SCH0045,Govt. Senior Secondary School New-45,1
TCH01012,Yogesh Bansal,34,Social Science,10,1,7,1,0,418,0,SCH0191,Govt. Middle School Gurgaon-191,1
TCH01013,Kamla Joshi,41,English,15,5,13,0,0,246,0,SCH0111,Govt. Senior Secondary School Gurgaon-111,1
TCH01014,Shanti Aggarwal,58,Mathematics,28,7,12,1,0,20,1,SCH0058,Govt. Senior Secondary School Central-58,1
TCH01015,Sanjay Jain,56,Science,19,13,14,0,1,87,0,SCH0399,Govt. High School North-399,1
TCH01016,Harish Sharma,46,Art,15,11,7,0,0,256,0,SCH0228,Govt. Senior Secondary School Kanpur-228,1
TCH01017,Harish Kumar,55,Hindi,9,7,3,0,0,350,0,SCH0248,Govt. High School Central-248,1
TCH01018,Mukesh Kaur,43,Sanskrit,19,17,3,0,0,244,1,SCH0175,Govt. Middle School Ghaziabad-175,1
TCH01019,Rekha Malhotra,56,Physics,20,14,3,1,0,375,0,SCH0269,Govt. Middle School East-269,1
TCH01020,Suresh Bansal,56,History,19,13,12,1,1,279,0,SCH0074,Govt. Middle School Ajmer-74,1
TCH01021,Deepak Yadav,33,Physical Education,6,1,0,0,0,235,1,SCH0347,Govt. Senior Secondary School Ghaziabad-347,0
TCH01022,Savita Shukla,33,Physical Education,7,3,4,0,0,153,0,SCH0019,Govt. Senior Secondary School Bikaner-19,0
TCH01023,Kamla Singh,61,Mathematics,3,2,2,1,0,326,0,SCH0443,Govt. High School Udaipur-443,1
TCH01024,Amit Naidu,30,Sanskrit,4,1,3,1,1,299,0,SCH0160,Govt. Middle School Faridabad-160,1
TCH01025,Anita Pandey,52,Biology,29,19,9,0,0,436,0,SCH0305,Govt. Primary School Noida-305,1
TCH01026,Amit Singh,30,History,5,1,0,0,0,76,1,SCH0456,Govt. Senior Secondary School Ghaziabad-456,0
TCH01027,Rekha Sharma,28,Geography,5,3,2,0,0,319,1,SCH0393,Govt. Primary School Ajmer-393,0
TCH01028,Rekha Reddy,52,Hindi,3,1,1,1,0,413,0,SCH0389,Govt. Middle School Gurgaon-389,1
TCH01029,Sanjay Yadav,35,Social Science,11,2,1,0,0,335,0,SCH0165,Govt. Primary School Gurgaon-165,0
TCH01030,Sunil Pandey,46,Art,18,18,9,0,1,248,0,SCH0142,Govt. Middle School New-142,1
TCH01031,Kavita Tiwari,43,English,13,2,7,1,0,77,0,SCH0226,Govt. Senior Secondary School Kanpur-226,1
TCH01032,Seema Singh,36,Mathematics,4,3,3,1,0,449,1,SCH0081,Govt. High School Gurgaon-81,1
TCH01033,Saroj Menon,33,History,5,2,1,0,0,457,0,SCH0491,Govt. Senior Secondary School Central-491,0
TCH01034,Nita Menon,57,Physics,20,8,6,1,0,465,0,SCH0053,Govt. Senior Secondary School Ghaziabad-53,1
TCH01035,Ashok Tiwari,52,English,25,14,2,0,0,9,0,SCH0282,Govt. Middle School East-282,0
TCH01036,Vinod Pillai,30,Hindi,1,1,0,0,0,270,0,SCH0483,Govt. Middle School Central-483,0
TCH01037,Vikram Joshi,56,Geography,31,3,0,1,0,248,0,SCH0088,Govt. High School Ghaziabad-88,1
TCH01038,Usha Menon,55,Biology,31,12,14,1,0,325,0,SCH0457,Govt. Senior Secondary School Ghaziabad-457,1
TCH01039,Deepak Sharma,28,Biology,1,1,1,0,0,179,0,SCH0026,Govt. High School South-26,0
TCH01040,Sunita Singh,44,Chemistry,5,1,1,0,0,144,0,SCH0463,Govt. Primary School Jaipur-463,0
TCH01041,Anita Chaudhary,46,Chemistry,2,1,1,1,0,318,1,SCH0028,Govt. High School Varanasi-28,1
TCH01042,Ajay Mittal,45,Geography,2,2,2,0,1,184,0,SCH0092,Govt. Primary School Kanpur-92,0
TCH01043,Yogesh Iyer,40,Physics,9,2,3,1,0,306,1,SCH0323,Govt. Middle School Central-323,1
TCH01044,Usha Bansal,54,Hindi,6,2,3,0,0,371,0,SCH0160,Govt. Middle School Faridabad-160,0
TCH01045,Sunil Gupta,29,Art,2,1,0,1,0,187,0,SCH0366,Govt. Senior Secondary School East-366,0
TCH01046,Savita Pillai,24,English,1,1,1,1,1,397,0,SCH0392,Govt. High School South-392,1
TCH01047,Savita Singh,27,Biology,4,3,1,0,0,321,0,SCH0048,Govt. Middle School Gurgaon-48,0
TCH01048,Savita Rao,37,Hindi,10,6,10,0,0,323,0,SCH0159,Govt. High School North-159,1
TCH01049,Ramesh Kumar,32,Sanskrit,3,2,0,1,1,84,0,SCH0486,Govt. Senior Secondary School East-486,1
TCH01050,Saroj Tiwari,27,Physics,1,1,0,0,0,217,1,SCH0459,Govt. Primary School New-459,0
TCH01051,Pooja Bhat,59,Computer Science,34,9,11,0,1,196,1,SCH0201,Govt. Primary School Bikaner-201,1
TCH01052,Ashok Chauhan,45,Biology,5,3,3,0,0,410,0,SCH0170,Govt. Primary School Kanpur-170,0
TCH01053,Vikram Rao,33,Science,6,6,0,1,0,378,1,SCH0016,Govt. Middle School Gurgaon-16,1
TCH01054,Mukesh Chauhan,48,Sanskrit,19,18,12,0,1,287,1,SCH0180,Govt. Senior Secondary School Lucknow-180,1
TCH01055,Vinod Malhotra,58,Physics,10,2,3,0,0,58,1,SCH0088,Govt. High School Ghaziabad-88,0
TCH01056,Vikas Kumar,57,History,25,17,8,1,0,53,0,SCH0310,Govt. Middle School West-310,1
TCH01057,Lakshmi Bansal,42,Physical Education,3,1,2,0,0,281,0,SCH0053,Govt. Senior Secondary School Ghaziabad-53,0
TCH01058,Suresh Pandey,29,History,1,1,1,0,0,471,0,SCH0408,Govt. High School North-408,0
TCH01059,Vikram Aggarwal,42,Social Science,10,8,0,0,0,444,0,SCH0333,Govt. Middle School Kota-333,1
TCH01060,Savita Shukla,33,Geography,6,1,1,0,0,240,0,SCH0273,Govt. Middle School West-273,0
TCH01061,Geeta Iyer,31,Hindi,8,5,7,0,0,378,0,SCH0212,Govt. Middle School Ghaziabad-212,1
TCH01062,Arun Rao,41,Chemistry,5,5,1,1,0,447,1,SCH0281,Govt. Primary School East-281,1
TCH01063,Usha Yadav,48,Sanskrit,2,1,1,1,1,79,0,SCH0034,Govt. Middle School Varanasi-34,1
TCH01064,Anita Chaudhary,35,Art,1,1,1,0,0,377,1,SCH0356,Govt. Senior Secondary School South-356,0
TCH01065,Vikas Aggarwal,44,Physics,10,10,5,0,0,270,0,SCH0223,Govt. Middle School Gurgaon-223,1
TCH01066,Geeta Patel,58,Computer Science,25,10,10,0,0,389,0,SCH0279,Govt. Primary School Kanpur-279,1
TCH01067,Vikram Kaur,47,Physical Education,21,7,8,0,0,351,0,SCH0343,Govt. Senior Secondary School Central-343,1
TCH01068,Pushpa Singh,28,Geography,4,2,1,0,0,183,0,SCH0294,Govt. Middle School East-294,0
TCH01069,Savita Pandey,36,History,6,5,2,0,0,446,0,SCH0306,Govt. Primary School Ghaziabad-306,0
TCH01070,Yogesh Patel,46,Social Science,18,4,0,1,0,272,1,SCH0050,Govt. Senior Secondary School Ajmer-50,1
TCH01071,Lakshmi Gupta,31,Geography,8,5,7,0,0,139,0,SCH0490,Govt. Middle School Lucknow-490,0
TCH01072,Ajay Malhotra,42,Sanskrit,10,7,3,0,0,371,0,SCH0056,Govt. Senior Secondary School South-56,1
TCH01073,Ashok Rao,37,Computer Science,11,7,9,1,0,329,0,SCH0195,Govt. High School South-195,1
TCH01074,Sunita Gupta,54,Hindi,17,9,12,0,0,264,0,SCH0339,Govt. Middle School Kota-339,1
TCH01075,Deepak Mittal,42,Geography,7,6,1,1,0,60,0,SCH0419,Govt. Primary School Central-419,1
TCH01076,Rajesh Malhotra,36,English,12,5,9,0,0,87,0,SCH0463,Govt. Primary School Jaipur-463,1
TCH01077,Meena Chauhan,35,History,10,3,7,1,0,300,1,SCH0339,Govt. Middle School Kota-339,1
TCH01078,Naresh Iyer,32,Geography,6,5,3,0,0,242,0,SCH0150,Govt. Primary School Jodhpur-150,1
TCH01079,Sanjay Yadav,54,Computer Science,19,3,6,0,0,140,1,SCH0229,Govt. High School Agra-229,0
TCH01080,Ashok Joshi,26,Geography,2,2,2,0,0,57,1,SCH0450,Govt. High School Kanpur-450,0
TCH01081,Rekha Jain,50,Chemistry,20,7,8,1,0,365,1,SCH0407,Govt. Senior Secondary School South-407,1
TCH01082,Dinesh Gupta,42,Geography,16,8,11,0,1,494,1,SCH0368,Govt. Middle School Varanasi-368,1
TCH01083,Saroj Nair,29,Chemistry,5,5,4,0,0,259,1,SCH0005,Govt. Primary School New-5,1
TCH01084,Deepak Garg,34,Social Science,1,1,1,0,0,303,0,SCH0434,Govt. High School West-434,0
TCH01085,Shanti Mittal,50,History,16,7,9,1,0,46,1,SCH0032,Govt. High School Jodhpur-32,1
TCH01086,Sunita Sharma,31,Physical Education,7,2,3,0,1,115,1,SCH0496,Govt. Middle School Bikaner-496,1
TCH01087,Dinesh Singh,40,Sanskrit,12,6,2,0,0,453,0,SCH0287,Govt. Middle School Gurgaon-287,1
TCH01088,Priya Mishra,47,Chemistry,16,4,5,0,0,347,0,SCH0145,Govt. Primary School Bikaner-145,1
TCH01089,Anita Shukla,51,Computer Science,17,14,6,0,0,307,0,SCH0360,Govt. Senior Secondary School Bikaner-360,1
TCH01090,Naresh Shukla,38,Chemistry,2,1,1,0,0,282,0,SCH0163,Govt. Senior Secondary School West-163,0
TCH01091,Sunil Yadav,31,Computer Science,3,2,0,0,0,139,1,SCH0223,Govt. Middle School Gurgaon-223,0
TCH01092,Mukesh Kumar,54,Hindi,28,12,11,0,0,178,1,SCH0089,Govt. High School Central-89,1
TCH01093,Naresh Bansal,29,Physics,3,3,3,0,0,163,0,SCH0285,Govt. Middle School Kanpur-285,0
TCH01094,Pankaj Kumar,52,Social Science,24,16,14,0,0,374,0,SCH0431,Govt. High School Bikaner-431,1
TCH01095,Deepak Kumar,49,Mathematics,14,7,12,0,0,52,0,SCH0447,Govt. Middle School East-447,1
TCH01096,Priya Kumar,61,Physical Education,1,1,1,1,0,214,1,SCH0037,Govt. High School Jaipur-37,1
TCH01097,Pushpa Naidu,49,Chemistry,20,8,10,1,0,196,0,SCH0454,Govt. Primary School Faridabad-454,1
TCH01098,Deepak Gupta,55,English,26,15,5,0,0,50,0,SCH0500,Govt. Middle School Varanasi-500,1
TCH01099,Pankaj Garg,36,Biology,1,1,0,0,0,7,0,SCH0329,Govt. Senior Secondary School South-329,0
TCH01100,Ajay Jain,55,Chemistry,24,14,12,0,0,474,0,SCH0458,Govt. Primary School Udaipur-458,1
TCH01101,Pooja Chauhan,38,History,14,11,4,0,0,233,0,SCH0320,Govt. Primary School Udaipur-320,1
TCH01102,Devika Bansal,56,Biology,14,8,13,0,0,206,0,SCH0218,Govt. Primary School Lucknow-218,1
TCH01103,Dinesh Mishra,36,English,9,8,7,1,0,87,1,SCH0197,Govt. Middle School Udaipur-197,1
TCH01104,Ajay Sharma,31,Geography,5,5,0,0,0,244,0,SCH0218,Govt. Primary School Lucknow-218,0
TCH01105,Geeta Bhat,50,History,15,3,5,0,0,271,0,SCH0256,Govt. Senior Secondary School Faridabad-256,1
TCH01106,Pankaj Jain,52,History,26,1,9,1,1,469,0,SCH0138,Govt. Middle School Bikaner-138,1
TCH01107,Shanti Verma,32,Mathematics,8,7,3,1,0,326,1,SCH0296,Govt. Middle School North-296,1
TCH01108,Mukesh Bhat,37,Physics,10,4,3,1,1,244,1,SCH0291,Govt. Primary School Faridabad-291,1
TCH01109,Anita Rao,50,Physical Education,1,1,1,0,0,160,0,SCH0058,Govt. Senior Secondary School Central-58,0
TCH01110,Meena Kaur,26,Physical Education,3,3,2,0,1,220,0,SCH0041,Govt. Primary School Faridabad-41,1
TCH01111,Seema Chauhan,29,History,5,1,4,0,1,336,0,SCH0270,Govt. Senior Secondary School Udaipur-270,1
TCH01112,Kamla Mittal,34,Geography,8,7,6,0,0,56,0,SCH0041,Govt. Primary School Faridabad-41,0
TCH01113,Geeta Rao,58,Computer Science,20,15,4,0,0,118,0,SCH0046,Govt. Senior Secondary School Ajmer-46,1
TCH01114,Vikram Naidu,29,Computer Science,2,2,0,0,0,148,0,SCH0380,Govt. Primary School Agra-380,0
TCH01115,Anita Joshi,38,Geography,5,3,0,0,0,41,0,SCH0277,Govt. Primary School Udaipur-277,0
TCH01116,Usha Menon,37,Art,4,1,3,1,0,403,0,SCH0028,Govt. High School Varanasi-28,1
TCH01117,Mukesh Chauhan,53,History,24,11,7,0,0,51,1,SCH0006,Govt. Senior Secondary School West-6,1
TCH01118,Mukesh Pillai,46,Physical Education,12,12,12,0,0,276,0,SCH0464,Govt. Middle School Gurgaon-464,1
TCH01119,Pankaj Dubey,39,Art,15,10,14,0,0,104,0,SCH0170,Govt. Primary School Kanpur-170,1
TCH01120,Vinod Patel,32,Mathematics,5,1,3,0,0,425,0,SCH0151,Govt. High School Kanpur-151,0
TCH01121,Ajay Kaur,28,Social Science,3,3,0,1,0,477,0,SCH0356,Govt. Senior Secondary School South-356,1
TCH01122,Vikas Tiwari,25,Mathematics,2,1,1,0,0,337,0,SCH0373,Govt. Senior Secondary School Varanasi-373,0
TCH01123,Mukesh Pillai,32,English,4,4,1,0,0,99,0,SCH0323,Govt. Middle School Central-323,0
TCH01124,Sunita Naidu,40,Social Science,2,1,0,0,0,210,0,SCH0294,Govt. Middle School East-294,0
TCH01125,Saroj Sharma,61,Social Science,4,4,4,1,0,164,0,SCH0415,Govt. Middle School East-415,1
TCH01126,Anita Kumar,40,History,1,1,0,0,0,281,1,SCH0249,Govt. Senior Secondary School West-249,0
TCH01127,Seema Tiwari,33,English,8,4,8,0,0,104,0,SCH0040,Govt. High School Jodhpur-40,0
TCH01128,Seema Tiwari,33,Sanskrit,4,1,4,0,0,146,0,SCH0316,Govt. Senior Secondary School South-316,0
TCH01129,Rajesh Kaur,31,Science,6,4,1,0,0,252,1,SCH0132,Govt. High School South-132,0
TCH01130,Pooja Jain,51,Geography,25,3,2,0,0,95,0,SCH0310,Govt. Middle School West-310,0
TCH01131,Meena Naidu,49,Biology,7,3,5,1,0,416,0,SCH0379,Govt. Primary School New-379,1
TCH01132,Pooja Tiwari,58,Art,3,3,1,0,1,89,1,SCH0190,Govt. High School Gurgaon-190,0
TCH01133,Geeta Rao,36,English,5,4,4,0,0,119,0,SCH0359,Govt. Primary School Lucknow-359,0
TCH01134,Kamla Garg,30,Mathematics,1,1,1,0,0,43,0,SCH0410,Govt. Senior Secondary School South-410,0
TCH01135,Anita Kumar,37,Geography,2,2,0,0,0,374,0,SCH0176,Govt. Middle School Udaipur-176,0
TCH01136,Meena Bansal,33,Biology,2,1,2,0,0,499,1,SCH0479,Govt. Middle School Agra-479,0
TCH01137,Pankaj Malhotra,37,Chemistry,10,3,5,0,0,209,1,SCH0386,Govt. Senior Secondary School South-386,1
TCH01138,Yogesh Kaur,51,Computer Science,26,10,14,0,0,134,0,SCH0122,Govt. High School Ghaziabad-122,1
TCH01139,Nita Pillai,54,Physical Education,10,3,0,0,0,19,1,SCH0086,Govt. High School Jaipur-86,0
TCH01140,Dinesh Verma,34,Computer Science,1,1,1,1,0,21,0,SCH0432,Govt. Middle School Jodhpur-432,0
TCH01141,Kavita Verma,60,English,34,1,11,0,0,129,0,SCH0136,Govt. Middle School Ghaziabad-136,0
TCH01142,Lakshmi Rao,33,Social Science,6,1,1,1,0,467,0,SCH0238,Govt. Primary School South-238,1
TCH01143,Sunil Mishra,40,Chemistry,9,6,5,0,0,164,1,SCH0244,Govt. Senior Secondary School Agra-244,1
TCH01144,Naresh Rao,38,Social Science,6,6,2,1,0,59,1,SCH0350,Govt. Middle School Jaipur-350,1
TCH01145,Kamla Garg,58,Chemistry,19,8,6,0,0,164,1,SCH0075,Govt. Middle School Varanasi-75,1
TCH01146,Vinod Jain,59,Art,17,2,14,1,1,171,1,SCH0007,Govt. Primary School South-7,1
TCH01147,Naresh Naidu,47,Physics,24,11,12,0,0,455,0,SCH0230,Govt. High School West-230,1
TCH01148,Kamla Naidu,31,Mathematics,1,1,0,0,0,42,0,SCH0493,Govt. High School Jaipur-493,0
TCH01149,Sunil Reddy,44,Physics,15,12,2,0,0,129,1,SCH0050,Govt. Senior Secondary School Ajmer-50,0
TCH01150,Radha Iyer,35,Computer Science,9,4,3,0,0,174,1,SCH0490,Govt. Middle School Lucknow-490,0
TCH01151,Seema Pandey,60,Social Science,17,14,11,1,0,419,0,SCH0440,Govt. High School Lucknow-440,1
TCH01152,Suresh Tiwari,48,Computer Science,22,16,6,0,0,347,0,SCH0137,Govt. Primary School Faridabad-137,1
TCH01153,Lakshmi Chauhan,49,Art,11,6,4,1,0,45,0,SCH0300,Govt. Primary School Central-300,1
TCH01154,Geeta Kaur,44,Computer Science,7,3,5,0,0,5,0,SCH0346,Govt. Primary School South-346,0
TCH01155,Sanjay Nair,49,Physics,5,1,5,1,0,361,1,SCH0302,Govt. Senior Secondary School Ghaziabad-302,1
TCH01156,Pooja Pandey,49,History,21,13,12,0,0,116,0,SCH0347,Govt. Senior Secondary School Ghaziabad-347,1
TCH01157,Rajesh Bansal,54,Science,21,3,9,1,0,357,0,SCH0006,Govt. Senior Secondary School West-6,1
TCH01158,Pankaj Singh,43,History,16,8,1,0,0,57,0,SCH0007,Govt. Primary School South-7,0
TCH01159,Yogesh Dubey,42,Hindi,12,8,5,0,1,109,1,SCH0054,Govt. High School West-54,1
TCH01160,Vinod Tiwari,43,Hindi,14,5,8,0,0,300,0,SCH0372,Govt. High School Lucknow-372,1
TCH01161,Priya Iyer,30,Science,3,2,1,0,0,275,0,SCH0018,Govt. High School West-18,0
TCH01162,Ajay Naidu,59,Sanskrit,7,3,6,0,1,367,1,SCH0030,Govt. High School North-30,1
TCH01163,Ajay Reddy,46,Science,22,6,9,0,0,316,0,SCH0112,Govt. Primary School Bikaner-112,1
TCH01164,Kavita Gupta,56,Sanskrit,12,8,10,0,0,364,0,SCH0363,Govt. Primary School Central-363,1
TCH01165,Deepak Shukla,36,Computer Science,5,5,0,0,0,355,0,SCH0310,Govt. Middle School West-310,0
TCH01166,Vikas Aggarwal,48,English,2,2,1,0,0,253,0,SCH0392,Govt. High School South-392,0
TCH01167,Kavita Bhat,44,English,10,5,0,0,0,264,1,SCH0459,Govt. Primary School New-459,1
TCH01168,Vinod Chauhan,37,Computer Science,14,8,6,0,0,429,0,SCH0130,Govt. High School East-130,1
TCH01169,Vikram Reddy,30,Biology,3,2,1,1,0,45,1,SCH0480,Govt. Middle School Jodhpur-480,0
TCH01170,Seema Malhotra,44,Chemistry,8,3,6,0,0,331,0,SCH0473,Govt. High School Central-473,0
TCH01171,Ashok Tiwari,28,English,3,2,2,0,0,302,0,SCH0355,Govt. Senior Secondary School Ajmer-355,0
TCH01172,Vikram Tiwari,36,Art,1,1,0,0,0,445,0,SCH0400,Govt. Senior Secondary School Jodhpur-400,0
TCH01173,Naresh Shukla,61,Physics,6,4,0,0,0,195,0,SCH0032,Govt. High School Jodhpur-32,0
TCH01174,Mahesh Bansal,50,Social Science,24,12,6,0,0,199,0,SCH0031,Govt. Senior Secondary School East-31,1
TCH01175,Yogesh Gupta,46,Biology,21,12,8,0,0,387,1,SCH0092,Govt. Primary School Kanpur-92,1
TCH01176,Sanjay Iyer,37,Chemistry,14,13,7,0,0,49,1,SCH0476,Govt. Primary School East-476,1
TCH01177,Pushpa Singh,37,English,6,2,5,0,0,479,0,SCH0092,Govt. Primary School Kanpur-92,0
TCH01178,Radha Yadav,36,Geography,3,1,2,1,0,165,1,SCH0277,Govt. Primary School Udaipur-277,0
TCH01179,Suresh Jain,46,Biology,14,6,8,0,1,395,0,SCH0330,Govt. High School Varanasi-330,1
TCH01180,Mahesh Singh,57,Mathematics,6,6,1,0,0,188,0,SCH0367,Govt. Primary School Ghaziabad-367,0
TCH01181,Vikram Pillai,56,Physical Education,15,4,11,0,0,342,0,SCH0038,Govt. Senior Secondary School Kota-38,1
TCH01182,Yogesh Sharma,45,Biology,5,5,3,0,0,317,1,SCH0129,Govt. Senior Secondary School Ghaziabad-129,1
TCH01183,Rajesh Jain,47,Mathematics,2,1,1,0,0,169,0,SCH0077,Govt. Middle School Bikaner-77,0
TCH01184,Naresh Tiwari,46,English,22,15,14,0,0,436,0,SCH0341,Govt. High School Gurgaon-341,1
TCH01185,Usha Mittal,44,Chemistry,9,7,5,0,0,67,0,SCH0359,Govt. Primary School Lucknow-359,0
TCH01186,Rajesh Nair,24,Physical Education,1,1,1,0,0,488,0,SCH0295,Govt. Middle School New-295,0
TCH01187,Pushpa Rao,45,Chemistry,13,7,7,0,0,216,1,SCH0482,Govt. Primary School Jaipur-482,1
TCH01188,Vikram Menon,33,Hindi,3,2,0,0,0,178,0,SCH0207,Govt. Middle School Varanasi-207,0
TCH01189,Naresh Bhat,27,Sanskrit,3,3,3,1,0,167,0,SCH0002,Govt. Senior Secondary School Kota-2,1
TCH01190,Mukesh Singh,55,Geography,5,2,3,1,0,33,0,SCH0400,Govt. Senior Secondary School Jodhpur-400,1
TCH01191,Dinesh Pandey,43,Computer Science,9,5,6,1,1,144,0,SCH0275,Govt. Primary School East-275,1
TCH01192,Lakshmi Verma,56,Computer Science,1,1,0,0,0,5,1,SCH0156,Govt. Middle School South-156,0
TCH01193,Anita Dubey,58,History,23,10,2,1,0,67,0,SCH0491,Govt. Senior Secondary School Central-491,1
TCH01194,Usha Gupta,50,Sanskrit,25,2,3,1,0,111,0,SCH0437,Govt. Primary School Varanasi-437,1
TCH01195,Vinod Reddy,49,Hindi,26,19,8,0,0,305,0,SCH0236,Govt. Senior Secondary School Jaipur-236,1
TCH01196,Devika Verma,40,Chemistry,13,12,9,1,0,148,1,SCH0091,Govt. High School South-91,1
TCH01197,Sanjay Joshi,25,Physical Education,2,2,0,0,0,349,0,SCH0339,Govt. Middle School Kota-339,0
TCH01198,Suresh Reddy,49,Physical Education,2,2,1,0,0,53,0,SCH0200,Govt. Middle School Bikaner-200,0
TCH01199,Pushpa Gupta,38,Computer Science,1,1,0,1,0,61,0,SCH0184,Govt. Primary School Central-184,0
TCH01200,Sanjay Kumar,58,Mathematics,15,5,7,1,0,15,0,SCH0225,Govt. Primary School Agra-225,1
TCH01201,Priya Kaur,29,Geography,2,2,0,1,0,446,1,SCH0099,Govt. Senior Secondary School Faridabad-99,1
TCH01202,Pushpa Shukla,50,Science,5,3,5,1,0,289,1,SCH0123,Govt. Middle School Central-123,1
TCH01203,Sunil Reddy,46,Social Science,15,15,0,0,0,95,1,SCH0406,Govt. High School Gurgaon-406,0
TCH01204,Sunil Bansal,58,Art,1,1,0,0,0,460,1,SCH0256,Govt. Senior Secondary School Faridabad-256,0
TCH01205,Priya Verma,55,Physics,19,18,4,0,0,110,0,SCH0231,Govt. Senior Secondary School Gurgaon-231,1
TCH01206,Usha Aggarwal,46,Physical Education,22,4,1,0,0,98,0,SCH0029,Govt. Primary School Lucknow-29,0
TCH01207,Lakshmi Singh,46,Hindi,6,2,0,1,0,120,1,SCH0022,Govt. Primary School New-22,0
TCH01208,Kamla Chauhan,52,Computer Science,12,7,2,0,0,343,0,SCH0414,Govt. Senior Secondary School Central-414,1
TCH01209,Sunil Kumar,42,Physical Education,8,7,1,0,0,166,1,SCH0446,Govt. Middle School Jodhpur-446,0
TCH01210,Ramesh Jain,24,Science,1,1,1,1,0,442,0,SCH0297,Govt. Middle School East-297,1
TCH01211,Meena Rao,43,Computer Science,17,17,3,1,0,307,0,SCH0019,Govt. Senior Secondary School Bikaner-19,1
TCH01212,Mukesh Jain,51,Geography,1,1,0,1,0,284,0,SCH0010,Govt. Primary School West-10,1
TCH01213,Geeta Bhat,33,Computer Science,10,10,4,0,0,101,0,SCH0024,Govt. Middle School Central-24,1
TCH01214,Rajesh Patel,54,Computer Science,30,9,4,0,0,368,0,SCH0067,Govt. Primary School Udaipur-67,1
TCH01215,Rekha Bansal,57,Art,20,1,3,0,0,169,0,SCH0026,Govt. High School South-26,0
TCH01216,Savita Iyer,48,English,17,5,1,1,0,274,0,SCH0050,Govt. Senior Secondary School Ajmer-50,1
TCH01217,Anita Gupta,40,Sanskrit,3,1,1,1,0,64,0,SCH0428,Govt. High School Faridabad-428,0
TCH01218,Suresh Singh,59,Biology,7,6,4,0,0,272,0,SCH0419,Govt. Primary School Central-419,1
TCH01219,Saroj Mishra,26,Science,1,1,1,0,1,396,0,SCH0305,Govt. Primary School Noida-305,1
TCH01220,Sanjay Chaudhary,24,Physics,1,1,0,0,0,208,0,SCH0412,Govt. Primary School Central-412,0
TCH01221,Lakshmi Pandey,32,Science,8,3,4,0,1,46,0,SCH0416,Govt. Primary School Faridabad-416,0
TCH01222,Vikas Menon,33,English,9,6,7,1,1,322,0,SCH0500,Govt. Middle School Varanasi-500,1
TCH01223,Nita Malhotra,33,Mathematics,7,4,5,1,0,368,0,SCH0165,Govt. Primary School Gurgaon-165,1
TCH01224,Pooja Pandey,26,Science,2,2,2,0,0,9,1,SCH0304,Govt. Middle School New-304,0
TCH01225,Seema Kumar,36,Art,3,3,3,0,0,290,1,SCH0062,Govt. High School North-62,1
TCH01226,Arun Bhat,58,Physics,4,1,4,0,1,146,0,SCH0213,Govt. Senior Secondary School Kanpur-213,0
TCH01227,Arun Chauhan,34,Hindi,6,4,2,1,0,2,1,SCH0284,Govt. Primary School Bikaner-284,0
TCH01228,Anita Verma,46,English,16,3,9,1,0,275,0,SCH0474,Govt. Primary School Gurgaon-474,1
TCH01229,Saroj Shukla,50,Art,21,12,1,1,0,213,0,SCH0052,Govt. Middle School Lucknow-52,1
TCH01230,Priya Mittal,41,Biology,14,5,4,0,0,315,0,SCH0081,Govt. High School Gurgaon-81,1
TCH01231,Rajesh Sharma,54,English,15,12,12,1,0,211,0,SCH0042,Govt. High School Jodhpur-42,1
TCH01232,Anita Bhat,50,Computer Science,25,8,5,0,0,442,0,SCH0475,Govt. Primary School Kanpur-475,1
TCH01233,Vinod Chaudhary,38,Physical Education,8,8,0,0,0,132,1,SCH0304,Govt. Middle School New-304,0
TCH01234,Mukesh Bhat,37,English,2,2,0,1,0,333,1,SCH0414,Govt. Senior Secondary School Central-414,1
TCH01235,Meena Reddy,27,Social Science,4,4,0,0,0,348,0,SCH0106,Govt. Middle School West-106,0
TCH01236,Yogesh Chaudhary,60,Hindi,10,9,3,0,0,55,0,SCH0268,Govt. Middle School North-268,1
TCH01237,Pooja Iyer,59,Physical Education,13,2,0,0,1,440,0,SCH0481,Govt. Senior Secondary School Jaipur-481,1
TCH01238,Ajay Patel,29,Physical Education,6,3,3,0,0,158,0,SCH0020,Govt. Senior Secondary School Kota-20,0
TCH01239,Saroj Gupta,50,Computer Science,8,8,4,0,0,321,1,SCH0256,Govt. Senior Secondary School Faridabad-256,1
TCH01240,Rekha Dubey,40,Chemistry,7,3,3,0,0,394,0,SCH0424,Govt. Primary School Varanasi-424,0
TCH01241,Devika Mishra,47,Hindi,21,11,7,1,1,428,1,SCH0003,Govt. Senior Secondary School Udaipur-3,1
TCH01242,Kamla Singh,41,Geography,16,2,4,0,0,80,1,SCH0061,Govt. Primary School Kota-61,0
TCH01243,Sunil Nair,30,Hindi,2,2,1,1,0,111,1,SCH0186,Govt. Senior Secondary School Faridabad-186,0
TCH01244,Nita Tiwari,50,Mathematics,25,5,4,1,0,69,0,SCH0238,Govt. Primary School South-238,1
TCH01245,Kavita Aggarwal,27,English,4,1,2,1,0,217,0,SCH0100,Govt. Senior Secondary School Gurgaon-100,1
TCH01246,Mukesh Rao,50,English,4,4,0,0,0,50,0,SCH0351,Govt. High School Ghaziabad-351,0
TCH01247,Amit Verma,49,Computer Science,8,7,6,0,0,441,0,SCH0082,Govt. Primary School West-82,1
TCH01248,Vinod Yadav,45,Chemistry,8,2,0,0,0,24,0,SCH0187,Govt. Senior Secondary School Lucknow-187,0
TCH01249,Usha Iyer,47,Art,24,19,1,0,0,415,0,SCH0129,Govt. Senior Secondary School Ghaziabad-129,1
TCH01250,Savita Verma,51,Science,16,7,7,1,0,203,0,SCH0456,Govt. Senior Secondary School Ghaziabad-456,1
TCH01251,Sunita Jain,49,History,12,11,2,0,0,355,0,SCH0380,Govt. Primary School Agra-380,1
TCH01252,Arun Aggarwal,50,Mathematics,9,7,6,0,0,499,1,SCH0091,Govt. High School South-91,1
TCH01253,Harish Singh,39,Science,3,1,1,0,0,253,1,SCH0249,Govt. Senior Secondary School West-249,0
TCH01254,Geeta Kaur,46,Biology,22,7,8,1,0,3,0,SCH0459,Govt. Primary School New-459,1
TCH01255,Anita Pandey,42,Chemistry,10,3,10,1,0,414,0,SCH0304,Govt. Middle School New-304,1
TCH01256,Ashok Mishra,45,Art,17,4,4,0,0,309,0,SCH0102,Govt. High School Gurgaon-102,1
TCH01257,Ashok Mishra,30,Science,5,5,4,0,0,357,1,SCH0057,Govt. Primary School New-57,1
TCH01258,Pankaj Garg,30,Hindi,5,2,0,1,0,315,0,SCH0122,Govt. High School Ghaziabad-122,1
TCH01259,Ramesh Gupta,51,Biology,16,10,3,1,0,486,0,SCH0193,Govt. Senior Secondary School West-193,1
TCH01260,Pushpa Verma,34,Chemistry,6,1,4,0,0,251,0,SCH0300,Govt. Primary School Central-300,0
TCH01261,Nita Jain,29,Geography,2,1,1,0,1,12,0,SCH0075,Govt. Middle School Varanasi-75,0
TCH01262,Pooja Shukla,55,Physics,26,18,4,0,0,263,0,SCH0233,Govt. Primary School Jodhpur-233,1
TCH01263,Savita Kaur,45,Hindi,16,11,7,1,0,408,1,SCH0070,Govt. High School Kota-70,1
TCH01264,Dinesh Tiwari,50,Hindi,17,1,14,0,0,35,1,SCH0324,Govt. Middle School Central-324,0
TCH01265,Deepak Verma,27,Physical Education,2,2,0,1,1,3,0,SCH0172,Govt. Senior Secondary School North-172,1
TCH01266,Sunita Tiwari,46,English,16,6,4,1,1,443,1,SCH0292,Govt. High School Jodhpur-292,1
TCH01267,Savita Chauhan,39,Chemistry,5,3,0,0,0,174,0,SCH0057,Govt. Primary School New-57,0
TCH01268,Usha Mishra,51,Social Science,10,9,2,0,0,237,0,SCH0088,Govt. High School Ghaziabad-88,1
TCH01269,Arun Aggarwal,39,Art,5,4,3,0,0,5,1,SCH0310,Govt. Middle School West-310,0
TCH01270,Saroj Mittal,28,English,1,1,0,0,0,117,0,SCH0327,Govt. High School Faridabad-327,0
TCH01271,Devika Garg,60,Hindi,18,16,13,1,0,293,0,SCH0296,Govt. Middle School North-296,1
TCH01272,Pankaj Garg,37,History,2,1,1,0,0,170,0,SCH0045,Govt. Senior Secondary School New-45,0
TCH01273,Nita Pillai,41,Biology,17,17,12,0,0,303,0,SCH0251,Govt. Primary School New-251,1
TCH01274,Savita Tiwari,36,Mathematics,12,7,10,0,0,76,1,SCH0429,Govt. Middle School Central-429,1
TCH01275,Radha Kaur,51,Sanskrit,2,1,0,1,0,253,0,SCH0374,Govt. Senior Secondary School Bikaner-374,1
TCH01276,Geeta Pandey,52,Chemistry,3,3,3,0,0,77,1,SCH0127,Govt. High School Central-127,0
TCH01277,Ramesh Mittal,26,Geography,1,1,0,0,0,219,0,SCH0297,Govt. Middle School East-297,0
TCH01278,Meena Jain,41,Geography,5,2,1,1,0,64,1,SCH0485,Govt. Senior Secondary School New-485,0
TCH01279,Rajesh Chaudhary,41,Mathematics,18,2,4,1,0,93,0,SCH0460,Govt. High School Ghaziabad-460,1
TCH01280,Mukesh Kaur,44,Art,15,4,7,0,0,349,0,SCH0021,Govt. Middle School Faridabad-21,1
TCH01281,Amit Chaudhary,49,History,1,1,1,1,0,186,0,SCH0259,Govt. Primary School North-259,0
TCH01282,Mukesh Aggarwal,24,Art,1,1,0,0,0,171,0,SCH0202,Govt. High School West-202,0
TCH01283,Suresh Chauhan,45,Biology,10,2,0,0,0,61,0,SCH0357,Govt. Senior Secondary School Ghaziabad-357,0
TCH01284,Anita Menon,29,Art,3,1,2,0,1,59,0,SCH0124,Govt. High School Ghaziabad-124,0
TCH01285,Pankaj Yadav,27,English,2,2,0,0,0,367,1,SCH0007,Govt. Primary School South-7,0
TCH01286,Vinod Mishra,61,Computer Science,23,14,13,0,0,375,0,SCH0184,Govt. Primary School Central-184,1
TCH01287,Priya Rao,35,Computer Science,9,4,6,1,0,486,0,SCH0047,Govt. Middle School Agra-47,1
TCH01288,Arun Bhat,28,Biology,2,2,2,0,0,7,0,SCH0157,Govt. Senior Secondary School Jodhpur-157,0
TCH01289,Vikas Kaur,47,Geography,21,11,10,1,0,61,0,SCH0440,Govt. High School Lucknow-440,1
TCH01290,Savita Chauhan,49,Art,25,7,11,0,0,175,1,SCH0013,Govt. High School Kota-13,1
TCH01291,Lakshmi Patel,60,Art,3,3,2,0,0,378,1,SCH0071,Govt. Middle School Bikaner-71,0
TCH01292,Shanti Reddy,42,Biology,5,2,1,1,0,66,1,SCH0447,Govt. Middle School East-447,0
TCH01293,Rajesh Garg,61,Computer Science,13,10,2,1,0,343,0,SCH0361,Govt. High School South-361,1
TCH01294,Naresh Mittal,33,Physical Education,2,2,2,0,0,375,1,SCH0037,Govt. High School Jaipur-37,0
TCH01295,Kamla Verma,52,Social Science,7,5,4,0,0,75,0,SCH0171,Govt. Middle School Ajmer-171,0
TCH01296,Seema Bhat,33,Geography,5,2,1,1,1,450,1,SCH0219,Govt. Primary School Ajmer-219,1
TCH01297,Vikas Aggarwal,44,Hindi,9,4,2,0,0,205,0,SCH0278,Govt. Senior Secondary School Lucknow-278,0
TCH01298,Anita Iyer,50,Physics,1,1,1,0,0,453,0,SCH0404,Govt. High School Central-404,0
TCH01299,Sunita Nair,36,Computer Science,11,10,5,0,0,174,0,SCH0377,Govt. Middle School Agra-377,1
TCH01300,Sunita Singh,50,Chemistry,7,4,1,0,0,131,0,SCH0187,Govt. Senior Secondary School Lucknow-187,0
TCH01301,Savita Iyer,43,Mathematics,13,3,9,0,0,174,0,SCH0188,Govt. Middle School Kanpur-188,0
TCH01302,Shanti Patel,49,Computer Science,24,17,2,0,0,305,1,SCH0188,Govt. Middle School Kanpur-188,1
TCH01303,Vikram Menon,49,Physical Education,3,3,3,0,0,256,1,SCH0287,Govt. Middle School Gurgaon-287,1
TCH01304,Nita Kumar,56,Physics,7,5,3,1,0,141,0,SCH0397,Govt. Senior Secondary School Udaipur-397,1
TCH01305,Sunil Singh,35,Computer Science,1,1,1,0,0,17,0,SCH0123,Govt. Middle School Central-123,0
TCH01306,Anita Garg,40,Physical Education,6,2,4,0,0,306,0,SCH0245,Govt. Senior Secondary School Bikaner-245,0
TCH01307,Ramesh Pandey,59,Physics,25,11,11,1,0,49,1,SCH0108,Govt. Senior Secondary School Agra-108,1
TCH01308,Seema Nair,31,Computer Science,6,5,1,0,0,25,0,SCH0460,Govt. High School Ghaziabad-460,0
TCH01309,Seema Verma,59,Science,12,11,2,1,0,228,1,SCH0217,Govt. Middle School Varanasi-217,1
TCH01310,Dinesh Chauhan,41,Biology,16,7,10,0,0,125,1,SCH0191,Govt. Middle School Gurgaon-191,1
TCH01311,Kamla Bansal,61,Science,4,4,3,0,0,190,0,SCH0257,Govt. Middle School West-257,0
TCH01312,Sunil Naidu,37,Sanskrit,13,9,6,1,0,129,0,SCH0241,Govt. High School Udaipur-241,1
TCH01313,Vinod Chauhan,26,Geography,2,2,2,0,1,271,0,SCH0273,Govt. Middle School West-273,1
TCH01314,Vikram Yadav,32,Biology,7,1,3,1,0,330,0,SCH0189,Govt. Senior Secondary School Noida-189,1
TCH01315,Anita Shukla,55,English,6,5,3,0,0,112,0,SCH0045,Govt. Senior Secondary School New-45,0
TCH01316,Vikram Singh,42,English,7,7,1,0,1,244,0,SCH0148,Govt. High School East-148,1
TCH01317,Kavita Bhat,59,English,17,5,11,0,0,376,0,SCH0142,Govt. Middle School New-142,1
TCH01318,Meena Garg,43,Hindi,9,4,4,0,0,272,0,SCH0255,Govt. High School Varanasi-255,0
TCH01319,Priya Joshi,43,Chemistry,13,2,12,0,0,315,1,SCH0267,Govt. Senior Secondary School Bikaner-267,1
TCH01320,Sunil Jain,28,English,3,1,1,1,1,113,0,SCH0497,Govt. High School Ghaziabad-497,1
TCH01321,Dinesh Chaudhary,27,Biology,1,1,1,0,0,140,1,SCH0243,Govt. Middle School Kanpur-243,0
TCH01322,Priya Joshi,59,Hindi,14,2,7,0,0,164,0,SCH0378,Govt. High School Udaipur-378,0
TCH01323,Priya Garg,35,Art,9,3,9,0,0,95,1,SCH0033,Govt. Primary School Jodhpur-33,0
TCH01324,Kamla Reddy,44,Physics,16,15,2,1,1,441,0,SCH0119,Govt. Middle School Noida-119,1
TCH01325,Anita Pandey,39,Computer Science,1,1,1,0,0,283,0,SCH0211,Govt. Middle School North-211,0
TCH01326,Ashok Rao,45,Geography,21,4,13,0,0,488,1,SCH0331,Govt. Senior Secondary School Jodhpur-331,1
TCH01327,Kamla Bansal,55,History,16,3,14,1,0,62,0,SCH0341,Govt. High School Gurgaon-341,1
TCH01328,Savita Joshi,24,Geography,1,1,0,1,0,242,0,SCH0228,Govt. Senior Secondary School Kanpur-228,1
TCH01329,Rekha Patel,51,Art,7,1,5,0,0,45,1,SCH0068,Govt. Senior Secondary School South-68,0
TCH01330,Ramesh Rao,61,Physics,21,14,1,0,0,453,0,SCH0134,Govt. Primary School Noida-134,1
TCH01331,Vinod Malhotra,56,Sanskrit,6,4,1,1,0,141,0,SCH0498,Govt. Primary School Gurgaon-498,0
TCH01332,Meena Dubey,36,Social Science,13,8,10,0,0,82,0,SCH0025,Govt. Middle School North-25,1
TCH01333,Arun Iyer,45,English,2,2,0,0,0,458,1,SCH0234,Govt. High School Agra-234,0
TCH01334,Sunil Joshi,25,English,2,1,1,0,1,431,0,SCH0365,Govt. Senior Secondary School Ajmer-365,1
TCH01335,Pooja Bansal,39,Physical Education,13,10,3,0,0,303,1,SCH0499,Govt. Senior Secondary School East-499,1
TCH01336,Meena Patel,37,Hindi,8,2,1,1,0,441,0,SCH0355,Govt. Senior Secondary School Ajmer-355,1
TCH01337,Amit Pandey,49,Geography,9,4,8,0,0,244,1,SCH0060,Govt. High School Noida-60,1
TCH01338,Yogesh Tiwari,55,Physics,6,3,1,1,0,317,0,SCH0065,Govt. High School Ghaziabad-65,1
TCH01339,Nita Menon,46,Physical Education,17,16,5,1,0,185,1,SCH0095,Govt. Primary School New-95,1
TCH01340,Ashok Dubey,45,English,12,1,11,0,0,159,0,SCH0018,Govt. High School West-18,0
TCH01341,Yogesh Menon,56,English,27,3,11,0,0,47,1,SCH0191,Govt. Middle School Gurgaon-191,0
TCH01342,Rekha Singh,56,Mathematics,33,7,1,0,0,462,1,SCH0274,Govt. High School Agra-274,1
TCH01343,Pushpa Malhotra,48,English,13,7,12,1,0,287,0,SCH0208,Govt. Middle School Ghaziabad-208,1
TCH01344,Savita Jain,36,Physics,8,4,7,0,0,283,0,SCH0486,Govt. Senior Secondary School East-486,0
TCH01345,Rajesh Kaur,53,History,26,19,14,0,0,375,0,SCH0080,Govt. Primary School Jaipur-80,1
TCH01346,Harish Pandey,33,Computer Science,7,5,0,0,0,432,1,SCH0500,Govt. Middle School Varanasi-500,1
TCH01347,Vinod Rao,33,Social Science,2,2,1,0,0,369,0,SCH0362,Govt. High School West-362,0
TCH01348,Vikas Naidu,28,English,2,1,1,1,1,230,1,SCH0497,Govt. High School Ghaziabad-497,1
TCH01349,Vikas Kaur,30,Biology,4,2,2,0,0,382,0,SCH0410,Govt. Senior Secondary School South-410,0
TCH01350,Kavita Kaur,27,Biology,4,4,3,0,1,373,0,SCH0174,Govt. Middle School South-174,1
TCH01351,Amit Kumar,55,Computer Science,15,14,14,0,0,120,0,SCH0461,Govt. Middle School South-461,1
TCH01352,Kavita Joshi,40,Mathematics,10,6,0,1,1,305,0,SCH0283,Govt. Primary School New-283,1
TCH01353,Saroj Bansal,55,Hindi,4,2,4,1,0,82,1,SCH0206,Govt. High School Lucknow-206,1
TCH01354,Dinesh Gupta,32,Physics,6,1,2,1,0,74,1,SCH0229,Govt. High School Agra-229,0
TCH01355,Ajay Reddy,40,Hindi,8,6,1,0,0,245,0,SCH0029,Govt. Primary School Lucknow-29,0
TCH01356,Kamla Mishra,44,Art,14,14,9,0,0,7,0,SCH0299,Govt. Primary School Jaipur-299,1
TCH01357,Seema Yadav,57,Mathematics,16,9,12,1,0,405,0,SCH0480,Govt. Middle School Jodhpur-480,1
TCH01358,Sunil Garg,50,Biology,2,1,0,1,0,68,0,SCH0043,Govt. Senior Secondary School Ajmer-43,0
TCH01359,Anita Nair,53,Chemistry,13,8,5,1,0,66,0,SCH0347,Govt. Senior Secondary School Ghaziabad-347,1
TCH01360,Pushpa Pandey,54,Geography,8,3,7,0,0,306,1,SCH0100,Govt. Senior Secondary School Gurgaon-100,1
TCH01361,Harish Verma,39,Computer Science,13,4,2,1,0,151,0,SCH0310,Govt. Middle School West-310,0
TCH01362,Lakshmi Kumar,57,Physical Education,19,17,4,0,0,308,0,SCH0185,Govt. High School Ajmer-185,1
TCH01363,Radha Dubey,50,Chemistry,15,13,12,0,0,19,0,SCH0438,Govt. Primary School Jodhpur-438,1
TCH01364,Rajesh Joshi,42,Physics,13,5,9,0,0,341,0,SCH0191,Govt. Middle School Gurgaon-191,1
TCH01365,Rekha Chauhan,59,Sanskrit,34,7,2,0,1,335,0,SCH0180,Govt. Senior Secondary School Lucknow-180,1
TCH01366,Anita Yadav,38,Physical Education,8,7,5,0,0,273,0,SCH0288,Govt. Primary School Central-288,1
TCH01367,Yogesh Kaur,40,Chemistry,16,8,6,0,0,456,1,SCH0455,Govt. Senior Secondary School Ajmer-455,1
TCH01368,Yogesh Joshi,56,English,10,1,0,0,0,115,0,SCH0412,Govt. Primary School Central-412,0
TCH01369,Radha Kaur,31,Chemistry,5,1,5,1,0,435,0,SCH0413,Govt. High School Ajmer-413,1
TCH01370,Anita Iyer,58,Science,3,2,0,0,0,221,1,SCH0072,Govt. Middle School Udaipur-72,0
TCH01371,Nita Joshi,37,Biology,2,1,0,0,0,415,1,SCH0074,Govt. Middle School Ajmer-74,0
TCH01372,Kamla Pandey,51,Science,27,2,0,1,0,362,0,SCH0445,Govt. Middle School Central-445,1
TCH01373,Anita Malhotra,36,Chemistry,8,2,7,0,0,70,0,SCH0478,Govt. Senior Secondary School Lucknow-478,0
TCH01374,Rajesh Chaudhary,59,Computer Science,4,1,3,1,0,6,0,SCH0046,Govt. Senior Secondary School Ajmer-46,1
TCH01375,Seema Chaudhary,31,English,7,5,3,0,0,415,1,SCH0469,Govt. High School Gurgaon-469,1
TCH01376,Savita Bhat,50,Geography,24,4,4,1,0,293,0,SCH0285,Govt. Middle School Kanpur-285,1
TCH01377,Deepak Yadav,47,English,8,4,4,0,0,34,1,SCH0387,Govt. High School Kota-387,0
TCH01378,Naresh Joshi,58,History,29,7,1,0,0,378,0,SCH0427,Govt. Primary School Faridabad-427,1
TCH01379,Amit Bansal,38,Sanskrit,1,1,1,0,0,449,0,SCH0252,Govt. Primary School Gurgaon-252,0
TCH01380,Anita Joshi,32,Biology,9,6,2,0,0,377,0,SCH0155,Govt. Primary School Gurgaon-155,0
TCH01381,Savita Mishra,61,Mathematics,2,1,2,0,0,373,0,SCH0287,Govt. Middle School Gurgaon-287,0
TCH01382,Rajesh Kumar,27,Social Science,3,3,2,1,0,360,0,SCH0406,Govt. High School Gurgaon-406,1
TCH01383,Mukesh Singh,44,Computer Science,16,1,3,1,0,340,1,SCH0154,Govt. Middle School Lucknow-154,1
TCH01384,Vinod Chaudhary,44,English,19,19,1,0,0,371,1,SCH0341,Govt. High School Gurgaon-341,1
TCH01385,Geeta Sharma,28,Science,4,1,2,0,0,252,0,SCH0252,Govt. Primary School Gurgaon-252,0
TCH01386,Seema Rao,46,Science,17,6,14,0,0,76,1,SCH0392,Govt. High School South-392,1
TCH01387,Shanti Pillai,52,Biology,6,5,4,0,0,78,0,SCH0307,Govt. Middle School Kanpur-307,0
TCH01388,Radha Garg,26,Social Science,1,1,1,1,0,372,0,SCH0290,Govt. High School North-290,1
TCH01389,Mukesh Bhat,24,Sanskrit,1,1,1,0,0,71,1,SCH0322,Govt. High School Central-322,0
TCH01390,Shanti Nair,58,Physical Education,6,4,4,0,0,119,1,SCH0062,Govt. High School North-62,0
TCH01391,Priya Garg,50,Social Science,7,4,1,0,0,35,1,SCH0295,Govt. Middle School New-295,0
TCH01392,Anita Verma,48,English,9,4,9,1,1,383,1,SCH0084,Govt. Primary School West-84,1
TCH01393,Savita Mittal,44,Physical Education,1,1,1,0,0,315,0,SCH0164,Govt. Senior Secondary School Agra-164,0
TCH01394,Dinesh Patel,53,Mathematics,22,14,10,0,0,12,0,SCH0070,Govt. High School Kota-70,1
TCH01395,Shanti Chaudhary,56,Computer Science,1,1,0,1,0,190,1,SCH0140,Govt. Primary School Udaipur-140,0
TCH01396,Dinesh Verma,49,Social Science,26,12,13,1,0,338,1,SCH0467,Govt. High School Jaipur-467,1
TCH01397,Kamla Reddy,28,Science,1,1,0,0,0,304,1,SCH0150,Govt. Primary School Jodhpur-150,0
TCH01398,Sanjay Malhotra,24,Computer Science,1,1,1,0,0,334,0,SCH0264,Govt. Primary School Udaipur-264,0
TCH01399,Suresh Iyer,49,Art,20,13,0,0,0,22,1,SCH0094,Govt. Middle School Gurgaon-94,0
TCH01400,Sunil Pandey,37,Sanskrit,6,3,6,0,0,267,0,SCH0086,Govt. High School Jaipur-86,0
TCH01401,Rekha Tiwari,58,Computer Science,17,6,6,1,0,450,0,SCH0162,Govt. Middle School Gurgaon-162,1
TCH01402,Shanti Singh,25,History,1,1,1,0,0,350,1,SCH0358,Govt. Primary School Central-358,0
TCH01403,Dinesh Bansal,49,English,12,12,1,0,1,48,0,SCH0297,Govt. Middle School East-297,1
TCH01404,Deepak Nair,47,Social Science,2,2,0,1,0,53,1,SCH0007,Govt. Primary School South-7,0
TCH01405,Pushpa Chaudhary,37,Physics,14,1,5,0,0,345,1,SCH0191,Govt. Middle School Gurgaon-191,1
TCH01406,Arun Singh,38,Hindi,4,1,1,1,0,407,0,SCH0472,Govt. Middle School Ghaziabad-472,1
TCH01407,Harish Mishra,42,Sanskrit,15,12,14,1,1,75,0,SCH0080,Govt. Primary School Jaipur-80,1
TCH01408,Devika Iyer,53,Physical Education,30,6,9,0,0,163,1,SCH0097,Govt. Primary School Central-97,1
TCH01409,Kamla Garg,57,History,16,8,13,1,0,65,0,SCH0426,Govt. High School Jodhpur-426,1
TCH01410,Devika Bhat,24,Art,1,1,0,0,0,408,0,SCH0365,Govt. Senior Secondary School Ajmer-365,0
TCH01411,Kavita Chaudhary,26,Biology,1,1,1,1,0,421,0,SCH0411,Govt. Middle School New-411,1
TCH01412,Vikram Singh,53,Sanskrit,30,19,6,1,0,77,0,SCH0470,Govt. High School Bikaner-470,1
TCH01413,Priya Rao,51,Physics,14,4,5,1,0,254,1,SCH0068,Govt. Senior Secondary School South-68,1
TCH01414,Shanti Kumar,38,Sanskrit,12,3,10,0,0,156,0,SCH0160,Govt. Middle School Faridabad-160,0
TCH01415,Ajay Nair,35,Art,2,1,2,1,0,232,0,SCH0227,Govt. Senior Secondary School Lucknow-227,1
TCH01416,Usha Patel,38,Physical Education,3,2,0,1,0,479,0,SCH0497,Govt. High School Ghaziabad-497,1
TCH01417,Priya Kaur,32,Sanskrit,5,2,4,0,0,73,0,SCH0156,Govt. Middle School South-156,0
TCH01418,Ramesh Kumar,47,Sanskrit,8,8,7,0,0,43,0,SCH0061,Govt. Primary School Kota-61,0
TCH01419,Meena Bhat,57,Hindi,11,2,6,0,0,39,0,SCH0356,Govt. Senior Secondary School South-356,0
TCH01420,Deepak Yadav,43,English,13,13,0,0,1,35,0,SCH0158,Govt. Primary School West-158,1
TCH01421,Radha Bhat,51,Art,26,15,3,0,0,37,0,SCH0041,Govt. Primary School Faridabad-41,1
TCH01422,Kavita Gupta,33,Mathematics,5,1,5,1,0,42,1,SCH0402,Govt. Middle School Faridabad-402,1
TCH01423,Mukesh Malhotra,27,Chemistry,1,1,1,0,0,152,0,SCH0397,Govt. Senior Secondary School Udaipur-397,0
TCH01424,Sanjay Singh,52,Mathematics,2,2,1,1,0,25,0,SCH0022,Govt. Primary School New-22,0
TCH01425,Harish Pillai,39,Mathematics,10,6,10,1,1,135,0,SCH0407,Govt. Senior Secondary School South-407,1
TCH01426,Kavita Jain,30,Social Science,3,1,3,1,0,341,1,SCH0241,Govt. High School Udaipur-241,1
TCH01427,Vikram Joshi,46,Computer Science,19,13,6,1,0,481,0,SCH0023,Govt. High School Faridabad-23,1
TCH01428,Suresh Aggarwal,52,Science,6,1,4,0,0,141,0,SCH0006,Govt. Senior Secondary School West-6,0
TCH01429,Ajay Yadav,31,Geography,7,6,2,0,0,160,0,SCH0472,Govt. Middle School Ghaziabad-472,0
TCH01430,Sanjay Patel,42,Computer Science,2,2,1,0,0,184,0,SCH0462,Govt. Primary School Noida-462,0
TCH01431,Priya Gupta,49,English,17,16,3,1,0,6,1,SCH0180,Govt. Senior Secondary School Lucknow-180,1
TCH01432,Seema Pillai,28,Physics,1,1,0,0,0,203,0,SCH0434,Govt. High School West-434,0
TCH01433,Arun Garg,49,History,18,10,2,0,0,356,1,SCH0181,Govt. Middle School Kota-181,1
TCH01434,Saroj Mishra,50,History,15,10,1,0,0,58,1,SCH0400,Govt. Senior Secondary School Jodhpur-400,0
TCH01435,Vikram Singh,27,Sanskrit,3,2,0,0,0,328,0,SCH0292,Govt. High School Jodhpur-292,0
TCH01436,Rajesh Nair,39,Hindi,15,8,14,0,0,62,0,SCH0297,Govt. Middle School East-297,1
TCH01437,Sanjay Joshi,38,English,7,1,0,0,0,197,1,SCH0367,Govt. Primary School Ghaziabad-367,0
TCH01438,Sunil Sharma,49,Physical Education,8,7,5,1,0,84,0,SCH0462,Govt. Primary School Noida-462,1
TCH01439,Nita Jain,41,History,3,3,1,0,1,212,0,SCH0051,Govt. Middle School Udaipur-51,1
TCH01440,Mukesh Dubey,61,Physical Education,15,2,3,0,0,20,0,SCH0436,Govt. High School Jodhpur-436,0
TCH01441,Pooja Chauhan,41,Computer Science,5,4,5,1,0,112,1,SCH0302,Govt. Senior Secondary School Ghaziabad-302,1
TCH01442,Suresh Patel,24,Sanskrit,1,1,1,0,1,22,0,SCH0491,Govt. Senior Secondary School Central-491,0
TCH01443,Naresh Chaudhary,42,Hindi,13,7,13,0,0,218,0,SCH0182,Govt. Senior Secondary School Varanasi-182,1
TCH01444,Ramesh Chaudhary,59,Science,12,7,10,1,0,222,1,SCH0264,Govt. Primary School Udaipur-264,1
TCH01445,Ashok Singh,43,Biology,8,3,5,0,1,499,1,SCH0390,Govt. Middle School Lucknow-390,1
TCH01446,Kamla Kumar,38,Biology,13,6,1,0,0,97,0,SCH0057,Govt. Primary School New-57,0
TCH01447,Shanti Bhat,44,Social Science,14,11,7,1,0,197,1,SCH0391,Govt. Primary School West-391,1
TCH01448,Amit Gupta,56,Physics,7,1,1,0,0,425,0,SCH0286,Govt. Primary School Bikaner-286,0
TCH01449,Kavita Shukla,61,Social Science,30,6,3,0,0,440,0,SCH0253,Govt. Middle School Gurgaon-253,1
TCH01450,Ajay Kaur,36,Social Science,11,6,11,0,0,57,0,SCH0234,Govt. High School Agra-234,1
TCH01451,Yogesh Mishra,32,History,1,1,0,0,1,42,0,SCH0352,Govt. Middle School Varanasi-352,0
TCH01452,Vinod Garg,37,Chemistry,6,6,6,0,0,346,1,SCH0209,Govt. High School Noida-209,1
TCH01453,Vikram Mittal,60,Sanskrit,28,4,3,0,0,195,0,SCH0097,Govt. Primary School Central-97,0
TCH01454,Mukesh Naidu,49,Physics,8,8,3,1,0,341,0,SCH0411,Govt. Middle School New-411,1
TCH01455,Rajesh Naidu,35,Biology,2,2,1,0,0,15,0,SCH0092,Govt. Primary School Kanpur-92,0
TCH01456,Suresh Shukla,51,Biology,25,9,5,1,0,46,0,SCH0345,Govt. High School Ajmer-345,1
TCH01457,Anita Singh,52,English,1,1,1,0,0,341,0,SCH0268,Govt. Middle School North-268,0
TCH01458,Lakshmi Bhat,35,Geography,3,1,1,1,0,166,1,SCH0203,Govt. Primary School Kanpur-203,0
TCH01459,Arun Gupta,30,Physics,4,1,3,0,0,23,0,SCH0053,Govt. Senior Secondary School Ghaziabad-53,0
TCH01460,Sanjay Pandey,49,Hindi,14,10,9,0,1,257,1,SCH0500,Govt. Middle School Varanasi-500,1
TCH01461,Lakshmi Singh,50,Hindi,9,7,9,0,0,22,0,SCH0305,Govt. Primary School Noida-305,0
TCH01462,Radha Kaur,32,Biology,8,5,0,0,0,262,0,SCH0430,Govt. Primary School Bikaner-430,0
TCH01463,Anita Pillai,43,Social Science,12,7,7,0,0,58,0,SCH0143,Govt. Senior Secondary School Kota-143,1
TCH01464,Lakshmi Dubey,45,Biology,17,17,5,0,0,428,1,SCH0388,Govt. Senior Secondary School Noida-388,1
TCH01465,Ajay Shukla,25,Biology,2,1,1,1,0,311,1,SCH0342,Govt. Primary School Agra-342,1
TCH01466,Seema Kumar,51,Art,23,14,8,0,0,386,0,SCH0262,Govt. High School Jodhpur-262,1
TCH01467,Suresh Singh,30,Social Science,6,6,4,1,0,226,0,SCH0233,Govt. Primary School Jodhpur-233,1
TCH01468,Pushpa Mishra,50,Computer Science,9,6,1,1,1,77,0,SCH0251,Govt. Primary School New-251,1
TCH01469,Deepak Sharma,48,Science,4,4,1,1,0,188,1,SCH0483,Govt. Middle School Central-483,0
TCH01470,Sunita Bansal,33,Science,8,2,7,0,1,70,0,SCH0378,Govt. High School Udaipur-378,0
TCH01471,Priya Patel,28,Chemistry,2,2,2,0,0,434,0,SCH0256,Govt. Senior Secondary School Faridabad-256,0
TCH01472,Ashok Kumar,47,Social Science,11,4,2,0,0,474,1,SCH0310,Govt. Middle School West-310,0
TCH01473,Saroj Singh,55,Art,8,8,7,0,0,358,0,SCH0319,Govt. High School Ajmer-319,1
TCH01474,Kamla Malhotra,44,Biology,10,10,9,1,0,400,0,SCH0040,Govt. High School Jodhpur-40,1
TCH01475,Savita Yadav,42,Social Science,17,14,7,1,1,191,0,SCH0406,Govt. High School Gurgaon-406,1
TCH01476,Pushpa Rao,42,History,7,1,0,0,1,129,0,SCH0339,Govt. Middle School Kota-339,0
TCH01477,Sunil Pandey,28,Art,5,4,2,0,0,142,1,SCH0134,Govt. Primary School Noida-134,0
TCH01478,Sunil Menon,43,Mathematics,13,12,9,0,0,412,1,SCH0441,Govt. Senior Secondary School Varanasi-441,1
TCH01479,Amit Chaudhary,34,Science,11,9,5,0,0,83,1,SCH0488,Govt. Senior Secondary School Agra-488,1
TCH01480,Yogesh Pandey,33,Sanskrit,6,5,6,0,0,167,0,SCH0197,Govt. Middle School Udaipur-197,0
TCH01481,Yogesh Chauhan,24,Mathematics,1,1,1,0,0,301,0,SCH0193,Govt. Senior Secondary School West-193,0
TCH01482,Pooja Menon,45,Computer Science,21,6,10,1,1,353,0,SCH0017,Govt. Primary School Udaipur-17,1
TCH01483,Rekha Mittal,39,Physical Education,6,3,1,1,0,280,0,SCH0441,Govt. Senior Secondary School Varanasi-441,1
TCH01484,Pushpa Chaudhary,45,English,5,3,2,0,0,191,0,SCH0085,Govt. Middle School Udaipur-85,0
TCH01485,Naresh Rao,57,Art,4,2,2,1,0,79,0,SCH0160,Govt. Middle School Faridabad-160,0
TCH01486,Vikas Naidu,48,Biology,4,1,2,0,0,274,0,SCH0057,Govt. Primary School New-57,0
TCH01487,Devika Naidu,44,History,15,3,4,0,0,397,0,SCH0338,Govt. Primary School Faridabad-338,1
TCH01488,Mukesh Rao,30,History,6,6,4,1,0,359,0,SCH0293,Govt. High School Jaipur-293,1
TCH01489,Arun Nair,28,Mathematics,4,4,1,1,1,286,0,SCH0438,Govt. Primary School Jodhpur-438,1
TCH01490,Mahesh Rao,37,Geography,5,3,4,0,0,112,1,SCH0201,Govt. Primary School Bikaner-201,0
TCH01491,Naresh Iyer,59,Computer Science,15,3,5,1,0,472,0,SCH0498,Govt. Primary School Gurgaon-498,1
TCH01492,Vinod Pandey,33,Mathematics,9,2,2,0,0,55,0,SCH0181,Govt. Middle School Kota-181,0
TCH01493,Anita Verma,41,English,16,15,0,1,0,68,0,SCH0015,Govt. Primary School Noida-15,1
TCH01494,Shanti Dubey,42,Art,13,12,2,0,1,498,0,SCH0429,Govt. Middle School Central-429,1
TCH01495,Anita Sharma,58,Art,16,4,7,0,0,119,0,SCH0380,Govt. Primary School Agra-380,0
TCH01496,Usha Shukla,25,Science,1,1,1,0,0,97,1,SCH0457,Govt. Senior Secondary School Ghaziabad-457,0
TCH01497,Dinesh Dubey,47,Chemistry,16,12,0,0,0,337,0,SCH0220,Govt. High School North-220,1
TCH01498,Sunita Naidu,42,Hindi,15,9,9,1,0,485,0,SCH0180,Govt. Senior Secondary School Lucknow-180,1
TCH01499,Geeta Reddy,46,Social Science,8,5,4,0,0,12,0,SCH0127,Govt. High School Central-127,0
TCH01500,Anita Jain,31,Physical Education,1,1,0,0,0,235,0,SCH0304,Govt. Middle School New-304,0
TCH01501,Rekha Singh,30,Physics,4,2,3,0,0,157,0,SCH0034,Govt. Middle School Varanasi-34,0
TCH01502,Priya Menon,54,Physics,12,4,0,0,1,96,0,SCH0087,Govt. Primary School Udaipur-87,0
TCH01503,Savita Naidu,59,Sanskrit,20,3,7,0,0,92,0,SCH0020,Govt. Senior Secondary School Kota-20,0
TCH01504,Vikas Nair,44,Chemistry,6,4,1,0,0,308,0,SCH0217,Govt. Middle School Varanasi-217,0
TCH01505,Priya Bhat,34,Biology,7,2,2,0,0,305,0,SCH0137,Govt. Primary School Faridabad-137,0
TCH01506,Priya Pandey,38,Chemistry,11,11,11,0,0,211,0,SCH0302,Govt. Senior Secondary School Ghaziabad-302,1
TCH01507,Naresh Pandey,34,Geography,3,1,2,0,0,417,1,SCH0293,Govt. High School Jaipur-293,0
TCH01508,Pushpa Singh,41,Physical Education,13,3,4,0,0,61,0,SCH0051,Govt. Middle School Udaipur-51,0
TCH01509,Nita Pandey,55,Biology,26,18,13,0,0,469,0,SCH0346,Govt. Primary School South-346,1
TCH01510,Usha Patel,45,Geography,11,3,0,1,0,249,1,SCH0258,Govt. Primary School Faridabad-258,1
TCH01511,Shanti Chaudhary,59,Hindi,28,14,9,0,0,276,1,SCH0154,Govt. Middle School Lucknow-154,1
TCH01512,Vikram Bansal,53,Sanskrit,8,8,3,0,0,408,0,SCH0255,Govt. High School Varanasi-255,1
TCH01513,Nita Joshi,28,Social Science,3,3,3,1,0,104,1,SCH0275,Govt. Primary School East-275,1
TCH01514,Rekha Pillai,31,Chemistry,7,3,6,0,1,210,1,SCH0025,Govt. Middle School North-25,1
TCH01515,Ramesh Iyer,40,Physical Education,10,3,10,1,0,66,0,SCH0412,Govt. Primary School Central-412,1
TCH01516,Anita Bhat,41,Sanskrit,11,4,9,1,1,334,0,SCH0491,Govt. Senior Secondary School Central-491,1
TCH01517,Suresh Pillai,44,Physics,20,10,12,1,0,478,0,SCH0297,Govt. Middle School East-297,1
TCH01518,Vikram Pillai,26,Art,1,1,0,0,0,56,0,SCH0140,Govt. Primary School Udaipur-140,0
TCH01519,Mukesh Chaudhary,30,Hindi,3,3,0,0,0,171,0,SCH0272,Govt. Middle School East-272,0
TCH01520,Vikram Reddy,36,Sanskrit,12,6,11,1,0,186,1,SCH0178,Govt. Middle School Kota-178,1
TCH01521,Harish Aggarwal,57,Social Science,1,1,1,0,0,17,1,SCH0155,Govt. Primary School Gurgaon-155,0
TCH01522,Sunil Pandey,55,Hindi,1,1,0,1,1,329,0,SCH0222,Govt. High School Varanasi-222,1
TCH01523,Lakshmi Tiwari,56,Geography,23,8,4,0,0,70,0,SCH0213,Govt. Senior Secondary School Kanpur-213,1
TCH01524,Savita Naidu,61,Art,22,15,4,1,0,52,0,SCH0264,Govt. Primary School Udaipur-264,1
TCH01525,Pooja Mittal,61,Mathematics,2,1,0,0,1,82,1,SCH0281,Govt. Primary School East-281,0
TCH01526,Kamla Garg,57,English,14,4,1,0,0,157,0,SCH0322,Govt. High School Central-322,0
TCH01527,Pushpa Yadav,58,Computer Science,13,8,8,0,0,372,1,SCH0296,Govt. Middle School North-296,1
TCH01528,Savita Tiwari,57,Computer Science,19,8,0,1,0,252,0,SCH0493,Govt. High School Jaipur-493,1
TCH01529,Saroj Garg,38,Art,3,3,2,1,0,68,1,SCH0273,Govt. Middle School West-273,0
TCH01530,Radha Jain,27,Geography,2,2,1,0,1,482,0,SCH0465,Govt. Middle School Kota-465,1
TCH01531,Sunita Nair,26,Hindi,3,3,3,0,0,335,0,SCH0373,Govt. Senior Secondary School Varanasi-373,0
TCH01532,Savita Kumar,56,Hindi,3,1,3,0,0,427,0,SCH0187,Govt. Senior Secondary School Lucknow-187,0
TCH01533,Rekha Garg,39,Chemistry,16,13,4,0,1,203,0,SCH0078,Govt. Middle School Gurgaon-78,1
TCH01534,Ashok Garg,44,Sanskrit,11,5,5,0,1,77,1,SCH0211,Govt. Middle School North-211,1
TCH01535,Vikram Reddy,45,Hindi,2,2,2,0,0,5,0,SCH0467,Govt. High School Jaipur-467,0
TCH01536,Pankaj Tiwari,44,Sanskrit,2,2,2,1,0,86,1,SCH0434,Govt. High School West-434,0
TCH01537,Arun Tiwari,46,Computer Science,17,14,4,0,0,104,0,SCH0147,Govt. High School Gurgaon-147,1
TCH01538,Geeta Shukla,45,Hindi,7,1,4,0,0,46,0,SCH0308,Govt. Primary School Varanasi-308,0
TCH01539,Meena Yadav,55,Mathematics,15,5,10,1,0,195,0,SCH0059,Govt. Senior Secondary School Central-59,1
TCH01540,Rekha Chauhan,46,Biology,15,14,11,0,0,101,0,SCH0126,Govt. Senior Secondary School West-126,1
TCH01541,Radha Chaudhary,40,Computer Science,16,15,9,1,0,331,0,SCH0287,Govt. Middle School Gurgaon-287,1
TCH01542,Amit Yadav,54,English,11,6,8,0,0,456,0,SCH0464,Govt. Middle School Gurgaon-464,1
TCH01543,Deepak Sharma,49,Social Science,8,8,7,0,0,57,0,SCH0140,Govt. Primary School Udaipur-140,0
TCH01544,Seema Naidu,32,History,4,1,0,0,0,244,0,SCH0405,Govt. Middle School Lucknow-405,0
TCH01545,Amit Kaur,47,Biology,15,2,3,0,0,0,1,SCH0091,Govt. High School South-91,0
TCH01546,Priya Verma,28,Sanskrit,3,1,0,0,0,436,0,SCH0401,Govt. Senior Secondary School Varanasi-401,0
TCH01547,Anita Pandey,41,Geography,2,1,0,1,0,112,0,SCH0460,Govt. High School Ghaziabad-460,0
TCH01548,Vikram Mittal,44,Chemistry,18,8,13,0,0,305,0,SCH0153,Govt. Primary School Ghaziabad-153,1
TCH01549,Shanti Naidu,46,Computer Science,6,4,6,0,0,402,0,SCH0460,Govt. High School Ghaziabad-460,0
TCH01550,Anita Shukla,46,Sanskrit,15,10,10,0,0,442,0,SCH0454,Govt. Primary School Faridabad-454,1
TCH01551,Deepak Mishra,60,Science,31,11,5,0,0,66,0,SCH0371,Govt. Primary School Ghaziabad-371,1
TCH01552,Harish Jain,32,Science,3,3,0,1,0,404,0,SCH0293,Govt. High School Jaipur-293,1
TCH01553,Anita Malhotra,29,History,6,1,2,1,1,247,0,SCH0268,Govt. Middle School North-268,1
TCH01554,Pushpa Mittal,53,Science,21,1,8,0,1,68,0,SCH0129,Govt. Senior Secondary School Ghaziabad-129,1
TCH01555,Ajay Singh,31,Art,1,1,0,0,0,334,0,SCH0122,Govt. High School Ghaziabad-122,0
TCH01556,Ashok Pandey,50,Sanskrit,13,5,5,1,0,12,0,SCH0414,Govt. Senior Secondary School Central-414,1
TCH01557,Naresh Aggarwal,30,Physical Education,7,7,2,0,0,206,0,SCH0300,Govt. Primary School Central-300,0
TCH01558,Geeta Jain,30,Chemistry,6,2,5,0,0,95,0,SCH0381,Govt. High School Jodhpur-381,0
TCH01559,Meena Singh,55,English,26,7,3,0,0,341,0,SCH0112,Govt. Primary School Bikaner-112,1
TCH01560,Seema Chauhan,44,Chemistry,2,2,0,1,0,319,0,SCH0110,Govt. Primary School Bikaner-110,1
TCH01561,Anita Verma,32,Biology,1,1,0,1,0,131,0,SCH0131,Govt. Senior Secondary School New-131,0
TCH01562,Shanti Bhat,59,Science,2,2,1,0,0,88,1,SCH0274,Govt. High School Agra-274,0
TCH01563,Sunil Chaudhary,31,Biology,4,3,4,1,0,356,0,SCH0163,Govt. Senior Secondary School West-163,1
TCH01564,Geeta Tiwari,50,Art,8,1,1,1,0,446,0,SCH0350,Govt. Middle School Jaipur-350,1
TCH01565,Meena Dubey,40,Biology,8,2,0,0,0,356,0,SCH0480,Govt. Middle School Jodhpur-480,0
TCH01566,Shanti Bansal,57,Social Science,34,19,6,0,0,205,0,SCH0367,Govt. Primary School Ghaziabad-367,1
TCH01567,Ajay Verma,58,Sanskrit,1,1,1,1,1,352,0,SCH0011,Govt. Middle School Lucknow-11,1
TCH01568,Sunita Bhat,49,Art,8,2,1,1,0,265,0,SCH0379,Govt. Primary School New-379,1
TCH01569,Geeta Tiwari,45,History,16,12,10,0,1,194,0,SCH0344,Govt. Middle School Ghaziabad-344,1
TCH01570,Rekha Reddy,32,Physical Education,5,5,5,1,0,259,0,SCH0197,Govt. Middle School Udaipur-197,1
TCH01571,Kavita Menon,50,Sanskrit,8,4,6,0,1,110,0,SCH0186,Govt. Senior Secondary School Faridabad-186,0
TCH01572,Yogesh Shukla,41,Mathematics,4,3,2,0,0,430,0,SCH0122,Govt. High School Ghaziabad-122,0
TCH01573,Lakshmi Jain,37,Social Science,1,1,0,0,0,463,0,SCH0466,Govt. Senior Secondary School Jodhpur-466,0
TCH01574,Anita Jain,60,Sanskrit,26,12,3,0,0,284,1,SCH0155,Govt. Primary School Gurgaon-155,1
TCH01575,Geeta Joshi,41,Hindi,12,2,1,0,0,277,0,SCH0388,Govt. Senior Secondary School Noida-388,0
TCH01576,Arun Jain,24,Biology,1,1,1,0,0,253,1,SCH0441,Govt. Senior Secondary School Varanasi-441,0
TCH01577,Ashok Mittal,25,Art,1,1,0,0,0,252,0,SCH0324,Govt. Middle School Central-324,0
TCH01578,Pankaj Aggarwal,46,Mathematics,20,15,9,1,0,108,1,SCH0393,Govt. Primary School Ajmer-393,1
TCH01579,Anita Bansal,31,Art,2,1,1,0,0,185,0,SCH0141,Govt. Senior Secondary School Jodhpur-141,0
TCH01580,Pushpa Rao,32,Physical Education,7,1,3,0,0,229,0,SCH0482,Govt. Primary School Jaipur-482,0
TCH01581,Usha Bhat,24,Chemistry,1,1,0,0,0,328,0,SCH0212,Govt. Middle School Ghaziabad-212,0
TCH01582,Suresh Bansal,35,English,5,3,4,0,1,307,0,SCH0449,Govt. High School Gurgaon-449,1
TCH01583,Mahesh Nair,52,Science,23,8,0,0,0,412,0,SCH0358,Govt. Primary School Central-358,1
TCH01584,Pankaj Iyer,43,Physical Education,9,7,1,1,0,447,0,SCH0181,Govt. Middle School Kota-181,1
TCH01585,Devika Kaur,57,Physics,20,5,10,0,0,38,0,SCH0417,Govt. Primary School New-417,1
TCH01586,Priya Malhotra,47,Mathematics,24,3,12,0,0,78,1,SCH0233,Govt. Primary School Jodhpur-233,0
TCH01587,Pooja Reddy,52,Biology,10,7,6,0,0,397,0,SCH0329,Govt. Senior Secondary School South-329,1
TCH01588,Deepak Sharma,43,Chemistry,14,12,1,0,0,166,0,SCH0406,Govt. High School Gurgaon-406,0
TCH01589,Rekha Pandey,48,Geography,9,1,4,0,0,79,1,SCH0103,Govt. Middle School Faridabad-103,0
TCH01590,Kavita Patel,34,Hindi,10,4,2,0,0,315,1,SCH0043,Govt. Senior Secondary School Ajmer-43,0
TCH01591,Deepak Garg,40,Geography,7,4,5,0,0,291,0,SCH0265,Govt. Middle School Gurgaon-265,0
TCH01592,Pankaj Aggarwal,34,Physics,8,7,3,0,0,393,0,SCH0352,Govt. Middle School Varanasi-352,1
TCH01593,Mukesh Garg,43,Physical Education,18,16,10,0,0,380,0,SCH0232,Govt. High School Bikaner-232,1
TCH01594,Mahesh Patel,41,Computer Science,14,6,4,0,1,379,0,SCH0069,Govt. Primary School West-69,1
TCH01595,Ashok Aggarwal,45,Social Science,14,6,0,0,0,278,0,SCH0304,Govt. Middle School New-304,1
TCH01596,Anita Chaudhary,25,Physics,2,2,2,0,0,379,0,SCH0102,Govt. High School Gurgaon-102,0
TCH01597,Lakshmi Mittal,30,Chemistry,4,1,4,1,0,300,0,SCH0094,Govt. Middle School Gurgaon-94,1
TCH01598,Vikas Mishra,54,Mathematics,2,2,0,0,0,426,1,SCH0484,Govt. Middle School Lucknow-484,0
TCH01599,Priya Jain,38,History,1,1,0,1,0,7,1,SCH0486,Govt. Senior Secondary School East-486,0
TCH01600,Saroj Reddy,55,Hindi,19,10,3,0,0,23,1,SCH0332,Govt. Primary School Agra-332,1
TCH01601,Anita Chauhan,49,Hindi,25,4,6,1,0,128,0,SCH0465,Govt. Middle School Kota-465,1
TCH01602,Arun Verma,48,Chemistry,16,5,2,0,0,102,0,SCH0135,Govt. Middle School Central-135,0
TCH01603,Radha Iyer,32,Social Science,4,2,0,0,0,116,0,SCH0317,Govt. Middle School Jodhpur-317,0
TCH01604,Anita Dubey,55,English,15,5,8,0,0,350,0,SCH0077,Govt. Middle School Bikaner-77,1
TCH01605,Vikas Singh,27,Mathematics,3,1,1,0,0,270,1,SCH0485,Govt. Senior Secondary School New-485,0
TCH01606,Kamla Chaudhary,54,Art,7,1,7,0,0,413,0,SCH0368,Govt. Middle School Varanasi-368,0
TCH01607,Savita Bansal,52,Computer Science,18,14,2,0,0,390,0,SCH0472,Govt. Middle School Ghaziabad-472,1
TCH01608,Kavita Mishra,28,Physical Education,3,2,2,0,0,291,0,SCH0254,Govt. Primary School Jaipur-254,0
TCH01609,Sanjay Garg,52,Sanskrit,21,13,5,0,0,115,1,SCH0105,Govt. Primary School Ajmer-105,1
TCH01610,Seema Joshi,34,Physical Education,2,2,0,1,0,436,0,SCH0401,Govt. Senior Secondary School Varanasi-401,1
TCH01611,Naresh Kumar,32,Chemistry,2,1,0,1,0,242,0,SCH0254,Govt. Primary School Jaipur-254,1
TCH01612,Nita Iyer,26,Hindi,2,1,2,1,0,484,1,SCH0439,Govt. Senior Secondary School Kota-439,1
TCH01613,Vinod Kaur,55,Computer Science,3,2,3,1,0,446,1,SCH0422,Govt. Primary School Varanasi-422,1
TCH01614,Pankaj Patel,54,Chemistry,23,8,0,0,0,94,0,SCH0097,Govt. Primary School Central-97,0
TCH01615,Meena Sharma,36,Social Science,10,7,1,0,0,399,0,SCH0406,Govt. High School Gurgaon-406,1
TCH01616,Mahesh Mishra,31,Geography,2,2,2,0,0,189,0,SCH0500,Govt. Middle School Varanasi-500,0
TCH01617,Geeta Dubey,35,Geography,9,6,9,0,1,117,0,SCH0231,Govt. Senior Secondary School Gurgaon-231,1
TCH01618,Savita Gupta,47,Mathematics,10,7,6,0,0,113,1,SCH0351,Govt. High School Ghaziabad-351,1
TCH01619,Deepak Garg,33,Physics,3,2,0,0,0,451,0,SCH0241,Govt. High School Udaipur-241,0
TCH01620,Lakshmi Naidu,52,Hindi,17,10,10,0,0,235,0,SCH0499,Govt. Senior Secondary School East-499,1
TCH01621,Naresh Bhat,49,Chemistry,6,3,3,1,0,269,0,SCH0366,Govt. Senior Secondary School East-366,1
TCH01622,Ajay Tiwari,50,Science,1,1,0,1,0,13,0,SCH0377,Govt. Middle School Agra-377,0
TCH01623,Devika Verma,40,Mathematics,3,2,3,0,0,473,0,SCH0049,Govt. Senior Secondary School Agra-49,0
TCH01624,Geeta Rao,53,Physics,20,6,9,1,0,189,0,SCH0171,Govt. Middle School Ajmer-171,1
TCH01625,Ajay Bhat,60,Physical Education,16,5,11,1,1,470,0,SCH0311,Govt. High School Jaipur-311,1
TCH01626,Amit Sharma,54,Social Science,19,11,10,0,0,112,1,SCH0415,Govt. Middle School East-415,1
TCH01627,Saroj Shukla,33,Social Science,7,7,5,0,1,465,0,SCH0259,Govt. Primary School North-259,1
TCH01628,Shanti Kumar,56,History,17,14,1,0,0,96,0,SCH0203,Govt. Primary School Kanpur-203,0
TCH01629,Anita Patel,25,Social Science,2,1,0,1,0,188,1,SCH0022,Govt. Primary School New-22,0
TCH01630,Harish Rao,43,Physics,10,4,1,1,0,282,1,SCH0087,Govt. Primary School Udaipur-87,1
TCH01631,Savita Kumar,24,Science,1,1,1,0,0,446,0,SCH0450,Govt. High School Kanpur-450,0
TCH01632,Kamla Chaudhary,44,English,18,4,12,0,0,439,1,SCH0163,Govt. Senior Secondary School West-163,1
TCH01633,Kavita Pandey,50,Mathematics,19,17,0,0,1,167,0,SCH0134,Govt. Primary School Noida-134,1
TCH01634,Pushpa Garg,45,Sanskrit,15,2,6,0,0,195,0,SCH0066,Govt. Middle School Kanpur-66,0
TCH01635,Shanti Jain,55,Chemistry,4,1,0,0,1,335,1,SCH0144,Govt. Senior Secondary School Kanpur-144,1
TCH01636,Mahesh Iyer,29,Sanskrit,2,1,0,0,0,170,0,SCH0145,Govt. Primary School Bikaner-145,0
TCH01637,Mahesh Nair,48,Physics,16,3,0,1,1,336,0,SCH0390,Govt. Middle School Lucknow-390,1
TCH01638,Arun Pandey,39,Physical Education,15,10,13,0,0,238,0,SCH0224,Govt. Primary School South-224,1
TCH01639,Meena Menon,28,Sanskrit,4,4,4,1,0,317,0,SCH0252,Govt. Primary School Gurgaon-252,1
TCH01640,Yogesh Verma,43,Hindi,12,9,4,1,0,443,0,SCH0473,Govt. High School Central-473,1
TCH01641,Sunita Mishra,53,English,12,9,12,1,0,274,0,SCH0077,Govt. Middle School Bikaner-77,1
TCH01642,Mukesh Tiwari,26,English,1,1,1,1,0,257,0,SCH0019,Govt. Senior Secondary School Bikaner-19,1
TCH01643,Savita Chaudhary,27,Science,1,1,0,0,0,173,1,SCH0362,Govt. High School West-362,0
TCH01644,Pushpa Verma,27,Biology,2,1,0,1,0,483,1,SCH0459,Govt. Primary School New-459,1
TCH01645,Devika Rao,29,Biology,3,3,2,1,0,179,0,SCH0183,Govt. Senior Secondary School Jodhpur-183,0
TCH01646,Kavita Garg,25,Physical Education,1,1,1,0,0,431,0,SCH0253,Govt. Middle School Gurgaon-253,0
TCH01647,Meena Singh,61,Physics,27,4,6,0,0,302,0,SCH0444,Govt. Senior Secondary School Varanasi-444,1
TCH01648,Nita Garg,30,Social Science,6,6,6,0,0,105,1,SCH0048,Govt. Middle School Gurgaon-48,1
TCH01649,Arun Kaur,33,History,7,6,1,1,0,45,0,SCH0093,Govt. Primary School Kanpur-93,1
TCH01650,Seema Pillai,48,Computer Science,8,8,0,1,0,175,0,SCH0422,Govt. Primary School Varanasi-422,1
TCH01651,Nita Pillai,43,Mathematics,15,3,5,0,1,478,0,SCH0300,Govt. Primary School Central-300,1
TCH01652,Vikas Patel,55,Chemistry,13,10,3,0,0,167,0,SCH0270,Govt. Senior Secondary School Udaipur-270,1
TCH01653,Vikram Mishra,34,Art,6,6,0,1,0,381,0,SCH0472,Govt. Middle School Ghaziabad-472,1
TCH01654,Suresh Mittal,56,Physics,32,4,7,0,0,29,1,SCH0256,Govt. Senior Secondary School Faridabad-256,0
TCH01655,Vinod Naidu,39,Computer Science,3,1,0,0,0,278,1,SCH0014,Govt. Middle School South-14,0
TCH01656,Lakshmi Dubey,24,Geography,1,1,0,0,0,208,0,SCH0063,Govt. High School Faridabad-63,0
TCH01657,Suresh Bansal,27,Physics,1,1,1,0,0,470,1,SCH0476,Govt. Primary School East-476,0
TCH01658,Priya Gupta,43,Biology,4,1,1,0,0,462,0,SCH0079,Govt. Senior Secondary School North-79,0
TCH01659,Mukesh Chauhan,48,Computer Science,23,9,0,0,0,451,1,SCH0426,Govt. High School Jodhpur-426,1
TCH01660,Seema Iyer,51,Computer Science,7,2,2,0,1,268,0,SCH0490,Govt. Middle School Lucknow-490,1
TCH01661,Usha Verma,42,Computer Science,19,19,11,1,0,375,0,SCH0003,Govt. Senior Secondary School Udaipur-3,1
TCH01662,Yogesh Pandey,35,Physical Education,5,3,3,1,0,273,1,SCH0319,Govt. High School Ajmer-319,1
TCH01663,Vikas Kumar,50,Hindi,5,4,1,1,0,180,0,SCH0376,Govt. Middle School Udaipur-376,0
TCH01664,Sunita Aggarwal,27,Computer Science,2,2,0,1,0,439,1,SCH0442,Govt. High School Gurgaon-442,1
TCH01665,Ashok Aggarwal,47,Mathematics,18,3,8,0,0,6,0,SCH0145,Govt. Primary School Bikaner-145,0
TCH01666,Vikram Menon,50,Geography,16,5,3,0,0,201,0,SCH0381,Govt. High School Jodhpur-381,1
TCH01667,Anita Shukla,45,Social Science,12,11,0,0,0,403,1,SCH0196,Govt. Middle School Jaipur-196,1
TCH01668,Geeta Malhotra,36,Sanskrit,12,8,4,0,0,426,0,SCH0092,Govt. Primary School Kanpur-92,1
TCH01669,Anita Sharma,58,Sanskrit,34,3,3,0,0,412,0,SCH0205,Govt. Senior Secondary School East-205,1
TCH01670,Arun Shukla,25,Art,2,1,0,1,0,67,1,SCH0107,Govt. Middle School Varanasi-107,0
TCH01671,Vinod Reddy,44,Art,12,12,7,0,0,368,0,SCH0207,Govt. Middle School Varanasi-207,1
TCH01672,Meena Singh,54,Social Science,31,4,2,0,0,197,0,SCH0489,Govt. Senior Secondary School Kanpur-489,0
TCH01673,Radha Kaur,43,Art,9,7,7,0,0,245,0,SCH0252,Govt. Primary School Gurgaon-252,1
TCH01674,Rekha Mittal,51,Computer Science,23,6,2,0,0,3,0,SCH0472,Govt. Middle School Ghaziabad-472,0
TCH01675,Deepak Dubey,34,Computer Science,2,1,1,1,0,439,1,SCH0309,Govt. Middle School Agra-309,1
TCH01676,Shanti Nair,53,Hindi,22,7,2,0,0,194,0,SCH0050,Govt. Senior Secondary School Ajmer-50,0
TCH01677,Yogesh Mittal,57,Chemistry,5,3,4,1,0,206,0,SCH0251,Govt. Primary School New-251,1
TCH01678,Seema Pillai,32,Geography,1,1,0,0,0,172,0,SCH0244,Govt. Senior Secondary School Agra-244,0
TCH01679,Anita Malhotra,37,Chemistry,6,2,6,1,0,133,0,SCH0217,Govt. Middle School Varanasi-217,1
TCH01680,Shanti Iyer,25,English,2,1,2,1,0,160,0,SCH0416,Govt. Primary School Faridabad-416,0
TCH01681,Radha Gupta,24,Mathematics,1,1,1,0,0,431,0,SCH0223,Govt. Middle School Gurgaon-223,0
TCH01682,Usha Chauhan,35,Computer Science,3,2,3,0,0,31,0,SCH0263,Govt. High School Faridabad-263,0
TCH01683,Meena Jain,55,Biology,11,11,2,0,0,336,1,SCH0115,Govt. High School Jodhpur-115,1
TCH01684,Kamla Gupta,33,Social Science,5,2,2,1,0,456,0,SCH0270,Govt. Senior Secondary School Udaipur-270,1
TCH01685,Radha Gupta,34,Art,1,1,1,0,0,25,0,SCH0240,Govt. Senior Secondary School New-240,0
TCH01686,Rekha Kumar,58,English,2,1,0,0,0,170,0,SCH0245,Govt. Senior Secondary School Bikaner-245,0
TCH01687,Rekha Bansal,41,Hindi,6,1,5,0,0,114,0,SCH0351,Govt. High School Ghaziabad-351,0
TCH01688,Radha Joshi,32,Geography,3,3,3,1,0,359,0,SCH0268,Govt. Middle School North-268,1
TCH01689,Devika Gupta,40,Mathematics,7,1,6,0,0,482,0,SCH0025,Govt. Middle School North-25,0
TCH01690,Suresh Nair,42,Chemistry,1,1,0,0,0,44,0,SCH0263,Govt. High School Faridabad-263,0
TCH01691,Suresh Chauhan,29,Computer Science,3,1,1,1,0,402,0,SCH0212,Govt. Middle School Ghaziabad-212,1
TCH01692,Vikas Bansal,34,Social Science,10,1,3,0,0,17,0,SCH0369,Govt. Middle School Central-369,0
TCH01693,Mahesh Pillai,24,Science,1,1,1,1,0,443,0,SCH0182,Govt. Senior Secondary School Varanasi-182,1
TCH01694,Harish Sharma,24,Science,1,1,0,0,0,211,1,SCH0394,Govt. High School Kanpur-394,0
TCH01695,Savita Patel,59,Art,30,7,5,1,0,119,1,SCH0380,Govt. Primary School Agra-380,1
TCH01696,Lakshmi Verma,33,Science,4,2,2,0,0,402,0,SCH0094,Govt. Middle School Gurgaon-94,0
TCH01697,Rekha Pandey,41,Geography,3,2,2,1,0,55,1,SCH0214,Govt. High School East-214,0
TCH01698,Savita Malhotra,45,Computer Science,4,1,1,0,0,37,0,SCH0371,Govt. Primary School Ghaziabad-371,0
TCH01699,Saroj Aggarwal,51,Social Science,10,1,1,1,0,393,0,SCH0231,Govt. Senior Secondary School Gurgaon-231,1
TCH01700,Pooja Yadav,44,English,21,1,2,0,0,176,1,SCH0175,Govt. Middle School Ghaziabad-175,0
TCH01701,Ajay Tiwari,32,Sanskrit,6,1,4,1,0,245,0,SCH0041,Govt. Primary School Faridabad-41,1
TCH01702,Suresh Chaudhary,32,History,2,1,2,0,0,369,0,SCH0345,Govt. High School Ajmer-345,0
TCH01703,Rajesh Shukla,26,Science,2,2,1,0,0,207,0,SCH0010,Govt. Primary School West-10,0
TCH01704,Arun Reddy,48,Biology,6,6,1,0,0,375,1,SCH0007,Govt. Primary School South-7,1
TCH01705,Lakshmi Garg,49,Computer Science,13,12,2,0,0,128,0,SCH0236,Govt. Senior Secondary School Jaipur-236,0
TCH01706,Ajay Kaur,27,Biology,1,1,1,0,0,292,0,SCH0495,Govt. Senior Secondary School Faridabad-495,0
TCH01707,Saroj Bansal,42,Geography,1,1,0,0,0,424,0,SCH0156,Govt. Middle School South-156,0
TCH01708,Lakshmi Aggarwal,30,Social Science,1,1,1,0,0,76,0,SCH0185,Govt. High School Ajmer-185,0
TCH01709,Deepak Kumar,31,Mathematics,8,5,4,0,0,135,0,SCH0045,Govt. Senior Secondary School New-45,0
TCH01710,Kavita Bansal,52,Mathematics,5,4,4,0,0,492,1,SCH0098,Govt. High School Agra-98,1
TCH01711,Sanjay Garg,55,Mathematics,19,17,14,0,0,306,1,SCH0357,Govt. Senior Secondary School Ghaziabad-357,1
TCH01712,Mukesh Reddy,32,English,2,2,2,1,0,37,0,SCH0108,Govt. Senior Secondary School Agra-108,0
TCH01713,Geeta Chaudhary,48,Sanskrit,6,2,0,0,0,382,0,SCH0333,Govt. Middle School Kota-333,0
TCH01714,Sunil Yadav,40,Science,9,9,2,0,0,348,0,SCH0321,Govt. Primary School West-321,0
TCH01715,Savita Kumar,27,Biology,2,2,1,0,0,291,0,SCH0155,Govt. Primary School Gurgaon-155,0
TCH01716,Priya Singh,59,English,16,14,8,0,0,311,0,SCH0217,Govt. Middle School Varanasi-217,1
TCH01717,Meena Kaur,24,Physical Education,1,1,0,1,0,64,0,SCH0463,Govt. Primary School Jaipur-463,0
TCH01718,Pushpa Rao,44,Mathematics,13,1,5,0,0,214,0,SCH0228,Govt. Senior Secondary School Kanpur-228,1
TCH01719,Yogesh Pillai,48,Hindi,12,1,4,0,0,499,1,SCH0441,Govt. Senior Secondary School Varanasi-441,1
TCH01720,Vinod Pillai,35,Sanskrit,1,1,0,0,0,304,0,SCH0104,Govt. High School West-104,0
TCH01721,Lakshmi Verma,45,Physics,9,5,3,0,0,13,1,SCH0427,Govt. Primary School Faridabad-427,1
TCH01722,Suresh Reddy,47,Sanskrit,9,8,6,0,0,418,0,SCH0005,Govt. Primary School New-5,1
TCH01723,Radha Chaudhary,51,Sanskrit,7,4,3,0,0,157,0,SCH0366,Govt. Senior Secondary School East-366,0
TCH01724,Anita Iyer,58,Physical Education,10,10,4,1,0,375,1,SCH0254,Govt. Primary School Jaipur-254,1
TCH01725,Vinod Verma,40,Biology,12,8,4,1,0,14,0,SCH0284,Govt. Primary School Bikaner-284,1
TCH01726,Pushpa Nair,61,Geography,34,9,3,1,0,277,0,SCH0205,Govt. Senior Secondary School East-205,1
TCH01727,Saroj Jain,45,Computer Science,14,14,13,1,0,66,0,SCH0372,Govt. High School Lucknow-372,1
TCH01728,Pushpa Mishra,33,Physical Education,5,2,0,1,1,277,0,SCH0464,Govt. Middle School Gurgaon-464,1
TCH01729,Kamla Sharma,55,Chemistry,8,4,2,0,1,436,0,SCH0032,Govt. High School Jodhpur-32,1
TCH01730,Ashok Menon,56,Science,18,12,0,0,0,62,0,SCH0296,Govt. Middle School North-296,0
TCH01731,Pankaj Mittal,57,Biology,19,13,8,0,0,448,0,SCH0138,Govt. Middle School Bikaner-138,1
TCH01732,Pushpa Iyer,56,Computer Science,32,5,8,0,1,138,1,SCH0060,Govt. High School Noida-60,1
TCH01733,Yogesh Bhat,57,Chemistry,7,7,3,0,0,137,0,SCH0178,Govt. Middle School Kota-178,0
TCH01734,Arun Joshi,31,Physical Education,2,2,2,0,0,126,0,SCH0011,Govt. Middle School Lucknow-11,0
TCH01735,Mukesh Dubey,38,Biology,2,2,0,0,0,487,1,SCH0099,Govt. Senior Secondary School Faridabad-99,0
TCH01736,Harish Mishra,28,Geography,5,3,4,0,0,478,1,SCH0119,Govt. Middle School Noida-119,1
TCH01737,Usha Jain,58,Geography,6,1,4,1,0,489,0,SCH0466,Govt. Senior Secondary School Jodhpur-466,1
TCH01738,Savita Kumar,38,Social Science,6,2,0,0,0,355,1,SCH0437,Govt. Primary School Varanasi-437,0
TCH01739,Naresh Chaudhary,31,Sanskrit,1,1,1,1,0,73,1,SCH0371,Govt. Primary School Ghaziabad-371,0
TCH01740,Shanti Aggarwal,30,Biology,5,4,0,0,0,47,1,SCH0482,Govt. Primary School Jaipur-482,0
TCH01741,Arun Iyer,58,Hindi,1,1,0,0,1,251,0,SCH0410,Govt. Senior Secondary School South-410,1
TCH01742,Anita Naidu,28,Biology,3,3,2,1,0,430,0,SCH0145,Govt. Primary School Bikaner-145,1
TCH01743,Pooja Yadav,35,English,2,1,2,0,0,96,1,SCH0067,Govt. Primary School Udaipur-67,0
TCH01744,Pushpa Singh,52,Art,13,5,8,1,0,293,1,SCH0311,Govt. High School Jaipur-311,1
TCH01745,Pushpa Joshi,60,Hindi,33,11,7,1,0,147,0,SCH0213,Govt. Senior Secondary School Kanpur-213,1
TCH01746,Devika Verma,48,Mathematics,15,4,14,0,0,241,0,SCH0108,Govt. Senior Secondary School Agra-108,1
TCH01747,Mahesh Dubey,60,Computer Science,2,2,1,0,0,414,0,SCH0184,Govt. Primary School Central-184,0
TCH01748,Pooja Bansal,49,Sanskrit,1,1,0,1,0,177,0,SCH0082,Govt. Primary School West-82,0
TCH01749,Harish Verma,59,Art,15,6,5,0,0,314,0,SCH0458,Govt. Primary School Udaipur-458,1
TCH01750,Usha Chaudhary,56,Science,15,14,1,1,1,90,1,SCH0033,Govt. Primary School Jodhpur-33,1
TCH01751,Ramesh Singh,54,History,22,3,5,0,0,0,0,SCH0317,Govt. Middle School Jodhpur-317,0
TCH01752,Pushpa Tiwari,59,Physics,12,4,6,1,0,284,1,SCH0115,Govt. High School Jodhpur-115,1
TCH01753,Dinesh Malhotra,42,Mathematics,4,1,0,0,0,455,0,SCH0402,Govt. Middle School Faridabad-402,0
TCH01754,Devika Tiwari,45,English,18,16,1,0,0,375,0,SCH0395,Govt. Primary School Jodhpur-395,1
TCH01755,Harish Iyer,25,Computer Science,1,1,1,0,0,242,0,SCH0437,Govt. Primary School Varanasi-437,0
TCH01756,Sunita Jain,57,Biology,34,18,8,1,0,443,0,SCH0054,Govt. High School West-54,1
TCH01757,Savita Bansal,35,Art,5,2,5,1,0,426,1,SCH0410,Govt. Senior Secondary School South-410,1
TCH01758,Suresh Aggarwal,47,Geography,19,5,8,0,0,138,0,SCH0057,Govt. Primary School New-57,1
TCH01759,Suresh Bansal,39,History,2,1,2,0,1,316,1,SCH0313,Govt. Middle School Ajmer-313,1
TCH01760,Harish Singh,42,English,5,4,4,0,0,349,0,SCH0022,Govt. Primary School New-22,0
TCH01761,Kavita Garg,53,Hindi,23,9,3,1,0,218,0,SCH0323,Govt. Middle School Central-323,1
TCH01762,Shanti Patel,36,Physical Education,4,1,4,1,0,334,0,SCH0467,Govt. High School Jaipur-467,1
TCH01763,Yogesh Malhotra,28,History,4,4,1,0,0,24,0,SCH0150,Govt. Primary School Jodhpur-150,0
TCH01764,Suresh Kumar,54,Computer Science,20,8,11,0,0,188,1,SCH0256,Govt. Senior Secondary School Faridabad-256,1
TCH01765,Usha Bansal,49,English,22,10,10,0,0,26,0,SCH0187,Govt. Senior Secondary School Lucknow-187,1
TCH01766,Sanjay Chauhan,57,Chemistry,23,1,2,1,0,285,1,SCH0063,Govt. High School Faridabad-63,1
TCH01767,Rajesh Mishra,28,Sanskrit,1,1,0,0,0,442,1,SCH0394,Govt. High School Kanpur-394,0
TCH01768,Mukesh Pandey,31,Social Science,3,3,0,0,0,154,0,SCH0415,Govt. Middle School East-415,0
TCH01769,Arun Gupta,49,Social Science,21,19,4,0,0,223,1,SCH0259,Govt. Primary School North-259,1
TCH01770,Pankaj Dubey,26,Computer Science,3,1,3,1,0,268,1,SCH0191,Govt. Middle School Gurgaon-191,1
TCH01771,Geeta Kumar,31,Art,3,2,2,0,0,81,0,SCH0341,Govt. High School Gurgaon-341,0
TCH01772,Kamla Chaudhary,61,Art,16,7,7,0,0,383,0,SCH0386,Govt. Senior Secondary School South-386,1
TCH01773,Deepak Aggarwal,27,Chemistry,4,4,1,0,0,400,1,SCH0117,Govt. Middle School Ghaziabad-117,0
TCH01774,Pankaj Mittal,37,Biology,6,4,2,0,0,7,1,SCH0212,Govt. Middle School Ghaziabad-212,0
TCH01775,Kamla Aggarwal,33,Computer Science,1,1,0,0,0,20,0,SCH0488,Govt. Senior Secondary School Agra-488,0
TCH01776,Priya Chauhan,32,English,6,2,0,1,0,489,0,SCH0186,Govt. Senior Secondary School Faridabad-186,1
TCH01777,Rajesh Bhat,32,Art,6,1,4,0,0,71,0,SCH0395,Govt. Primary School Jodhpur-395,0
TCH01778,Vikram Gupta,55,Physics,13,4,3,0,0,457,1,SCH0265,Govt. Middle School Gurgaon-265,1
TCH01779,Lakshmi Malhotra,52,English,24,7,4,1,0,257,0,SCH0162,Govt. Middle School Gurgaon-162,1
TCH01780,Sunita Shukla,55,Art,29,14,0,0,0,433,0,SCH0223,Govt. Middle School Gurgaon-223,1
TCH01781,Meena Mittal,49,Geography,12,9,6,0,0,350,1,SCH0019,Govt. Senior Secondary School Bikaner-19,1
TCH01782,Kamla Joshi,35,Chemistry,3,1,0,0,0,33,0,SCH0030,Govt. High School North-30,0
TCH01783,Devika Garg,31,Social Science,5,3,4,1,0,42,1,SCH0206,Govt. High School Lucknow-206,1
TCH01784,Ashok Jain,40,Physics,2,2,2,0,0,253,0,SCH0370,Govt. High School Kanpur-370,0
TCH01785,Seema Mittal,58,History,6,6,4,0,0,162,1,SCH0005,Govt. Primary School New-5,1
TCH01786,Meena Bhat,30,Chemistry,7,5,5,0,1,31,0,SCH0313,Govt. Middle School Ajmer-313,1
TCH01787,Nita Mittal,50,History,14,12,11,0,0,229,0,SCH0229,Govt. High School Agra-229,1
TCH01788,Saroj Reddy,32,Biology,2,2,0,0,0,71,1,SCH0320,Govt. Primary School Udaipur-320,0
TCH01789,Dinesh Mittal,42,Art,16,11,9,1,0,17,1,SCH0358,Govt. Primary School Central-358,1
TCH01790,Lakshmi Malhotra,26,Hindi,3,3,3,0,0,141,0,SCH0401,Govt. Senior Secondary School Varanasi-401,0
TCH01791,Rekha Gupta,38,Mathematics,15,13,9,1,0,284,1,SCH0452,Govt. High School Noida-452,1
TCH01792,Usha Shukla,38,Physical Education,10,9,8,0,0,360,0,SCH0276,Govt. High School South-276,1
TCH01793,Deepak Nair,26,History,1,1,0,0,0,201,0,SCH0369,Govt. Middle School Central-369,0
TCH01794,Nita Gupta,34,History,8,3,6,0,0,274,1,SCH0146,Govt. Middle School Central-146,1
TCH01795,Rekha Nair,25,Physics,1,1,1,1,0,410,0,SCH0283,Govt. Primary School New-283,1
TCH01796,Arun Sharma,29,Mathematics,6,5,0,0,1,41,0,SCH0388,Govt. Senior Secondary School Noida-388,1
TCH01797,Sunil Pillai,30,Social Science,6,4,0,0,0,352,0,SCH0456,Govt. Senior Secondary School Ghaziabad-456,0
TCH01798,Rekha Kaur,28,Chemistry,5,4,0,1,0,284,0,SCH0124,Govt. High School Ghaziabad-124,1
TCH01799,Kavita Kaur,24,Mathematics,1,1,0,1,0,68,0,SCH0259,Govt. Primary School North-259,0
TCH01800,Shanti Tiwari,47,Computer Science,19,12,3,1,0,225,1,SCH0431,Govt. High School Bikaner-431,1
TCH01801,Dinesh Singh,40,Mathematics,3,1,1,0,0,497,0,SCH0260,Govt. High School Lucknow-260,0
TCH01802,Kavita Chauhan,28,Social Science,5,2,5,1,0,195,0,SCH0388,Govt. Senior Secondary School Noida-388,1
TCH01803,Rajesh Chauhan,24,Physics,1,1,0,1,0,314,0,SCH0294,Govt. Middle School East-294,1
TCH01804,Anita Pillai,57,Physical Education,6,5,0,0,0,262,0,SCH0121,Govt. Middle School Ajmer-121,0
TCH01805,Sunil Garg,24,Geography,1,1,0,0,0,386,0,SCH0458,Govt. Primary School Udaipur-458,0
TCH01806,Dinesh Joshi,56,Social Science,17,13,13,0,0,214,0,SCH0120,Govt. High School New-120,1
TCH01807,Vikas Naidu,52,English,6,3,5,0,0,44,0,SCH0342,Govt. Primary School Agra-342,0
TCH01808,Naresh Nair,54,Physical Education,4,1,4,0,0,260,1,SCH0366,Govt. Senior Secondary School East-366,1
TCH01809,Suresh Pandey,29,History,3,2,1,0,0,109,0,SCH0127,Govt. High School Central-127,0
TCH01810,Sanjay Bansal,38,Art,12,10,5,0,0,446,0,SCH0299,Govt. Primary School Jaipur-299,1
TCH01811,Savita Singh,42,English,13,12,3,1,1,273,1,SCH0185,Govt. High School Ajmer-185,1
TCH01812,Radha Bansal,33,Chemistry,1,1,0,1,1,178,0,SCH0365,Govt. Senior Secondary School Ajmer-365,1
TCH01813,Anita Verma,24,Chemistry,1,1,0,1,0,303,0,SCH0042,Govt. High School Jodhpur-42,1
TCH01814,Deepak Rao,30,Hindi,4,1,2,0,0,357,1,SCH0455,Govt. Senior Secondary School Ajmer-455,0
TCH01815,Vikram Dubey,53,Computer Science,27,17,6,1,1,60,0,SCH0229,Govt. High School Agra-229,1
TCH01816,Lakshmi Pillai,50,History,8,8,3,0,0,20,0,SCH0270,Govt. Senior Secondary School Udaipur-270,0
TCH01817,Lakshmi Garg,50,Social Science,14,11,8,0,0,475,1,SCH0266,Govt. Primary School Varanasi-266,1
TCH01818,Pushpa Reddy,54,Chemistry,21,1,3,1,0,497,0,SCH0300,Govt. Primary School Central-300,1
TCH01819,Pushpa Kaur,31,Chemistry,2,2,0,1,1,272,0,SCH0226,Govt. Senior Secondary School Kanpur-226,1
TCH01820,Arun Kumar,33,History,9,2,7,0,0,496,0,SCH0422,Govt. Primary School Varanasi-422,0
TCH01821,Pushpa Bhat,51,Biology,6,4,2,0,0,379,0,SCH0066,Govt. Middle School Kanpur-66,0
TCH01822,Harish Garg,33,History,5,5,5,0,0,299,0,SCH0067,Govt. Primary School Udaipur-67,1
TCH01823,Nita Chauhan,48,Biology,24,10,8,0,0,179,0,SCH0061,Govt. Primary School Kota-61,1
TCH01824,Arun Menon,35,Physics,9,9,9,0,0,146,0,SCH0017,Govt. Primary School Udaipur-17,0
TCH01825,Kavita Iyer,29,Sanskrit,5,5,5,1,1,61,0,SCH0472,Govt. Middle School Ghaziabad-472,1
TCH01826,Kavita Singh,42,Physics,15,11,3,1,0,63,1,SCH0210,Govt. Middle School West-210,1
TCH01827,Vinod Verma,51,History,18,5,5,0,0,485,0,SCH0293,Govt. High School Jaipur-293,1
TCH01828,Kavita Dubey,35,Social Science,9,9,5,0,0,50,0,SCH0079,Govt. Senior Secondary School North-79,0
TCH01829,Rekha Joshi,36,Biology,8,3,3,0,0,107,0,SCH0192,Govt. High School Faridabad-192,0
TCH01830,Meena Kumar,30,Art,2,1,0,1,0,360,0,SCH0015,Govt. Primary School Noida-15,1
TCH01831,Pankaj Verma,39,Social Science,16,5,1,0,0,342,0,SCH0302,Govt. Senior Secondary School Ghaziabad-302,1
TCH01832,Vinod Yadav,26,English,2,1,2,0,0,21,1,SCH0456,Govt. Senior Secondary School Ghaziabad-456,0
TCH01833,Pushpa Sharma,51,Science,21,13,5,0,0,259,0,SCH0420,Govt. Senior Secondary School Lucknow-420,1
TCH01834,Dinesh Gupta,53,Sanskrit,2,1,2,0,1,408,0,SCH0281,Govt. Primary School East-281,1
TCH01835,Pankaj Rao,46,Geography,20,2,8,0,0,162,1,SCH0023,Govt. High School Faridabad-23,0
TCH01836,Vikas Chauhan,50,Physics,22,14,2,1,1,18,0,SCH0159,Govt. High School North-159,1
TCH01837,Naresh Rao,27,Sanskrit,4,1,1,0,1,241,1,SCH0401,Govt. Senior Secondary School Varanasi-401,1
TCH01838,Ajay Kumar,43,Art,10,8,9,0,0,450,1,SCH0369,Govt. Middle School Central-369,1
TCH01839,Harish Reddy,31,Biology,1,1,0,0,0,285,0,SCH0071,Govt. Middle School Bikaner-71,0
TCH01840,Yogesh Naidu,44,Biology,9,9,2,1,0,403,1,SCH0390,Govt. Middle School Lucknow-390,1
TCH01841,Ashok Gupta,54,Art,10,2,10,0,0,138,0,SCH0077,Govt. Middle School Bikaner-77,0
TCH01842,Saroj Chaudhary,41,Chemistry,2,1,0,1,0,255,0,SCH0320,Govt. Primary School Udaipur-320,1
TCH01843,Lakshmi Pandey,32,History,7,1,2,0,0,446,1,SCH0120,Govt. High School New-120,0
TCH01844,Yogesh Kaur,46,Social Science,11,4,8,1,0,388,1,SCH0024,Govt. Middle School Central-24,1
TCH01845,Anita Garg,24,English,1,1,0,1,0,127,0,SCH0331,Govt. Senior Secondary School Jodhpur-331,0
TCH01846,Priya Pillai,49,Computer Science,8,3,2,0,0,491,1,SCH0363,Govt. Primary School Central-363,0
TCH01847,Rekha Menon,59,Computer Science,21,9,5,1,0,291,1,SCH0408,Govt. High School North-408,1
TCH01848,Devika Gupta,49,Hindi,21,18,14,0,0,27,0,SCH0064,Govt. High School Jodhpur-64,1
TCH01849,Saroj Menon,44,Geography,17,17,7,1,0,286,1,SCH0490,Govt. Middle School Lucknow-490,1
TCH01850,Sunita Pillai,25,History,2,1,1,0,0,249,0,SCH0388,Govt. Senior Secondary School Noida-388,0
TCH01851,Mukesh Nair,51,Mathematics,15,14,12,0,0,92,1,SCH0097,Govt. Primary School Central-97,1
TCH01852,Sunil Patel,29,Mathematics,1,1,0,0,0,204,1,SCH0062,Govt. High School North-62,0
TCH01853,Nita Mishra,58,Sanskrit,2,1,0,0,0,450,0,SCH0141,Govt. Senior Secondary School Jodhpur-141,0
TCH01854,Anita Chauhan,25,Science,2,2,0,1,0,169,1,SCH0362,Govt. High School West-362,0
TCH01855,Sunil Iyer,61,Physics,7,5,4,0,0,130,0,SCH0414,Govt. Senior Secondary School Central-414,0
TCH01856,Anita Verma,24,Biology,1,1,1,1,0,141,0,SCH0206,Govt. High School Lucknow-206,0
TCH01857,Priya Pandey,46,Chemistry,3,3,2,0,0,334,0,SCH0442,Govt. High School Gurgaon-442,0
TCH01858,Pankaj Sharma,40,Sanskrit,7,4,1,1,0,139,0,SCH0093,Govt. Primary School Kanpur-93,0
TCH01859,Ashok Shukla,49,Social Science,8,6,1,0,0,245,0,SCH0271,Govt. Middle School Lucknow-271,0
TCH01860,Kavita Singh,46,History,13,3,10,0,1,64,0,SCH0047,Govt. Middle School Agra-47,1
TCH01861,Vinod Kumar,50,English,15,4,13,0,0,86,0,SCH0087,Govt. Primary School Udaipur-87,0
TCH01862,Anita Kumar,47,Social Science,15,3,3,0,0,293,0,SCH0131,Govt. Senior Secondary School New-131,1
TCH01863,Pankaj Naidu,50,English,10,6,7,0,0,440,0,SCH0488,Govt. Senior Secondary School Agra-488,1
TCH01864,Saroj Pandey,30,English,3,2,0,0,0,409,1,SCH0031,Govt. Senior Secondary School East-31,0
TCH01865,Sunita Joshi,25,Chemistry,2,2,0,0,0,140,0,SCH0014,Govt. Middle School South-14,0
TCH01866,Ashok Kumar,47,Chemistry,24,5,2,0,0,43,0,SCH0051,Govt. Middle School Udaipur-51,0
TCH01867,Ashok Tiwari,45,Chemistry,9,1,7,0,0,220,0,SCH0458,Govt. Primary School Udaipur-458,0
TCH01868,Kavita Verma,26,Hindi,2,2,2,0,0,293,0,SCH0483,Govt. Middle School Central-483,0
TCH01869,Ajay Pillai,29,Hindi,1,1,0,0,1,464,0,SCH0123,Govt. Middle School Central-123,1
TCH01870,Harish Malhotra,60,History,17,17,3,0,0,217,0,SCH0253,Govt. Middle School Gurgaon-253,1
TCH01871,Kavita Tiwari,42,Mathematics,11,7,3,1,0,40,0,SCH0198,Govt. Senior Secondary School Varanasi-198,1
TCH01872,Savita Menon,33,Chemistry,6,2,1,0,0,5,1,SCH0163,Govt. Senior Secondary School West-163,0
TCH01873,Mukesh Sharma,40,Chemistry,16,12,4,1,0,393,0,SCH0034,Govt. Middle School Varanasi-34,1
TCH01874,Ramesh Jain,47,Mathematics,19,1,3,0,0,401,0,SCH0325,Govt. Primary School Udaipur-325,1
TCH01875,Devika Pillai,29,Computer Science,5,2,1,1,0,169,0,SCH0138,Govt. Middle School Bikaner-138,0
TCH01876,Geeta Malhotra,47,History,17,17,12,0,0,176,0,SCH0052,Govt. Middle School Lucknow-52,1
TCH01877,Deepak Joshi,42,Geography,14,14,13,1,0,122,0,SCH0334,Govt. Middle School Faridabad-334,1
TCH01878,Yogesh Gupta,39,Sanskrit,1,1,1,0,0,327,1,SCH0209,Govt. High School Noida-209,0
TCH01879,Harish Yadav,41,Art,6,6,3,1,0,433,0,SCH0326,Govt. Middle School Varanasi-326,1
TCH01880,Meena Dubey,32,History,8,6,2,0,0,451,0,SCH0496,Govt. Middle School Bikaner-496,0
TCH01881,Geeta Menon,26,Chemistry,3,3,2,1,1,285,0,SCH0087,Govt. Primary School Udaipur-87,1
TCH01882,Devika Chauhan,41,Mathematics,9,8,9,1,1,305,0,SCH0493,Govt. High School Jaipur-493,1
TCH01883,Savita Bansal,36,Geography,13,6,10,0,0,211,0,SCH0001,Govt. Senior Secondary School West-1,1
TCH01884,Arun Sharma,37,Mathematics,13,8,12,0,0,469,0,SCH0149,Govt. Primary School Central-149,1
TCH01885,Mukesh Tiwari,26,Geography,3,2,1,0,0,368,0,SCH0478,Govt. Senior Secondary School Lucknow-478,0
TCH01886,Naresh Dubey,39,Sanskrit,10,5,9,0,0,85,1,SCH0129,Govt. Senior Secondary School Ghaziabad-129,1
TCH01887,Nita Pillai,27,Sanskrit,4,2,1,0,0,212,0,SCH0324,Govt. Middle School Central-324,0
TCH01888,Vinod Verma,44,English,16,5,3,0,0,242,0,SCH0262,Govt. High School Jodhpur-262,1
TCH01889,Sunil Pillai,41,Science,16,16,8,0,0,217,0,SCH0379,Govt. Primary School New-379,1
TCH01890,Anita Shukla,59,Physical Education,3,3,0,1,0,455,0,SCH0154,Govt. Middle School Lucknow-154,1
TCH01891,Deepak Kaur,30,History,3,2,0,0,1,76,1,SCH0063,Govt. High School Faridabad-63,0
TCH01892,Radha Yadav,52,Geography,9,6,4,0,0,167,0,SCH0144,Govt. Senior Secondary School Kanpur-144,0
TCH01893,Ashok Mittal,31,Computer Science,4,2,2,0,0,48,0,SCH0259,Govt. Primary School North-259,0
TCH01894,Usha Reddy,41,Social Science,14,14,1,0,0,307,0,SCH0485,Govt. Senior Secondary School New-485,1
TCH01895,Yogesh Tiwari,38,Hindi,9,4,4,1,0,95,0,SCH0386,Govt. Senior Secondary School South-386,1
TCH01896,Ashok Pandey,49,Hindi,5,5,3,1,0,127,0,SCH0340,Govt. High School Ajmer-340,1
TCH01897,Ajay Pandey,61,Mathematics,29,4,1,0,0,263,0,SCH0236,Govt. Senior Secondary School Jaipur-236,0
TCH01898,Deepak Reddy,40,Mathematics,2,2,0,1,0,289,0,SCH0468,Govt. Primary School South-468,1
TCH01899,Mukesh Sharma,33,Mathematics,6,3,3,0,0,443,0,SCH0312,Govt. Primary School Kanpur-312,0
TCH01900,Pooja Chaudhary,50,History,21,2,1,0,0,447,1,SCH0345,Govt. High School Ajmer-345,0
TCH01901,Pushpa Malhotra,35,Chemistry,3,1,1,1,0,424,0,SCH0459,Govt. Primary School New-459,1
TCH01902,Anita Aggarwal,38,Computer Science,15,15,11,0,0,249,0,SCH0276,Govt. High School South-276,1
TCH01903,Vikram Menon,57,Mathematics,17,7,5,0,0,468,0,SCH0334,Govt. Middle School Faridabad-334,1
TCH01904,Yogesh Naidu,59,Science,5,1,0,0,0,248,0,SCH0457,Govt. Senior Secondary School Ghaziabad-457,0
TCH01905,Naresh Bansal,28,Geography,2,1,2,0,0,324,1,SCH0181,Govt. Middle School Kota-181,0
TCH01906,Naresh Patel,27,Sanskrit,3,3,1,1,0,385,0,SCH0184,Govt. Primary School Central-184,1
TCH01907,Rajesh Singh,33,Biology,6,1,6,0,0,405,0,SCH0394,Govt. High School Kanpur-394,0
TCH01908,Sanjay Chauhan,50,Mathematics,8,2,5,1,0,34,1,SCH0190,Govt. High School Gurgaon-190,1
TCH01909,Priya Malhotra,28,Social Science,3,1,1,0,0,358,0,SCH0114,Govt. Middle School Bikaner-114,0
TCH01910,Dinesh Yadav,37,Science,10,10,4,0,0,422,0,SCH0349,Govt. High School Faridabad-349,1
TCH01911,Saroj Reddy,36,Social Science,2,1,1,0,0,147,0,SCH0418,Govt. High School Ghaziabad-418,0
TCH01912,Ramesh Mishra,31,Biology,3,3,0,0,0,148,0,SCH0414,Govt. Senior Secondary School Central-414,0
TCH01913,Shanti Verma,40,Social Science,2,2,0,0,0,330,0,SCH0496,Govt. Middle School Bikaner-496,0
TCH01914,Ajay Yadav,48,Mathematics,7,2,7,0,0,155,0,SCH0253,Govt. Middle School Gurgaon-253,0
TCH01915,Lakshmi Singh,29,Sanskrit,2,1,1,1,0,497,1,SCH0101,Govt. High School Gurgaon-101,1
TCH01916,Vikas Nair,26,Biology,1,1,1,0,0,402,0,SCH0143,Govt. Senior Secondary School Kota-143,0
TCH01917,Devika Yadav,42,Computer Science,9,7,4,1,0,6,1,SCH0088,Govt. High School Ghaziabad-88,1
TCH01918,Vikas Naidu,48,Computer Science,17,12,5,0,0,127,1,SCH0379,Govt. Primary School New-379,1
TCH01919,Vikas Patel,27,Science,4,2,4,1,1,59,0,SCH0309,Govt. Middle School Agra-309,1
TCH01920,Deepak Kaur,61,Science,18,4,2,0,0,406,0,SCH0302,Govt. Senior Secondary School Ghaziabad-302,0
TCH01921,Mahesh Jain,54,Geography,27,2,7,1,0,63,0,SCH0066,Govt. Middle School Kanpur-66,1
TCH01922,Ramesh Mittal,39,History,3,2,1,1,0,422,1,SCH0439,Govt. Senior Secondary School Kota-439,1
TCH01923,Seema Yadav,59,Sanskrit,19,19,11,1,0,88,0,SCH0374,Govt. Senior Secondary School Bikaner-374,1
TCH01924,Priya Bhat,53,Computer Science,5,1,1,0,0,230,0,SCH0348,Govt. Primary School Udaipur-348,0
TCH01925,Saroj Tiwari,29,Computer Science,2,2,1,1,0,441,0,SCH0273,Govt. Middle School West-273,1
TCH01926,Savita Sharma,60,Chemistry,23,1,2,1,0,228,0,SCH0287,Govt. Middle School Gurgaon-287,1
TCH01927,Sunita Garg,41,Physics,1,1,0,1,0,484,0,SCH0329,Govt. Senior Secondary School South-329,1
TCH01928,Pankaj Tiwari,42,Science,10,4,8,0,0,153,0,SCH0222,Govt. High School Varanasi-222,0
TCH01929,Kamla Chauhan,30,Biology,1,1,1,0,0,165,1,SCH0349,Govt. High School Faridabad-349,0
TCH01930,Kamla Malhotra,39,Mathematics,3,3,2,0,0,187,1,SCH0186,Govt. Senior Secondary School Faridabad-186,0
TCH01931,Ramesh Verma,26,Social Science,2,2,1,1,0,494,0,SCH0453,Govt. High School West-453,1
TCH01932,Pankaj Menon,43,Biology,18,14,1,0,0,296,0,SCH0471,Govt. Middle School Ajmer-471,1
TCH01933,Rajesh Shukla,34,Hindi,11,7,5,0,0,285,0,SCH0162,Govt. Middle School Gurgaon-162,1
TCH01934,Anita Mittal,24,Geography,1,1,0,0,0,482,0,SCH0172,Govt. Senior Secondary School North-172,0
TCH01935,Priya Kaur,33,Hindi,3,1,1,0,0,101,0,SCH0414,Govt. Senior Secondary School Central-414,0
TCH01936,Radha Gupta,56,Hindi,15,13,14,0,0,290,0,SCH0354,Govt. Middle School North-354,1
TCH01937,Arun Pandey,39,Social Science,8,5,2,0,0,475,0,SCH0101,Govt. High School Gurgaon-101,0
TCH01938,Suresh Sharma,56,Biology,20,8,0,0,0,422,0,SCH0033,Govt. Primary School Jodhpur-33,1
TCH01939,Priya Pillai,59,Art,22,7,6,0,0,279,0,SCH0222,Govt. High School Varanasi-222,1
TCH01940,Usha Bansal,35,Social Science,8,6,8,0,0,431,1,SCH0321,Govt. Primary School West-321,1
TCH01941,Suresh Rao,27,Hindi,4,1,1,0,0,138,0,SCH0127,Govt. High School Central-127,0
TCH01942,Usha Bansal,38,Mathematics,6,3,3,0,0,1,0,SCH0491,Govt. Senior Secondary School Central-491,0
TCH01943,Usha Nair,42,Art,2,1,1,1,0,164,0,SCH0421,Govt. Middle School Jaipur-421,0
TCH01944,Vikram Malhotra,32,Geography,8,4,7,0,0,303,0,SCH0122,Govt. High School Ghaziabad-122,0
TCH01945,Yogesh Malhotra,54,Science,11,7,0,0,0,233,0,SCH0318,Govt. Middle School Kanpur-318,1
TCH01946,Yogesh Pillai,57,Science,26,9,12,1,0,198,0,SCH0321,Govt. Primary School West-321,1
TCH01947,Sunita Jain,26,Mathematics,2,1,1,1,0,185,0,SCH0044,Govt. High School Udaipur-44,0
TCH01948,Ashok Mittal,37,Sanskrit,9,3,9,0,0,289,1,SCH0194,Govt. Middle School Ajmer-194,1
TCH01949,Vikram Aggarwal,41,English,13,5,1,0,0,412,0,SCH0356,Govt. Senior Secondary School South-356,1
TCH01950,Yogesh Verma,31,Social Science,2,1,0,0,0,46,0,SCH0032,Govt. High School Jodhpur-32,0
TCH01951,Radha Gupta,57,Science,31,6,13,0,0,334,1,SCH0313,Govt. Middle School Ajmer-313,1
TCH01952,Sunita Menon,28,Mathematics,4,1,2,0,0,62,0,SCH0347,Govt. Senior Secondary School Ghaziabad-347,0
TCH01953,Naresh Shukla,38,Science,7,6,0,0,1,314,0,SCH0151,Govt. High School Kanpur-151,1
TCH01954,Pankaj Mishra,53,Sanskrit,13,9,0,0,0,250,1,SCH0317,Govt. Middle School Jodhpur-317,1
TCH01955,Saroj Sharma,41,Biology,18,17,4,0,0,99,0,SCH0307,Govt. Middle School Kanpur-307,1
TCH01956,Savita Aggarwal,55,Chemistry,31,5,13,0,0,87,1,SCH0197,Govt. Middle School Udaipur-197,1
TCH01957,Saroj Iyer,58,Science,17,14,9,0,1,46,0,SCH0451,Govt. Senior Secondary School Kanpur-451,1
TCH01958,Priya Chauhan,47,History,2,1,1,1,0,268,0,SCH0174,Govt. Middle School South-174,1
TCH01959,Anita Yadav,55,Science,7,2,5,1,0,215,0,SCH0169,Govt. Middle School Ajmer-169,1
TCH01960,Rajesh Iyer,41,Physical Education,2,2,1,0,0,241,0,SCH0053,Govt. Senior Secondary School Ghaziabad-53,0
TCH01961,Anita Aggarwal,24,Sanskrit,1,1,0,0,0,124,1,SCH0035,Govt. Primary School South-35,0
TCH01962,Vikas Kumar,57,Computer Science,17,10,5,1,0,413,1,SCH0100,Govt. Senior Secondary School Gurgaon-100,1
TCH01963,Mahesh Dubey,30,Chemistry,5,5,0,1,0,139,0,SCH0261,Govt. Middle School West-261,1
TCH01964,Saroj Chauhan,36,English,1,1,1,0,0,289,1,SCH0247,Govt. High School New-247,0
TCH01965,Deepak Aggarwal,61,Mathematics,24,18,1,1,0,496,1,SCH0125,Govt. Primary School Jodhpur-125,1
TCH01966,Deepak Joshi,60,Geography,27,1,4,1,0,235,1,SCH0031,Govt. Senior Secondary School East-31,1
TCH01967,Harish Reddy,25,Art,1,1,1,0,0,251,0,SCH0224,Govt. Primary School South-224,0
TCH01968,Rekha Pillai,37,History,2,2,1,1,0,309,0,SCH0184,Govt. Primary School Central-184,1
TCH01969,Meena Kumar,35,Biology,9,5,5,0,0,66,0,SCH0398,Govt. Senior Secondary School South-398,0
TCH01970,Ajay Pandey,42,Social Science,9,6,9,0,0,236,1,SCH0159,Govt. High School North-159,1
TCH01971,Rajesh Nair,55,Geography,30,4,8,0,1,148,0,SCH0189,Govt. Senior Secondary School Noida-189,1
TCH01972,Meena Verma,25,Hindi,2,1,1,0,1,355,0,SCH0337,Govt. Senior Secondary School Ghaziabad-337,1
TCH01973,Devika Garg,56,Mathematics,23,9,0,1,0,406,1,SCH0260,Govt. High School Lucknow-260,1
TCH01974,Dinesh Yadav,48,Hindi,19,3,11,1,1,241,0,SCH0217,Govt. Middle School Varanasi-217,1
TCH01975,Sanjay Aggarwal,42,Science,7,5,1,0,0,434,0,SCH0328,Govt. Primary School New-328,0
TCH01976,Sanjay Naidu,30,Biology,5,3,1,0,0,40,1,SCH0175,Govt. Middle School Ghaziabad-175,0
TCH01977,Savita Iyer,56,Physical Education,27,19,10,1,1,9,1,SCH0356,Govt. Senior Secondary School South-356,1
TCH01978,Anita Pillai,36,Physics,13,5,9,0,0,186,0,SCH0170,Govt. Primary School Kanpur-170,1
TCH01979,Rekha Chaudhary,38,Physics,13,1,5,1,0,308,0,SCH0316,Govt. Senior Secondary School South-316,1
TCH01980,Suresh Chauhan,34,Art,10,8,5,0,0,5,0,SCH0084,Govt. Primary School West-84,1
TCH01981,Amit Rao,31,Hindi,5,2,5,0,0,264,0,SCH0467,Govt. High School Jaipur-467,0
TCH01982,Rajesh Reddy,37,Hindi,14,10,12,1,0,463,1,SCH0472,Govt. Middle School Ghaziabad-472,1
TCH01983,Ramesh Chauhan,39,Geography,1,1,0,0,0,191,0,SCH0355,Govt. Senior Secondary School Ajmer-355,0
TCH01984,Geeta Rao,52,Physical Education,27,18,4,1,0,89,0,SCH0110,Govt. Primary School Bikaner-110,1
TCH01985,Usha Aggarwal,25,Physical Education,1,1,1,1,0,64,1,SCH0394,Govt. High School Kanpur-394,0
TCH01986,Nita Shukla,58,English,5,4,0,1,1,111,0,SCH0193,Govt. Senior Secondary School West-193,1
TCH01987,Rajesh Dubey,45,Mathematics,11,2,0,1,0,485,0,SCH0423,Govt. Senior Secondary School Lucknow-423,1
TCH01988,Dinesh Sharma,54,History,5,4,3,1,0,214,1,SCH0038,Govt. Senior Secondary School Kota-38,1
TCH01989,Meena Joshi,25,Biology,2,1,2,1,0,319,1,SCH0059,Govt. Senior Secondary School Central-59,1
TCH01990,Anita Jain,39,Art,9,2,4,0,0,268,0,SCH0100,Govt. Senior Secondary School Gurgaon-100,0
TCH01991,Amit Sharma,41,Hindi,14,13,6,0,0,368,1,SCH0185,Govt. High School Ajmer-185,1
TCH01992,Vinod Patel,54,Hindi,19,1,4,1,0,125,0,SCH0102,Govt. High School Gurgaon-102,1
TCH01993,Mahesh Kaur,44,English,9,5,8,0,0,32,1,SCH0454,Govt. Primary School Faridabad-454,1
TCH01994,Devika Mishra,49,English,8,4,0,0,0,261,1,SCH0174,Govt. Middle School South-174,0
TCH01995,Priya Patel,28,Sanskrit,2,2,2,0,0,451,1,SCH0101,Govt. High School Gurgaon-101,0
TCH01996,Suresh Sharma,49,Sanskrit,10,6,0,0,0,94,0,SCH0135,Govt. Middle School Central-135,0
TCH01997,Deepak Shukla,47,Computer Science,21,16,7,0,1,472,0,SCH0347,Govt. Senior Secondary School Ghaziabad-347,1
TCH01998,Kavita Pandey,30,Hindi,7,6,0,0,0,91,0,SCH0404,Govt. High School Central-404,0
TCH01999,Savita Mishra,38,Physics,4,1,2,0,1,89,0,SCH0157,Govt. Senior Secondary School Jodhpur-157,0
TCH02000,Shanti Naidu,31,English,4,4,1,0,0,406,0,SCH0415,Govt. Middle School East-415,0
TCH02001,Kamla Aggarwal,56,Geography,14,6,6,0,0,482,1,SCH0482,Govt. Primary School Jaipur-482,1
TCH02002,Radha Mittal,24,Physical Education,1,1,0,1,0,136,0,SCH0452,Govt. High School Noida-452,0
TCH02003,Kavita Kumar,34,English,7,7,7,0,0,101,0,SCH0034,Govt. Middle School Varanasi-34,0
TCH02004,Sanjay Yadav,42,History,19,6,11,0,0,429,0,SCH0407,Govt. Senior Secondary School South-407,1
TCH02005,Shanti Pandey,26,Geography,1,1,1,0,0,169,0,SCH0194,Govt. Middle School Ajmer-194,0
TCH02006,Geeta Jain,24,Mathematics,1,1,1,0,0,301,0,SCH0220,Govt. High School North-220,0
TCH02007,Saroj Pillai,60,Hindi,33,10,12,0,0,72,0,SCH0391,Govt. Primary School West-391,1
TCH02008,Sunil Joshi,38,Art,4,1,3,0,0,366,0,SCH0438,Govt. Primary School Jodhpur-438,0
TCH02009,Ashok Mishra,60,Mathematics,33,1,6,0,0,14,0,SCH0077,Govt. Middle School Bikaner-77,0
TCH02010,Seema Garg,48,English,17,7,5,0,1,466,0,SCH0323,Govt. Middle School Central-323,1
TCH02011,Harish Pillai,47,Biology,11,9,6,1,0,167,0,SCH0436,Govt. High School Jodhpur-436,1
TCH02012,Anita Aggarwal,25,Biology,1,1,0,0,0,435,0,SCH0108,Govt. Senior Secondary School Agra-108,0
TCH02013,Saroj Gupta,58,English,20,19,1,0,0,23,0,SCH0405,Govt. Middle School Lucknow-405,0
TCH02014,Naresh Malhotra,42,Computer Science,10,6,3,0,0,388,1,SCH0261,Govt. Middle School West-261,1
TCH02015,Harish Dubey,47,Biology,17,7,7,1,0,267,1,SCH0385,Govt. Senior Secondary School Noida-385,1
TCH02016,Savita Patel,31,Physics,1,1,0,1,0,239,1,SCH0266,Govt. Primary School Varanasi-266,1
TCH02017,Shanti Nair,35,Physical Education,10,3,3,0,0,386,0,SCH0365,Govt. Senior Secondary School Ajmer-365,1
TCH02018,Pushpa Rao,42,Social Science,14,5,11,0,0,279,0,SCH0248,Govt. High School Central-248,1
TCH02019,Lakshmi Reddy,40,Art,13,6,9,0,1,321,0,SCH0298,Govt. Senior Secondary School Varanasi-298,1
TCH02020,Amit Yadav,54,Hindi,16,3,4,0,0,419,1,SCH0299,Govt. Primary School Jaipur-299,1
TCH02021,Sanjay Chauhan,49,Sanskrit,25,17,14,1,0,208,0,SCH0459,Govt. Primary School New-459,1
TCH02022,Lakshmi Yadav,37,Social Science,14,1,7,1,0,469,0,SCH0121,Govt. Middle School Ajmer-121,1
TCH02023,Naresh Pillai,39,English,6,6,3,1,0,389,0,SCH0218,Govt. Primary School Lucknow-218,1
TCH02024,Shanti Tiwari,50,History,9,6,2,0,1,55,0,SCH0479,Govt. Middle School Agra-479,1
TCH02025,Deepak Malhotra,54,Science,19,19,7,0,0,265,1,SCH0044,Govt. High School Udaipur-44,1
TCH02026,Yogesh Nair,42,Physics,15,3,1,1,0,62,0,SCH0152,Govt. Middle School Agra-152,0
TCH02027,Anita Verma,44,Biology,2,1,0,1,0,320,0,SCH0118,Govt. Middle School Agra-118,1
TCH02028,Saroj Pandey,33,Chemistry,5,5,3,0,0,242,1,SCH0263,Govt. High School Faridabad-263,1
TCH02029,Savita Chaudhary,49,Chemistry,15,13,8,0,0,184,1,SCH0231,Govt. Senior Secondary School Gurgaon-231,1
TCH02030,Pushpa Pandey,27,Social Science,3,2,0,0,0,6,1,SCH0189,Govt. Senior Secondary School Noida-189,0
TCH02031,Priya Patel,47,Biology,7,4,4,1,0,230,0,SCH0196,Govt. Middle School Jaipur-196,1
TCH02032,Mahesh Reddy,49,Science,4,3,2,0,0,355,1,SCH0120,Govt. High School New-120,0
TCH02033,Anita Joshi,47,Sanskrit,15,15,0,0,1,345,0,SCH0184,Govt. Primary School Central-184,1
TCH02034,Harish Menon,27,Computer Science,3,2,2,1,0,310,1,SCH0257,Govt. Middle School West-257,1
TCH02035,Seema Jain,51,Hindi,6,1,3,1,0,357,0,SCH0041,Govt. Primary School Faridabad-41,1
TCH02036,Kavita Gupta,42,Physics,11,8,0,0,0,54,0,SCH0051,Govt. Middle School Udaipur-51,0
TCH02037,Sunil Yadav,42,Physics,3,2,1,1,0,282,0,SCH0020,Govt. Senior Secondary School Kota-20,1
TCH02038,Usha Tiwari,54,Social Science,27,5,1,0,0,425,1,SCH0101,Govt. High School Gurgaon-101,1
TCH02039,Seema Yadav,33,Physical Education,8,6,6,1,1,175,1,SCH0382,Govt. Senior Secondary School Jaipur-382,1
TCH02040,Deepak Garg,32,Art,3,3,3,0,0,326,0,SCH0310,Govt. Middle School West-310,0
TCH02041,Sunil Jain,58,Social Science,25,12,2,0,0,325,1,SCH0367,Govt. Primary School Ghaziabad-367,1
TCH02042,Rekha Joshi,25,Sanskrit,2,1,0,0,0,138,0,SCH0005,Govt. Primary School New-5,0
TCH02043,Lakshmi Shukla,46,Sanskrit,11,7,10,0,0,153,0,SCH0178,Govt. Middle School Kota-178,1
TCH02044,Rajesh Rao,45,Computer Science,13,13,11,0,0,374,0,SCH0297,Govt. Middle School East-297,1
TCH02045,Meena Garg,40,Chemistry,4,4,2,0,0,87,0,SCH0263,Govt. High School Faridabad-263,0
TCH02046,Ramesh Kaur,47,Physical Education,15,1,12,1,0,98,0,SCH0117,Govt. Middle School Ghaziabad-117,1
TCH02047,Mukesh Mishra,46,History,1,1,1,0,0,64,0,SCH0108,Govt. Senior Secondary School Agra-108,0
TCH02048,Devika Malhotra,50,Biology,19,18,1,0,0,455,1,SCH0301,Govt. High School New-301,1
TCH02049,Savita Pandey,33,Art,7,1,6,0,0,47,0,SCH0370,Govt. High School Kanpur-370,0
TCH02050,Ashok Garg,55,Hindi,8,7,3,1,0,73,0,SCH0044,Govt. High School Udaipur-44,1
TCH02051,Pankaj Yadav,57,Biology,29,4,6,1,1,175,1,SCH0220,Govt. High School North-220,1
TCH02052,Devika Sharma,47,Physics,22,18,4,1,0,128,0,SCH0231,Govt. Senior Secondary School Gurgaon-231,1
TCH02053,Vikas Garg,29,English,6,6,0,0,0,206,0,SCH0072,Govt. Middle School Udaipur-72,0
TCH02054,Rajesh Rao,43,Art,16,11,2,1,0,9,0,SCH0157,Govt. Senior Secondary School Jodhpur-157,1
TCH02055,Dinesh Pandey,57,Hindi,16,15,1,0,0,298,0,SCH0338,Govt. Primary School Faridabad-338,1
TCH02056,Radha Naidu,24,Art,1,1,0,1,0,340,0,SCH0215,Govt. Middle School Ghaziabad-215,1
TCH02057,Sunil Joshi,42,Physics,9,1,3,1,0,114,1,SCH0207,Govt. Middle School Varanasi-207,1
TCH02058,Priya Pillai,58,Art,31,5,10,1,0,413,0,SCH0301,Govt. High School New-301,1
TCH02059,Deepak Kumar,25,Physics,1,1,0,0,0,357,1,SCH0017,Govt. Primary School Udaipur-17,0
TCH02060,Ajay Jain,30,Geography,5,2,0,1,1,413,0,SCH0291,Govt. Primary School Faridabad-291,1
TCH02061,Lakshmi Shukla,45,Hindi,8,3,3,1,0,198,1,SCH0294,Govt. Middle School East-294,1
TCH02062,Lakshmi Gupta,58,History,24,8,12,1,0,188,0,SCH0486,Govt. Senior Secondary School East-486,1
TCH02063,Sanjay Rao,24,Science,1,1,1,0,0,121,0,SCH0198,Govt. Senior Secondary School Varanasi-198,0
TCH02064,Vikas Chauhan,41,Computer Science,8,1,6,1,0,447,1,SCH0169,Govt. Middle School Ajmer-169,1
TCH02065,Rekha Gupta,52,English,23,16,4,0,0,89,1,SCH0459,Govt. Primary School New-459,1
TCH02066,Devika Patel,33,Mathematics,7,1,0,0,0,173,0,SCH0054,Govt. High School West-54,0
TCH02067,Ajay Rao,46,Mathematics,12,12,12,0,0,76,0,SCH0424,Govt. Primary School Varanasi-424,1
TCH02068,Sanjay Gupta,25,Chemistry,2,1,2,1,1,241,0,SCH0096,Govt. Senior Secondary School Kanpur-96,1
TCH02069,Nita Mishra,42,Social Science,11,2,10,0,0,268,0,SCH0146,Govt. Middle School Central-146,1
TCH02070,Kamla Gupta,60,Biology,3,2,3,1,0,398,1,SCH0338,Govt. Primary School Faridabad-338,1
TCH02071,Shanti Nair,44,Mathematics,1,1,1,0,0,267,0,SCH0030,Govt. High School North-30,0
TCH02072,Ashok Garg,25,Chemistry,1,1,0,0,0,318,1,SCH0088,Govt. High School Ghaziabad-88,0
TCH02073,Arun Singh,57,English,9,7,1,1,0,156,1,SCH0201,Govt. Primary School Bikaner-201,1
TCH02074,Pankaj Rao,45,Physical Education,14,9,2,1,0,453,0,SCH0275,Govt. Primary School East-275,1
TCH02075,Naresh Mittal,26,Sanskrit,2,1,1,1,0,187,0,SCH0036,Govt. Primary School Noida-36,0
TCH02076,Deepak Garg,40,Hindi,2,2,1,0,0,36,0,SCH0106,Govt. Middle School West-106,0
TCH02077,Radha Bansal,60,Physical Education,33,14,4,0,0,239,0,SCH0159,Govt. High School North-159,1
TCH02078,Mukesh Patel,57,Geography,19,9,4,0,0,157,0,SCH0341,Govt. High School Gurgaon-341,1
TCH02079,Rekha Pillai,39,Hindi,16,7,1,1,0,130,0,SCH0295,Govt. Middle School New-295,1
TCH02080,Savita Tiwari,31,Hindi,1,1,1,1,0,400,0,SCH0258,Govt. Primary School Faridabad-258,1
TCH02081,Meena Chauhan,34,Science,6,1,5,0,0,497,0,SCH0004,Govt. Middle School Jaipur-4,0
TCH02082,Lakshmi Iyer,34,Art,3,1,3,0,0,164,0,SCH0423,Govt. Senior Secondary School Lucknow-423,0
TCH02083,Kamla Pandey,45,Geography,9,5,5,0,0,91,1,SCH0127,Govt. High School Central-127,1
TCH02084,Pushpa Chauhan,34,Biology,5,4,4,1,0,190,1,SCH0451,Govt. Senior Secondary School Kanpur-451,1
TCH02085,Amit Kaur,34,Science,1,1,1,0,0,285,0,SCH0295,Govt. Middle School New-295,0
TCH02086,Savita Dubey,60,Physical Education,7,6,5,0,0,207,0,SCH0148,Govt. High School East-148,1
TCH02087,Rekha Shukla,59,Geography,6,3,3,1,1,264,1,SCH0432,Govt. Middle School Jodhpur-432,1
TCH02088,Pooja Chaudhary,33,Hindi,10,2,5,0,0,215,0,SCH0422,Govt. Primary School Varanasi-422,1
TCH02089,Saroj Kaur,44,Chemistry,10,10,8,0,0,209,1,SCH0092,Govt. Primary School Kanpur-92,1
TCH02090,Naresh Jain,30,Computer Science,1,1,1,0,0,463,1,SCH0235,Govt. Senior Secondary School Faridabad-235,0
TCH02091,Vikas Singh,27,Chemistry,1,1,1,0,0,126,1,SCH0094,Govt. Middle School Gurgaon-94,0
TCH02092,Amit Mishra,55,Sanskrit,1,1,0,0,0,469,0,SCH0358,Govt. Primary School Central-358,0
TCH02093,Seema Mittal,34,Computer Science,7,2,4,1,0,223,0,SCH0081,Govt. High School Gurgaon-81,1
TCH02094,Vinod Naidu,52,Science,6,2,0,1,1,457,1,SCH0276,Govt. High School South-276,1
TCH02095,Nita Jain,34,Biology,3,3,3,0,0,320,0,SCH0358,Govt. Primary School Central-358,0
TCH02096,Devika Singh,53,Physics,8,3,0,0,0,478,0,SCH0211,Govt. Middle School North-211,0
TCH02097,Suresh Nair,54,Art,16,7,5,1,0,367,0,SCH0040,Govt. High School Jodhpur-40,1
TCH02098,Ashok Chaudhary,34,Biology,2,2,0,0,1,396,1,SCH0400,Govt. Senior Secondary School Jodhpur-400,1
TCH02099,Mahesh Yadav,52,History,3,1,2,0,0,257,0,SCH0085,Govt. Middle School Udaipur-85,0
TCH02100,Savita Sharma,55,Science,6,4,6,0,0,181,0,SCH0023,Govt. High School Faridabad-23,0
TCH02101,Savita Shukla,36,Physics,7,7,1,0,0,144,0,SCH0328,Govt. Primary School New-328,0
TCH02102,Lakshmi Garg,57,Hindi,22,10,5,0,1,345,0,SCH0382,Govt. Senior Secondary School Jaipur-382,1
TCH02103,Amit Sharma,53,Social Science,5,1,5,0,1,492,1,SCH0204,Govt. Middle School Agra-204,1
TCH02104,Deepak Pandey,39,Computer Science,11,4,11,0,0,136,1,SCH0059,Govt. Senior Secondary School Central-59,0
TCH02105,Savita Rao,43,Biology,13,7,5,0,0,416,0,SCH0384,Govt. Middle School Jaipur-384,1
TCH02106,Anita Menon,29,Computer Science,3,3,1,0,0,323,0,SCH0035,Govt. Primary School South-35,0
TCH02107,Yogesh Kumar,39,Biology,13,10,1,1,0,214,0,SCH0125,Govt. Primary School Jodhpur-125,1
TCH02108,Seema Bansal,24,English,1,1,0,0,0,198,0,SCH0421,Govt. Middle School Jaipur-421,0
TCH02109,Priya Iyer,45,Science,4,3,1,1,0,61,1,SCH0088,Govt. High School Ghaziabad-88,0
TCH02110,Vinod Singh,26,History,3,3,0,0,0,70,0,SCH0091,Govt. High School South-91,0
TCH02111,Lakshmi Patel,55,Science,8,2,8,0,1,192,0,SCH0380,Govt. Primary School Agra-380,0
TCH02112,Rajesh Naidu,43,Social Science,17,11,9,1,1,106,0,SCH0344,Govt. Middle School Ghaziabad-344,1
TCH02113,Yogesh Dubey,34,English,8,5,1,1,0,336,1,SCH0079,Govt. Senior Secondary School North-79,1
TCH02114,Amit Mittal,57,Computer Science,24,5,14,1,0,225,0,SCH0111,Govt. Senior Secondary School Gurgaon-111,1
TCH02115,Nita Chauhan,60,Physical Education,8,5,3,0,0,417,0,SCH0273,Govt. Middle School West-273,1
TCH02116,Kamla Reddy,57,Computer Science,32,9,1,0,0,68,0,SCH0025,Govt. Middle School North-25,0
TCH02117,Suresh Shukla,41,Physical Education,6,6,1,1,0,276,1,SCH0367,Govt. Primary School Ghaziabad-367,1
TCH02118,Yogesh Verma,27,Geography,4,3,4,1,1,63,1,SCH0158,Govt. Primary School West-158,1
TCH02119,Sunita Malhotra,32,Chemistry,8,1,7,0,0,325,0,SCH0003,Govt. Senior Secondary School Udaipur-3,0
TCH02120,Sanjay Jain,39,Hindi,10,9,4,0,0,440,0,SCH0393,Govt. Primary School Ajmer-393,1
TCH02121,Geeta Yadav,50,Science,20,5,2,0,0,495,1,SCH0192,Govt. High School Faridabad-192,1
TCH02122,Pankaj Sharma,25,Mathematics,2,2,2,0,1,318,0,SCH0009,Govt. Middle School Gurgaon-9,1
TCH02123,Sanjay Naidu,48,Computer Science,14,9,11,1,0,435,1,SCH0173,Govt. High School Gurgaon-173,1
TCH02124,Ramesh Mittal,41,Science,3,3,0,1,0,34,0,SCH0033,Govt. Primary School Jodhpur-33,0
TCH02125,Arun Kaur,35,English,6,5,1,0,0,376,0,SCH0409,Govt. Senior Secondary School Agra-409,0
TCH02126,Pankaj Nair,36,Science,12,4,6,0,0,20,0,SCH0023,Govt. High School Faridabad-23,0
TCH02127,Ashok Pandey,30,History,7,2,6,0,0,370,1,SCH0418,Govt. High School Ghaziabad-418,1
TCH02128,Sanjay Iyer,51,Hindi,18,13,0,0,0,428,0,SCH0321,Govt. Primary School West-321,1
TCH02129,Sunil Shukla,47,Chemistry,20,14,10,0,0,103,0,SCH0479,Govt. Middle School Agra-479,1
TCH02130,Ramesh Yadav,51,Science,8,8,1,0,0,347,1,SCH0062,Govt. High School North-62,1
TCH02131,Ashok Patel,35,Mathematics,5,1,3,0,0,375,0,SCH0183,Govt. Senior Secondary School Jodhpur-183,0
TCH02132,Ashok Sharma,32,Chemistry,5,1,0,0,0,6,0,SCH0206,Govt. High School Lucknow-206,0
TCH02133,Savita Mishra,36,Science,4,2,2,1,0,449,0,SCH0109,Govt. High School Jaipur-109,1
TCH02134,Seema Reddy,38,Geography,1,1,1,0,0,481,0,SCH0337,Govt. Senior Secondary School Ghaziabad-337,0
TCH02135,Amit Gupta,39,Hindi,5,3,2,0,0,120,1,SCH0189,Govt. Senior Secondary School Noida-189,0
TCH02136,Rekha Malhotra,44,Geography,9,8,5,0,0,356,0,SCH0211,Govt. Middle School North-211,1
TCH02137,Suresh Bhat,51,History,17,3,7,0,0,348,0,SCH0256,Govt. Senior Secondary School Faridabad-256,1
TCH02138,Vikas Patel,58,Social Science,16,2,0,0,0,443,0,SCH0406,Govt. High School Gurgaon-406,0
TCH02139,Suresh Iyer,40,Physics,7,1,7,0,0,329,0,SCH0492,Govt. High School Lucknow-492,0
TCH02140,Naresh Naidu,56,Art,25,4,3,0,0,334,0,SCH0324,Govt. Middle School Central-324,1
TCH02141,Deepak Pandey,30,English,4,3,3,1,0,12,0,SCH0356,Govt. Senior Secondary School South-356,1
TCH02142,Ashok Garg,56,Computer Science,32,19,13,0,0,17,0,SCH0326,Govt. Middle School Varanasi-326,1
TCH02143,Vikram Pandey,47,Mathematics,6,4,3,0,0,0,0,SCH0247,Govt. High School New-247,0
TCH02144,Anita Chauhan,57,Chemistry,34,16,0,0,0,499,0,SCH0312,Govt. Primary School Kanpur-312,1
TCH02145,Ramesh Nair,49,Geography,15,7,6,1,0,467,0,SCH0262,Govt. High School Jodhpur-262,1
TCH02146,Rajesh Mishra,40,Mathematics,13,12,7,0,0,390,0,SCH0361,Govt. High School South-361,1
TCH02147,Kavita Joshi,37,Hindi,4,1,4,1,0,477,0,SCH0316,Govt. Senior Secondary School South-316,1
TCH02148,Radha Malhotra,34,Hindi,6,5,0,1,0,181,0,SCH0378,Govt. High School Udaipur-378,1
TCH02149,Anita Verma,53,English,18,4,4,1,0,3,0,SCH0318,Govt. Middle School Kanpur-318,1
TCH02150,Pushpa Joshi,38,Hindi,1,1,1,0,0,63,1,SCH0192,Govt. High School Faridabad-192,0
TCH02151,Naresh Yadav,28,Computer Science,5,2,4,0,0,67,1,SCH0078,Govt. Middle School Gurgaon-78,0
TCH02152,Geeta Jain,44,Physical Education,6,5,6,1,0,77,0,SCH0020,Govt. Senior Secondary School Kota-20,1
TCH02153,Yogesh Kaur,35,Physics,8,8,2,0,0,452,0,SCH0307,Govt. Middle School Kanpur-307,0
TCH02154,Seema Pandey,26,Computer Science,1,1,0,0,0,192,1,SCH0069,Govt. Primary School West-69,0
TCH02155,Amit Nair,40,Art,8,8,1,0,0,12,0,SCH0403,Govt. High School Varanasi-403,0
TCH02156,Vinod Malhotra,46,Mathematics,22,11,3,1,0,415,0,SCH0213,Govt. Senior Secondary School Kanpur-213,1
TCH02157,Usha Pandey,47,Hindi,7,1,0,1,0,298,0,SCH0118,Govt. Middle School Agra-118,1
TCH02158,Sunil Verma,24,Computer Science,1,1,1,1,0,457,0,SCH0106,Govt. Middle School West-106,1
TCH02159,Ramesh Iyer,57,Sanskrit,24,13,12,1,0,86,0,SCH0128,Govt. High School Bikaner-128,1
TCH02160,Kamla Pandey,26,English,3,3,1,0,0,32,0,SCH0196,Govt. Middle School Jaipur-196,0
TCH02161,Rajesh Gupta,59,Sanskrit,6,4,6,1,0,26,1,SCH0227,Govt. Senior Secondary School Lucknow-227,1
TCH02162,Vikram Yadav,46,Mathematics,1,1,0,1,0,414,0,SCH0252,Govt. Primary School Gurgaon-252,1
TCH02163,Meena Yadav,41,English,18,6,3,1,0,221,0,SCH0325,Govt. Primary School Udaipur-325,1
TCH02164,Pooja Pillai,33,History,5,1,4,1,0,195,0,SCH0047,Govt. Middle School Agra-47,1
TCH02165,Nita Mishra,56,History,8,1,7,0,0,274,0,SCH0426,Govt. High School Jodhpur-426,0
TCH02166,Radha Kaur,34,Biology,3,1,1,0,0,468,0,SCH0041,Govt. Primary School Faridabad-41,0
TCH02167,Arun Kaur,25,Hindi,1,1,0,0,0,54,0,SCH0160,Govt. Middle School Faridabad-160,0
TCH02168,Radha Patel,44,Geography,19,14,2,0,0,106,0,SCH0126,Govt. Senior Secondary School West-126,0
TCH02169,Rekha Joshi,30,Geography,2,1,1,0,0,87,0,SCH0128,Govt. High School Bikaner-128,0
TCH02170,Sanjay Tiwari,51,Sanskrit,18,13,0,0,0,480,0,SCH0230,Govt. High School West-230,1
TCH02171,Mukesh Gupta,51,Physics,23,12,13,1,0,35,0,SCH0401,Govt. Senior Secondary School Varanasi-401,1
TCH02172,Naresh Patel,41,Biology,16,9,4,1,0,7,0,SCH0204,Govt. Middle School Agra-204,1
TCH02173,Radha Nair,53,Geography,20,18,3,1,0,401,0,SCH0226,Govt. Senior Secondary School Kanpur-226,1
TCH02174,Radha Malhotra,41,English,3,2,1,1,0,87,0,SCH0377,Govt. Middle School Agra-377,0
TCH02175,Mukesh Sharma,55,Art,12,5,6,0,0,230,0,SCH0420,Govt. Senior Secondary School Lucknow-420,1
TCH02176,Radha Garg,58,Science,26,13,9,1,0,155,0,SCH0196,Govt. Middle School Jaipur-196,1
TCH02177,Rekha Iyer,29,History,3,2,1,1,1,429,0,SCH0389,Govt. Middle School Gurgaon-389,1
TCH02178,Devika Kaur,52,English,28,5,9,0,0,212,0,SCH0079,Govt. Senior Secondary School North-79,1
TCH02179,Naresh Chauhan,61,Social Science,11,4,9,0,0,368,0,SCH0132,Govt. High School South-132,1
TCH02180,Vinod Shukla,58,History,33,8,6,0,1,225,0,SCH0233,Govt. Primary School Jodhpur-233,1
TCH02181,Mukesh Gupta,30,Physics,5,5,2,0,0,481,0,SCH0311,Govt. High School Jaipur-311,0
TCH02182,Mukesh Yadav,40,English,14,9,10,1,0,11,1,SCH0070,Govt. High School Kota-70,1
TCH02183,Sanjay Sharma,41,Mathematics,5,1,1,1,0,459,0,SCH0470,Govt. High School Bikaner-470,1
TCH02184,Harish Kaur,37,Physical Education,1,1,0,0,0,117,0,SCH0442,Govt. High School Gurgaon-442,0
TCH02185,Pushpa Shukla,31,Chemistry,6,5,1,0,0,402,0,SCH0192,Govt. High School Faridabad-192,0
TCH02186,Lakshmi Kaur,27,Physics,3,2,0,1,0,163,0,SCH0482,Govt. Primary School Jaipur-482,0
TCH02187,Pushpa Joshi,30,Computer Science,2,1,1,0,0,238,0,SCH0197,Govt. Middle School Udaipur-197,0
TCH02188,Vikram Chaudhary,55,Mathematics,24,13,11,1,0,232,0,SCH0302,Govt. Senior Secondary School Ghaziabad-302,1
TCH02189,Kavita Shukla,39,Geography,7,7,4,1,0,386,1,SCH0472,Govt. Middle School Ghaziabad-472,1
TCH02190,Sanjay Malhotra,53,Chemistry,11,6,8,0,0,383,0,SCH0084,Govt. Primary School West-84,1
TCH02191,Mahesh Malhotra,46,Art,22,8,5,0,0,158,0,SCH0491,Govt. Senior Secondary School Central-491,1
TCH02192,Dinesh Nair,59,Physical Education,13,9,8,1,0,88,0,SCH0370,Govt. High School Kanpur-370,1
TCH02193,Shanti Bhat,52,Mathematics,11,4,10,1,0,141,0,SCH0251,Govt. Primary School New-251,1
TCH02194,Naresh Jain,33,Chemistry,4,2,1,1,0,200,1,SCH0334,Govt. Middle School Faridabad-334,0
TCH02195,Geeta Mishra,30,Biology,2,2,1,0,0,466,0,SCH0377,Govt. Middle School Agra-377,0
TCH02196,Shanti Reddy,55,Physical Education,23,19,7,0,0,41,1,SCH0018,Govt. High School West-18,1
TCH02197,Priya Bhat,29,Computer Science,5,5,4,0,0,288,1,SCH0347,Govt. Senior Secondary School Ghaziabad-347,1
TCH02198,Meena Tiwari,37,Geography,7,7,4,1,0,464,0,SCH0331,Govt. Senior Secondary School Jodhpur-331,1
TCH02199,Meena Tiwari,39,Hindi,3,2,0,0,0,180,1,SCH0234,Govt. High School Agra-234,0
TCH02200,Anita Naidu,57,Sanskrit,27,15,10,1,0,355,0,SCH0309,Govt. Middle School Agra-309,1
TCH02201,Rajesh Singh,43,Art,20,5,9,1,0,152,0,SCH0083,Govt. Primary School Udaipur-83,1
TCH02202,Naresh Shukla,45,Physical Education,11,3,5,0,0,78,1,SCH0048,Govt. Middle School Gurgaon-48,0
TCH02203,Anita Nair,57,Hindi,24,6,0,0,0,438,0,SCH0301,Govt. High School New-301,1
TCH02204,Radha Patel,44,Sanskrit,2,1,0,1,0,185,0,SCH0449,Govt. High School Gurgaon-449,0
TCH02205,Mahesh Bhat,24,Social Science,1,1,0,1,0,328,0,SCH0219,Govt. Primary School Ajmer-219,1
TCH02206,Sunil Naidu,44,Chemistry,4,1,2,1,0,291,1,SCH0257,Govt. Middle School West-257,1
TCH02207,Rekha Kaur,28,Chemistry,5,3,0,0,0,296,0,SCH0301,Govt. High School New-301,0
TCH02208,Anita Singh,43,Computer Science,5,4,4,0,0,465,0,SCH0386,Govt. Senior Secondary School South-386,0
TCH02209,Dinesh Bansal,52,English,1,1,1,0,0,361,0,SCH0294,Govt. Middle School East-294,0
TCH02210,Nita Jain,27,Physical Education,3,1,0,0,0,411,1,SCH0138,Govt. Middle School Bikaner-138,0
TCH02211,Rekha Sharma,59,English,10,1,3,1,0,133,0,SCH0204,Govt. Middle School Agra-204,1
TCH02212,Pushpa Sharma,61,Science,12,9,1,0,0,464,0,SCH0418,Govt. High School Ghaziabad-418,1
TCH02213,Pankaj Nair,46,Chemistry,9,6,1,1,0,472,0,SCH0036,Govt. Primary School Noida-36,1
TCH02214,Vinod Kaur,52,Chemistry,12,7,7,0,0,451,0,SCH0336,Govt. Senior Secondary School Ghaziabad-336,1
TCH02215,Pooja Dubey,37,English,5,2,2,0,0,297,0,SCH0088,Govt. High School Ghaziabad-88,0
TCH02216,Deepak Yadav,36,Biology,10,8,5,0,0,150,0,SCH0361,Govt. High School South-361,1
TCH02217,Harish Singh,38,Biology,12,7,7,1,0,384,1,SCH0094,Govt. Middle School Gurgaon-94,1
TCH02218,Nita Patel,37,Hindi,1,1,1,1,0,178,0,SCH0291,Govt. Primary School Faridabad-291,0
TCH02219,Pooja Aggarwal,52,Art,3,2,3,1,0,206,0,SCH0031,Govt. Senior Secondary School East-31,1
TCH02220,Mahesh Mittal,56,Sanskrit,10,3,4,1,0,74,1,SCH0099,Govt. Senior Secondary School Faridabad-99,1
TCH02221,Yogesh Reddy,51,Geography,25,16,8,1,0,90,1,SCH0210,Govt. Middle School West-210,1
TCH02222,Arun Gupta,45,Social Science,8,8,4,0,0,156,0,SCH0056,Govt. Senior Secondary School South-56,0
TCH02223,Naresh Singh,33,Social Science,2,1,0,0,0,360,0,SCH0044,Govt. High School Udaipur-44,0
TCH02224,Usha Sharma,45,Geography,3,1,1,1,0,246,0,SCH0033,Govt. Primary School Jodhpur-33,1
TCH02225,Mukesh Rao,30,Computer Science,7,2,2,0,0,486,0,SCH0121,Govt. Middle School Ajmer-121,0
TCH02226,Suresh Sharma,33,Mathematics,5,3,2,0,0,376,0,SCH0390,Govt. Middle School Lucknow-390,0
TCH02227,Rajesh Naidu,41,Geography,6,3,0,0,0,115,0,SCH0137,Govt. Primary School Faridabad-137,0
TCH02228,Amit Singh,35,Hindi,12,8,3,1,0,80,0,SCH0405,Govt. Middle School Lucknow-405,1
TCH02229,Rajesh Shukla,61,Geography,23,13,8,1,0,271,1,SCH0268,Govt. Middle School North-268,1
TCH02230,Seema Jain,51,Biology,19,16,8,0,0,237,0,SCH0267,Govt. Senior Secondary School Bikaner-267,1
TCH02231,Usha Iyer,43,Chemistry,13,9,1,0,0,329,0,SCH0243,Govt. Middle School Kanpur-243,1
TCH02232,Shanti Naidu,50,Physics,24,10,7,1,0,261,1,SCH0173,Govt. High School Gurgaon-173,1
TCH02233,Geeta Dubey,41,Computer Science,9,8,8,0,1,275,0,SCH0162,Govt. Middle School Gurgaon-162,1
TCH02234,Naresh Iyer,24,Mathematics,1,1,1,0,0,302,1,SCH0205,Govt. Senior Secondary School East-205,0
TCH02235,Dinesh Garg,49,Physics,23,18,0,1,0,179,0,SCH0500,Govt. Middle School Varanasi-500,1
TCH02236,Suresh Sharma,61,Biology,31,10,5,0,1,453,0,SCH0413,Govt. High School Ajmer-413,1
TCH02237,Lakshmi Kaur,36,Sanskrit,9,2,7,0,0,56,0,SCH0446,Govt. Middle School Jodhpur-446,0
TCH02238,Deepak Sharma,31,Geography,2,1,0,0,0,71,0,SCH0455,Govt. Senior Secondary School Ajmer-455,0
TCH02239,Kamla Tiwari,32,Physical Education,9,9,3,0,0,263,0,SCH0063,Govt. High School Faridabad-63,1
TCH02240,Geeta Dubey,54,Biology,17,15,8,0,0,93,0,SCH0385,Govt. Senior Secondary School Noida-385,1
TCH02241,Mukesh Nair,52,Chemistry,8,2,0,0,0,117,0,SCH0317,Govt. Middle School Jodhpur-317,0
TCH02242,Sanjay Sharma,48,Computer Science,23,15,8,0,0,155,0,SCH0339,Govt. Middle School Kota-339,1
TCH02243,Ashok Sharma,48,Computer Science,15,4,12,0,0,187,1,SCH0491,Govt. Senior Secondary School Central-491,0
TCH02244,Amit Aggarwal,41,Physical Education,14,3,0,0,0,62,0,SCH0185,Govt. High School Ajmer-185,0
TCH02245,Yogesh Mishra,45,Geography,6,4,0,0,0,447,1,SCH0167,Govt. Middle School Jaipur-167,0
TCH02246,Lakshmi Kaur,59,Geography,5,2,5,1,0,211,1,SCH0249,Govt. Senior Secondary School West-249,1
TCH02247,Anita Dubey,58,Chemistry,1,1,0,1,0,190,0,SCH0407,Govt. Senior Secondary School South-407,0
TCH02248,Mukesh Naidu,29,Sanskrit,5,1,2,1,0,443,1,SCH0481,Govt. Senior Secondary School Jaipur-481,1
TCH02249,Suresh Kaur,52,Chemistry,17,4,12,1,1,388,0,SCH0359,Govt. Primary School Lucknow-359,1
TCH02250,Ajay Yadav,57,Physical Education,7,6,0,0,0,259,0,SCH0151,Govt. High School Kanpur-151,0
TCH02251,Kamla Mittal,46,Geography,14,13,5,1,0,36,0,SCH0074,Govt. Middle School Ajmer-74,1
TCH02252,Harish Verma,36,English,2,2,0,0,0,411,1,SCH0402,Govt. Middle School Faridabad-402,0
TCH02253,Anita Joshi,50,Sanskrit,18,10,8,0,0,88,1,SCH0255,Govt. High School Varanasi-255,1
TCH02254,Devika Garg,46,Biology,4,1,4,0,0,9,0,SCH0345,Govt. High School Ajmer-345,0
TCH02255,Yogesh Singh,25,Biology,1,1,1,1,0,129,0,SCH0087,Govt. Primary School Udaipur-87,0
TCH02256,Sunil Mishra,48,Hindi,1,1,1,1,0,221,1,SCH0340,Govt. High School Ajmer-340,1
TCH02257,Arun Malhotra,42,Computer Science,10,2,7,1,0,172,0,SCH0109,Govt. High School Jaipur-109,1
TCH02258,Anita Singh,44,Chemistry,18,6,8,1,1,427,0,SCH0359,Govt. Primary School Lucknow-359,1
TCH02259,Priya Patel,28,Physics,2,2,2,0,0,393,1,SCH0367,Govt. Primary School Ghaziabad-367,0
TCH02260,Naresh Malhotra,58,Social Science,20,13,10,0,0,357,0,SCH0463,Govt. Primary School Jaipur-463,1
TCH02261,Mahesh Naidu,27,Biology,1,1,1,1,0,269,1,SCH0113,Govt. High School Jodhpur-113,1
TCH02262,Kavita Naidu,59,English,19,10,0,1,0,495,0,SCH0488,Govt. Senior Secondary School Agra-488,1
TCH02263,Sunil Reddy,41,Physical Education,17,15,2,1,0,210,0,SCH0473,Govt. High School Central-473,1
TCH02264,Anita Aggarwal,48,Physical Education,3,1,0,1,0,42,1,SCH0252,Govt. Primary School Gurgaon-252,0
TCH02265,Ramesh Jain,32,Geography,5,4,3,0,0,172,0,SCH0171,Govt. Middle School Ajmer-171,0
TCH02266,Ajay Gupta,45,Computer Science,8,8,1,0,0,158,0,SCH0393,Govt. Primary School Ajmer-393,0
TCH02267,Naresh Jain,25,Physical Education,1,1,1,0,1,243,0,SCH0176,Govt. Middle School Udaipur-176,1
TCH02268,Naresh Reddy,40,Computer Science,9,9,4,1,0,152,0,SCH0381,Govt. High School Jodhpur-381,1
TCH02269,Devika Garg,33,Chemistry,5,3,2,0,0,159,0,SCH0402,Govt. Middle School Faridabad-402,0
TCH02270,Ramesh Mishra,36,Social Science,11,3,7,0,0,421,0,SCH0414,Govt. Senior Secondary School Central-414,1
TCH02271,Vinod Gupta,26,Science,2,2,1,0,0,303,1,SCH0060,Govt. High School Noida-60,0
TCH02272,Usha Kaur,50,Geography,22,9,4,0,0,224,1,SCH0046,Govt. Senior Secondary School Ajmer-46,1
TCH02273,Sanjay Kaur,41,Science,3,1,1,0,0,378,1,SCH0480,Govt. Middle School Jodhpur-480,0
TCH02274,Shanti Kumar,32,Sanskrit,5,4,5,0,0,115,0,SCH0294,Govt. Middle School East-294,0
TCH02275,Naresh Pillai,57,Physical Education,20,16,9,1,0,413,0,SCH0161,Govt. Middle School Kanpur-161,1
TCH02276,Rekha Verma,30,Geography,7,4,0,0,0,419,1,SCH0001,Govt. Senior Secondary School West-1,0
TCH02277,Sanjay Garg,57,Chemistry,14,8,6,0,0,78,0,SCH0275,Govt. Primary School East-275,1
TCH02278,Ashok Malhotra,54,Physics,2,1,2,0,0,355,1,SCH0217,Govt. Middle School Varanasi-217,0
TCH02279,Deepak Nair,38,Computer Science,14,13,10,0,0,185,0,SCH0409,Govt. Senior Secondary School Agra-409,1
TCH02280,Anita Mishra,39,Science,4,3,0,1,1,104,1,SCH0309,Govt. Middle School Agra-309,1
TCH02281,Rajesh Menon,48,Sanskrit,4,3,2,1,0,16,0,SCH0203,Govt. Primary School Kanpur-203,0
TCH02282,Ashok Kumar,47,Sanskrit,17,16,3,0,0,10,0,SCH0236,Govt. Senior Secondary School Jaipur-236,1
TCH02283,Vinod Bansal,28,Hindi,5,4,5,0,0,96,1,SCH0483,Govt. Middle School Central-483,0
TCH02284,Savita Kumar,53,Geography,24,9,2,1,0,149,1,SCH0256,Govt. Senior Secondary School Faridabad-256,1
TCH02285,Meena Kaur,52,Computer Science,18,16,1,0,0,334,1,SCH0146,Govt. Middle School Central-146,1
TCH02286,Amit Iyer,32,Physics,7,3,7,0,0,86,1,SCH0435,Govt. Primary School Noida-435,0
TCH02287,Harish Bhat,54,Science,25,3,7,0,1,370,0,SCH0159,Govt. High School North-159,1
TCH02288,Vikas Rao,43,Computer Science,17,10,8,0,0,225,0,SCH0141,Govt. Senior Secondary School Jodhpur-141,1
TCH02289,Nita Rao,35,Social Science,12,9,5,0,0,273,0,SCH0425,Govt. High School Gurgaon-425,1
TCH02290,Naresh Verma,39,Art,4,4,0,1,0,53,1,SCH0361,Govt. High School South-361,0
TCH02291,Meena Bansal,50,Physical Education,10,3,8,1,0,53,0,SCH0171,Govt. Middle School Ajmer-171,1
TCH02292,Ramesh Bhat,59,Physical Education,24,4,4,0,0,236,1,SCH0108,Govt. Senior Secondary School Agra-108,1
TCH02293,Pooja Garg,24,Biology,1,1,0,0,0,110,0,SCH0027,Govt. High School Central-27,0
TCH02294,Lakshmi Joshi,40,Sanskrit,13,11,2,0,1,446,0,SCH0373,Govt. Senior Secondary School Varanasi-373,1
TCH02295,Arun Sharma,26,History,2,1,1,0,0,204,0,SCH0338,Govt. Primary School Faridabad-338,0
TCH02296,Usha Chaudhary,25,Computer Science,2,1,0,1,0,210,0,SCH0201,Govt. Primary School Bikaner-201,1
TCH02297,Dinesh Malhotra,32,Chemistry,8,5,2,1,0,363,0,SCH0243,Govt. Middle School Kanpur-243,1
TCH02298,Vikram Nair,43,Physical Education,4,2,3,1,1,105,0,SCH0201,Govt. Primary School Bikaner-201,1
TCH02299,Vinod Bhat,37,Hindi,6,6,5,1,0,345,0,SCH0145,Govt. Primary School Bikaner-145,1
TCH02300,Devika Shukla,33,Science,4,2,0,0,1,402,0,SCH0359,Govt. Primary School Lucknow-359,1
TCH02301,Ashok Malhotra,24,Art,1,1,0,0,0,268,0,SCH0068,Govt. Senior Secondary School South-68,0
TCH02302,Sunita Garg,50,Physical Education,14,1,12,0,0,279,1,SCH0298,Govt. Senior Secondary School Varanasi-298,1
TCH02303,Savita Reddy,60,English,5,5,4,0,0,413,0,SCH0156,Govt. Middle School South-156,1
TCH02304,Deepak Chauhan,32,Physical Education,2,2,1,0,0,348,1,SCH0296,Govt. Middle School North-296,0
TCH02305,Vinod Mittal,41,English,7,1,3,0,1,339,0,SCH0248,Govt. High School Central-248,1
TCH02306,Nita Aggarwal,59,Physical Education,31,6,11,0,0,390,0,SCH0108,Govt. Senior Secondary School Agra-108,1
TCH02307,Rajesh Dubey,59,Physical Education,1,1,1,1,1,355,0,SCH0101,Govt. High School Gurgaon-101,1
TCH02308,Vikas Singh,52,Computer Science,5,5,0,1,0,218,0,SCH0439,Govt. Senior Secondary School Kota-439,1
TCH02309,Meena Shukla,35,Chemistry,4,2,1,0,0,64,1,SCH0403,Govt. High School Varanasi-403,0
TCH02310,Arun Jain,43,Mathematics,9,2,2,1,0,276,0,SCH0348,Govt. Primary School Udaipur-348,1
TCH02311,Dinesh Rao,55,English,18,6,5,0,0,443,1,SCH0050,Govt. Senior Secondary School Ajmer-50,1
TCH02312,Sunita Singh,36,History,12,5,10,0,0,209,0,SCH0484,Govt. Middle School Lucknow-484,1
TCH02313,Usha Pillai,25,Chemistry,2,2,0,0,0,297,0,SCH0333,Govt. Middle School Kota-333,0
TCH02314,Meena Reddy,44,Physical Education,12,5,11,0,0,346,0,SCH0497,Govt. High School Ghaziabad-497,1
TCH02315,Geeta Verma,45,Science,2,2,1,1,0,22,1,SCH0207,Govt. Middle School Varanasi-207,0
TCH02316,Lakshmi Rao,31,Social Science,6,5,3,0,0,144,0,SCH0124,Govt. High School Ghaziabad-124,0
TCH02317,Ajay Patel,60,Computer Science,23,17,12,0,0,382,0,SCH0353,Govt. High School West-353,1
TCH02318,Naresh Malhotra,30,Physical Education,6,5,5,0,0,392,0,SCH0382,Govt. Senior Secondary School Jaipur-382,1
TCH02319,Anita Malhotra,53,Biology,30,10,9,0,0,322,1,SCH0408,Govt. High School North-408,1
TCH02320,Naresh Tiwari,30,Computer Science,3,1,2,0,0,205,0,SCH0443,Govt. High School Udaipur-443,0
TCH02321,Yogesh Dubey,54,Mathematics,21,2,14,0,0,499,1,SCH0335,Govt. Primary School Noida-335,1
TCH02322,Kavita Gupta,42,Science,14,9,9,0,0,256,0,SCH0062,Govt. High School North-62,1
TCH02323,Harish Mishra,40,Mathematics,14,13,12,1,0,31,0,SCH0251,Govt. Primary School New-251,1
TCH02324,Vikas Pillai,29,Biology,1,1,0,0,0,293,0,SCH0301,Govt. High School New-301,0
TCH02325,Suresh Aggarwal,28,Geography,2,1,2,0,0,303,0,SCH0141,Govt. Senior Secondary School Jodhpur-141,0
TCH02326,Naresh Rao,39,Computer Science,4,3,1,0,0,289,0,SCH0093,Govt. Primary School Kanpur-93,0
TCH02327,Radha Joshi,52,Geography,4,2,4,0,0,338,0,SCH0360,Govt. Senior Secondary School Bikaner-360,0
TCH02328,Suresh Pandey,43,Science,4,2,1,0,0,0,0,SCH0065,Govt. High School Ghaziabad-65,0
TCH02329,Sunil Patel,24,Chemistry,1,1,0,0,0,346,0,SCH0366,Govt. Senior Secondary School East-366,0
TCH02330,Priya Shukla,35,History,12,1,0,1,1,433,0,SCH0417,Govt. Primary School New-417,1
TCH02331,Sunil Aggarwal,25,Art,1,1,1,0,0,181,0,SCH0419,Govt. Primary School Central-419,0
TCH02332,Pushpa Gupta,38,History,3,2,3,1,0,186,0,SCH0272,Govt. Middle School East-272,1
TCH02333,Anita Menon,61,Physical Education,25,11,4,0,0,9,0,SCH0429,Govt. Middle School Central-429,1
TCH02334,Kavita Malhotra,28,Art,1,1,0,1,0,284,0,SCH0420,Govt. Senior Secondary School Lucknow-420,1
TCH02335,Kavita Patel,29,Sanskrit,5,2,3,0,0,183,0,SCH0107,Govt. Middle School Varanasi-107,0
TCH02336,Pooja Sharma,49,History,19,13,10,0,0,143,0,SCH0307,Govt. Middle School Kanpur-307,1
TCH02337,Ashok Singh,52,Mathematics,15,14,7,0,0,29,0,SCH0229,Govt. High School Agra-229,1
TCH02338,Vikas Yadav,55,Computer Science,10,3,7,1,0,418,0,SCH0066,Govt. Middle School Kanpur-66,1
TCH02339,Anita Menon,59,Social Science,25,13,4,0,0,319,1,SCH0083,Govt. Primary School Udaipur-83,1
TCH02340,Amit Gupta,54,Science,6,3,3,0,0,275,0,SCH0436,Govt. High School Jodhpur-436,0
TCH02341,Rekha Dubey,24,History,1,1,0,0,0,150,1,SCH0260,Govt. High School Lucknow-260,0
TCH02342,Radha Naidu,47,Mathematics,13,13,9,0,0,393,0,SCH0088,Govt. High School Ghaziabad-88,1
TCH02343,Rekha Verma,33,History,8,1,2,0,0,95,0,SCH0128,Govt. High School Bikaner-128,0
TCH02344,Vinod Naidu,38,History,8,8,5,1,1,120,0,SCH0464,Govt. Middle School Gurgaon-464,1
TCH02345,Deepak Pillai,45,Biology,2,1,1,0,0,81,1,SCH0228,Govt. Senior Secondary School Kanpur-228,0
TCH02346,Ashok Nair,50,Physics,19,5,5,0,0,216,0,SCH0356,Govt. Senior Secondary School South-356,1
TCH02347,Sunil Nair,55,Hindi,12,10,9,1,0,492,1,SCH0311,Govt. High School Jaipur-311,1
TCH02348,Suresh Naidu,49,Sanskrit,8,8,4,1,0,185,1,SCH0353,Govt. High School West-353,1
TCH02349,Geeta Verma,51,Hindi,6,4,3,0,0,85,0,SCH0023,Govt. High School Faridabad-23,0
TCH02350,Rekha Garg,35,Sanskrit,6,6,3,0,0,258,0,SCH0073,Govt. High School Central-73,1
TCH02351,Deepak Iyer,33,History,9,9,4,1,0,1,0,SCH0111,Govt. Senior Secondary School Gurgaon-111,1
TCH02352,Anita Dubey,44,Social Science,1,1,1,0,0,458,1,SCH0111,Govt. Senior Secondary School Gurgaon-111,0
TCH02353,Saroj Chaudhary,30,Science,2,1,1,0,0,295,1,SCH0066,Govt. Middle School Kanpur-66,0
TCH02354,Mahesh Tiwari,58,Chemistry,21,6,7,1,0,457,0,SCH0282,Govt. Middle School East-282,1
TCH02355,Arun Shukla,27,Biology,4,4,0,1,0,325,0,SCH0333,Govt. Middle School Kota-333,1
TCH02356,Mahesh Naidu,48,Chemistry,24,13,0,1,0,25,0,SCH0043,Govt. Senior Secondary School Ajmer-43,1
TCH02357,Meena Menon,25,Hindi,2,2,1,0,0,358,1,SCH0482,Govt. Primary School Jaipur-482,0
TCH02358,Seema Reddy,32,Physical Education,4,4,1,0,0,370,0,SCH0037,Govt. High School Jaipur-37,0
TCH02359,Sanjay Bhat,38,Physics,9,1,4,1,1,405,0,SCH0331,Govt. Senior Secondary School Jodhpur-331,1
TCH02360,Harish Iyer,40,English,13,10,11,0,0,208,0,SCH0289,Govt. Middle School Central-289,1
TCH02361,Meena Pandey,40,Art,4,2,0,0,0,328,1,SCH0215,Govt. Middle School Ghaziabad-215,0
TCH02362,Naresh Sharma,32,Geography,7,7,7,1,0,102,0,SCH0223,Govt. Middle School Gurgaon-223,1
TCH02363,Vikram Tiwari,58,Science,30,19,7,1,0,289,1,SCH0127,Govt. High School Central-127,1
TCH02364,Kavita Naidu,48,History,19,13,14,1,0,375,0,SCH0273,Govt. Middle School West-273,1
TCH02365,Vikram Pandey,34,Computer Science,8,6,7,1,0,68,0,SCH0209,Govt. High School Noida-209,1
TCH02366,Shanti Jain,60,Physics,34,11,3,1,0,33,0,SCH0046,Govt. Senior Secondary School Ajmer-46,1
TCH02367,Seema Kumar,60,Sanskrit,32,12,12,1,0,32,1,SCH0399,Govt. High School North-399,1
TCH02368,Ramesh Tiwari,32,Mathematics,2,1,2,1,0,166,0,SCH0409,Govt. Senior Secondary School Agra-409,0
TCH02369,Naresh Mishra,58,Chemistry,23,16,6,0,0,214,1,SCH0051,Govt. Middle School Udaipur-51,1
TCH02370,Suresh Aggarwal,42,Science,17,16,13,1,0,25,1,SCH0488,Govt. Senior Secondary School Agra-488,1
TCH02371,Kamla Kaur,59,Social Science,26,1,10,1,0,193,0,SCH0090,Govt. Senior Secondary School Noida-90,1
TCH02372,Pushpa Singh,29,History,3,2,1,1,0,186,0,SCH0302,Govt. Senior Secondary School Ghaziabad-302,0
TCH02373,Vikas Garg,24,Social Science,1,1,1,1,0,405,0,SCH0179,Govt. Middle School North-179,1
TCH02374,Seema Iyer,25,Science,2,2,0,0,0,490,1,SCH0283,Govt. Primary School New-283,0
TCH02375,Sunita Patel,47,Physics,4,3,1,0,0,51,0,SCH0460,Govt. High School Ghaziabad-460,0
TCH02376,Naresh Patel,33,Physics,1,1,1,1,0,162,1,SCH0485,Govt. Senior Secondary School New-485,0
TCH02377,Sunil Menon,47,Geography,12,4,9,0,0,357,0,SCH0413,Govt. High School Ajmer-413,1
TCH02378,Lakshmi Rao,53,Geography,12,1,1,0,0,352,1,SCH0452,Govt. High School Noida-452,0
TCH02379,Mahesh Sharma,39,Computer Science,6,3,3,0,0,434,0,SCH0066,Govt. Middle School Kanpur-66,0
TCH02380,Meena Naidu,49,English,5,1,2,0,0,396,0,SCH0263,Govt. High School Faridabad-263,0
TCH02381,Naresh Pillai,49,Physical Education,25,12,13,0,0,179,0,SCH0074,Govt. Middle School Ajmer-74,1
TCH02382,Sunita Jain,35,Physical Education,11,4,10,0,0,14,0,SCH0137,Govt. Primary School Faridabad-137,0
TCH02383,Shanti Bhat,45,Art,21,6,0,0,0,183,0,SCH0328,Govt. Primary School New-328,0
TCH02384,Ajay Chaudhary,44,Physical Education,4,3,1,0,0,21,0,SCH0128,Govt. High School Bikaner-128,0
TCH02385,Pooja Chauhan,34,Physics,3,1,1,0,0,280,0,SCH0235,Govt. Senior Secondary School Faridabad-235,0
TCH02386,Savita Nair,36,Social Science,10,10,1,1,0,356,0,SCH0409,Govt. Senior Secondary School Agra-409,1
TCH02387,Radha Nair,50,Physical Education,4,4,0,1,1,344,0,SCH0142,Govt. Middle School New-142,1
TCH02388,Ramesh Joshi,41,Computer Science,4,1,2,0,0,256,0,SCH0452,Govt. High School Noida-452,0
TCH02389,Anita Joshi,32,Chemistry,5,2,0,0,0,492,0,SCH0440,Govt. High School Lucknow-440,0
TCH02390,Ashok Garg,45,Science,7,4,5,0,0,166,0,SCH0395,Govt. Primary School Jodhpur-395,0
TCH02391,Anita Gupta,33,Physical Education,10,9,4,0,1,187,0,SCH0325,Govt. Primary School Udaipur-325,1
TCH02392,Anita Patel,35,Geography,3,3,1,0,0,447,1,SCH0123,Govt. Middle School Central-123,0
TCH02393,Anita Kaur,38,Social Science,11,10,0,1,0,115,0,SCH0030,Govt. High School North-30,1
TCH02394,Pushpa Aggarwal,60,Sanskrit,3,1,3,1,0,394,1,SCH0284,Govt. Primary School Bikaner-284,1
TCH02395,Radha Naidu,31,History,4,3,2,1,0,6,0,SCH0006,Govt. Senior Secondary School West-6,0
TCH02396,Deepak Rao,53,Biology,18,6,9,0,0,432,0,SCH0478,Govt. Senior Secondary School Lucknow-478,1
TCH02397,Sunil Bhat,29,Science,2,2,2,1,0,275,0,SCH0264,Govt. Primary School Udaipur-264,1
TCH02398,Rajesh Iyer,50,Hindi,18,14,3,0,0,278,0,SCH0208,Govt. Middle School Ghaziabad-208,1
TCH02399,Rajesh Bhat,32,Chemistry,8,7,8,0,0,322,0,SCH0467,Govt. High School Jaipur-467,1
TCH02400,Sunil Kaur,31,Physics,6,2,6,0,0,101,0,SCH0360,Govt. Senior Secondary School Bikaner-360,0
TCH02401,Kamla Naidu,27,Geography,4,3,3,1,0,401,0,SCH0126,Govt. Senior Secondary School West-126,1
TCH02402,Ajay Chauhan,56,English,18,15,14,0,0,462,0,SCH0022,Govt. Primary School New-22,1
TCH02403,Kamla Mittal,31,Hindi,8,6,0,0,0,84,0,SCH0346,Govt. Primary School South-346,0
TCH02404,Vikram Dubey,27,Sanskrit,3,3,0,0,0,13,0,SCH0090,Govt. Senior Secondary School Noida-90,0
TCH02405,Harish Dubey,54,Mathematics,4,1,0,0,0,336,0,SCH0069,Govt. Primary School West-69,0
TCH02406,Pushpa Shukla,53,English,12,7,6,0,0,491,0,SCH0217,Govt. Middle School Varanasi-217,1
TCH02407,Kavita Pandey,53,Computer Science,20,10,8,0,0,349,0,SCH0192,Govt. High School Faridabad-192,1
TCH02408,Sunil Garg,50,Art,25,10,4,1,0,105,0,SCH0128,Govt. High School Bikaner-128,1
TCH02409,Kavita Joshi,32,Social Science,6,2,2,1,0,105,0,SCH0440,Govt. High School Lucknow-440,0
TCH02410,Vinod Tiwari,61,Hindi,1,1,1,1,1,277,1,SCH0248,Govt. High School Central-248,1
TCH02411,Vikas Shukla,25,Hindi,1,1,1,1,1,169,1,SCH0002,Govt. Senior Secondary School Kota-2,1
TCH02412,Rekha Jain,48,Computer Science,2,1,1,1,0,429,0,SCH0473,Govt. High School Central-473,1
TCH02413,Amit Jain,45,Biology,16,15,6,1,0,448,0,SCH0264,Govt. Primary School Udaipur-264,1
TCH02414,Saroj Garg,37,Biology,4,3,0,1,0,436,0,SCH0457,Govt. Senior Secondary School Ghaziabad-457,1
TCH02415,Dinesh Sharma,59,Geography,21,9,11,1,0,98,1,SCH0030,Govt. High School North-30,1
TCH02416,Usha Joshi,44,Physics,1,1,0,0,0,149,1,SCH0236,Govt. Senior Secondary School Jaipur-236,0
TCH02417,Rajesh Dubey,39,Physical Education,10,9,0,0,0,201,0,SCH0055,Govt. Middle School Noida-55,1
TCH02418,Lakshmi Dubey,61,Mathematics,24,1,0,0,0,69,0,SCH0096,Govt. Senior Secondary School Kanpur-96,0
TCH02419,Radha Rao,39,Hindi,13,12,8,1,0,408,0,SCH0052,Govt. Middle School Lucknow-52,1
TCH02420,Kamla Nair,26,English,3,2,1,0,0,37,0,SCH0044,Govt. High School Udaipur-44,0
TCH02421,Kavita Jain,42,Biology,12,9,1,0,0,226,1,SCH0211,Govt. Middle School North-211,1
TCH02422,Meena Malhotra,59,Computer Science,33,1,1,1,0,90,0,SCH0004,Govt. Middle School Jaipur-4,0
TCH02423,Ramesh Rao,51,Chemistry,21,10,8,0,1,43,0,SCH0129,Govt. Senior Secondary School Ghaziabad-129,1
TCH02424,Rekha Dubey,39,Chemistry,5,5,0,0,0,76,0,SCH0192,Govt. High School Faridabad-192,0
TCH02425,Pooja Menon,44,Art,2,2,1,0,0,42,0,SCH0457,Govt. Senior Secondary School Ghaziabad-457,0
TCH02426,Suresh Chauhan,58,Computer Science,3,2,1,1,0,170,0,SCH0138,Govt. Middle School Bikaner-138,0
TCH02427,Yogesh Patel,57,English,2,2,1,1,0,383,0,SCH0430,Govt. Primary School Bikaner-430,1
TCH02428,Radha Sharma,41,Physics,14,1,14,0,0,22,0,SCH0182,Govt. Senior Secondary School Varanasi-182,0
TCH02429,Sanjay Singh,57,Hindi,16,2,7,0,1,170,1,SCH0453,Govt. High School West-453,1
TCH02430,Amit Kumar,30,Chemistry,2,2,0,0,0,106,0,SCH0146,Govt. Middle School Central-146,0
TCH02431,Usha Mittal,38,Mathematics,14,1,1,0,0,283,0,SCH0216,Govt. Middle School East-216,0
TCH02432,Sanjay Rao,31,Computer Science,3,2,1,1,0,213,0,SCH0083,Govt. Primary School Udaipur-83,1
TCH02433,Kavita Chaudhary,37,Biology,9,4,3,0,0,437,0,SCH0137,Govt. Primary School Faridabad-137,0
TCH02434,Pushpa Aggarwal,53,Computer Science,12,10,1,0,0,14,0,SCH0282,Govt. Middle School East-282,0
TCH02435,Deepak Pandey,57,Art,30,3,8,1,0,325,0,SCH0366,Govt. Senior Secondary School East-366,1
TCH02436,Lakshmi Nair,55,Physical Education,16,11,5,0,0,153,1,SCH0392,Govt. High School South-392,1
TCH02437,Naresh Kumar,54,Science,29,5,5,0,0,97,0,SCH0473,Govt. High School Central-473,1
TCH02438,Suresh Aggarwal,32,Mathematics,4,1,3,0,0,54,0,SCH0491,Govt. Senior Secondary School Central-491,0
TCH02439,Meena Dubey,36,History,10,2,1,0,1,490,0,SCH0065,Govt. High School Ghaziabad-65,1
TCH02440,Geeta Verma,48,Computer Science,11,2,9,0,0,172,1,SCH0007,Govt. Primary School South-7,0
TCH02441,Usha Chaudhary,33,Geography,7,7,4,0,0,143,0,SCH0425,Govt. High School Gurgaon-425,0
TCH02442,Rajesh Chaudhary,55,Biology,6,6,4,0,0,47,0,SCH0378,Govt. High School Udaipur-378,0
TCH02443,Vinod Rao,36,Science,2,2,0,0,0,58,1,SCH0149,Govt. Primary School Central-149,0
TCH02444,Radha Mishra,26,Geography,1,1,1,1,1,250,0,SCH0390,Govt. Middle School Lucknow-390,1
TCH02445,Harish Patel,59,Hindi,3,3,0,0,0,251,0,SCH0079,Govt. Senior Secondary School North-79,0
TCH02446,Kavita Garg,29,Social Science,5,1,5,1,1,62,0,SCH0144,Govt. Senior Secondary School Kanpur-144,1
TCH02447,Geeta Naidu,47,Sanskrit,10,10,6,0,0,27,0,SCH0359,Govt. Primary School Lucknow-359,1
TCH02448,Sanjay Rao,40,Physical Education,11,1,0,1,0,392,1,SCH0220,Govt. High School North-220,1
TCH02449,Suresh Bhat,51,Physical Education,16,1,2,1,0,186,0,SCH0401,Govt. Senior Secondary School Varanasi-401,0
TCH02450,Saroj Patel,29,Hindi,5,5,3,0,0,16,0,SCH0258,Govt. Primary School Faridabad-258,0
TCH02451,Anita Reddy,55,Computer Science,3,2,0,0,0,251,0,SCH0438,Govt. Primary School Jodhpur-438,0
TCH02452,Ramesh Singh,57,English,8,4,4,0,0,265,0,SCH0077,Govt. Middle School Bikaner-77,0
TCH02453,Amit Tiwari,27,Hindi,2,1,2,0,0,485,1,SCH0206,Govt. High School Lucknow-206,0
TCH02454,Meena Chaudhary,32,Mathematics,3,3,3,1,0,129,1,SCH0476,Govt. Primary School East-476,1
TCH02455,Sanjay Gupta,28,Sanskrit,2,2,2,0,0,15,0,SCH0316,Govt. Senior Secondary School South-316,0
TCH02456,Naresh Chaudhary,31,History,6,1,5,1,0,57,0,SCH0027,Govt. High School Central-27,1
TCH02457,Ramesh Mishra,48,Physics,2,1,1,1,0,144,1,SCH0157,Govt. Senior Secondary School Jodhpur-157,0
TCH02458,Mukesh Verma,33,History,6,1,5,1,1,17,0,SCH0219,Govt. Primary School Ajmer-219,1
TCH02459,Sunita Joshi,50,Science,26,7,4,1,0,367,0,SCH0219,Govt. Primary School Ajmer-219,1
TCH02460,Shanti Tiwari,38,Physics,11,2,2,1,0,184,0,SCH0138,Govt. Middle School Bikaner-138,0
TCH02461,Pankaj Mishra,39,Physics,1,1,0,1,1,426,1,SCH0365,Govt. Senior Secondary School Ajmer-365,1
TCH02462,Sunita Patel,26,Mathematics,1,1,1,1,0,281,1,SCH0459,Govt. Primary School New-459,1
TCH02463,Sunita Naidu,33,Physical Education,5,4,1,0,0,147,0,SCH0001,Govt. Senior Secondary School West-1,0
TCH02464,Nita Joshi,57,Biology,23,6,4,1,0,199,0,SCH0165,Govt. Primary School Gurgaon-165,1
TCH02465,Ajay Singh,41,Chemistry,18,17,5,0,0,348,1,SCH0144,Govt. Senior Secondary School Kanpur-144,1
TCH02466,Mahesh Rao,30,Physics,5,4,3,1,1,442,0,SCH0095,Govt. Primary School New-95,1
TCH02467,Rekha Singh,49,Science,11,2,6,1,0,290,0,SCH0172,Govt. Senior Secondary School North-172,1
TCH02468,Rajesh Naidu,46,History,23,2,0,0,1,281,0,SCH0343,Govt. Senior Secondary School Central-343,1
TCH02469,Deepak Pandey,47,Physics,3,2,1,0,0,341,0,SCH0395,Govt. Primary School Jodhpur-395,0
TCH02470,Shanti Kaur,57,Art,24,9,13,0,0,417,0,SCH0380,Govt. Primary School Agra-380,1
TCH02471,Kamla Iyer,30,Physics,6,4,5,0,0,472,1,SCH0302,Govt. Senior Secondary School Ghaziabad-302,1
TCH02472,Seema Yadav,38,Geography,14,9,12,0,1,70,1,SCH0122,Govt. High School Ghaziabad-122,1
TCH02473,Anita Mittal,35,Science,1,1,1,0,0,205,0,SCH0197,Govt. Middle School Udaipur-197,0
TCH02474,Ajay Singh,28,Mathematics,4,3,2,1,0,235,1,SCH0067,Govt. Primary School Udaipur-67,1
TCH02475,Sanjay Yadav,51,Physical Education,22,12,14,0,0,69,0,SCH0301,Govt. High School New-301,1
TCH02476,Suresh Gupta,47,History,13,11,11,0,0,246,0,SCH0229,Govt. High School Agra-229,1
TCH02477,Usha Joshi,34,Physical Education,10,4,9,0,0,52,0,SCH0317,Govt. Middle School Jodhpur-317,0
TCH02478,Sanjay Menon,49,Physical Education,6,5,1,0,0,480,0,SCH0243,Govt. Middle School Kanpur-243,0
TCH02479,Amit Kumar,44,Hindi,17,12,7,1,0,241,0,SCH0079,Govt. Senior Secondary School North-79,1
TCH02480,Devika Bhat,29,Social Science,1,1,1,0,0,483,0,SCH0215,Govt. Middle School Ghaziabad-215,0
TCH02481,Devika Dubey,57,Physics,10,4,10,1,0,160,1,SCH0457,Govt. Senior Secondary School Ghaziabad-457,1
TCH02482,Kavita Jain,33,Chemistry,6,4,3,1,0,469,0,SCH0230,Govt. High School West-230,1
TCH02483,Mukesh Chaudhary,57,History,32,6,5,0,0,180,1,SCH0035,Govt. Primary School South-35,1
TCH02484,Harish Aggarwal,28,Mathematics,2,2,1,1,0,27,1,SCH0477,Govt. Senior Secondary School Agra-477,0
TCH02485,Ajay Tiwari,45,Physical Education,22,18,10,0,1,121,0,SCH0086,Govt. High School Jaipur-86,1
TCH02486,Deepak Joshi,28,Mathematics,3,3,0,0,0,108,0,SCH0496,Govt. Middle School Bikaner-496,0
TCH02487,Vikas Verma,31,Art,8,6,8,0,0,316,0,SCH0490,Govt. Middle School Lucknow-490,1
TCH02488,Sanjay Kaur,48,Sanskrit,10,8,6,0,0,496,0,SCH0498,Govt. Primary School Gurgaon-498,1
TCH02489,Pushpa Naidu,33,History,9,9,5,1,0,339,0,SCH0204,Govt. Middle School Agra-204,1
TCH02490,Harish Gupta,58,English,29,12,4,1,0,292,1,SCH0446,Govt. Middle School Jodhpur-446,1
TCH02491,Harish Shukla,39,History,14,9,9,0,1,445,0,SCH0225,Govt. Primary School Agra-225,1
TCH02492,Naresh Shukla,27,Geography,2,1,0,1,0,431,0,SCH0400,Govt. Senior Secondary School Jodhpur-400,1
TCH02493,Nita Patel,42,Mathematics,17,8,1,0,0,284,0,SCH0140,Govt. Primary School Udaipur-140,1
TCH02494,Vikas Yadav,40,Geography,13,12,10,0,0,349,1,SCH0082,Govt. Primary School West-82,1
TCH02495,Rajesh Mittal,43,Art,16,2,13,0,0,279,0,SCH0357,Govt. Senior Secondary School Ghaziabad-357,1
TCH02496,Savita Nair,32,Physical Education,3,1,1,0,0,350,0,SCH0263,Govt. High School Faridabad-263,0
TCH02497,Kamla Tiwari,52,Social Science,6,4,0,0,0,370,0,SCH0369,Govt. Middle School Central-369,0
TCH02498,Ramesh Joshi,34,Physical Education,11,4,3,1,0,343,0,SCH0437,Govt. Primary School Varanasi-437,1
TCH02499,Devika Singh,60,English,33,9,9,1,0,282,1,SCH0138,Govt. Middle School Bikaner-138,1
TCH02500,Amit Menon,61,Hindi,6,4,2,1,0,357,0,SCH0115,Govt. High School Jodhpur-115,1
TCH02501,Amit Reddy,53,English,22,19,14,0,0,39,1,SCH0150,Govt. Primary School Jodhpur-150,1
TCH02502,Seema Jain,31,English,5,3,3,1,0,217,0,SCH0483,Govt. Middle School Central-483,1
TCH02503,Sunita Reddy,33,Hindi,3,2,1,0,0,382,0,SCH0139,Govt. Senior Secondary School Ajmer-139,0
TCH02504,Nita Menon,55,Science,3,3,0,0,0,352,1,SCH0422,Govt. Primary School Varanasi-422,0
TCH02505,Dinesh Reddy,30,Geography,6,6,4,1,0,50,0,SCH0001,Govt. Senior Secondary School West-1,1
TCH02506,Shanti Pandey,61,Science,2,1,1,1,0,398,0,SCH0498,Govt. Primary School Gurgaon-498,1
TCH02507,Devika Tiwari,58,Physical Education,11,8,8,1,0,498,0,SCH0485,Govt. Senior Secondary School New-485,1
TCH02508,Pankaj Mittal,44,Geography,17,4,6,0,0,15,0,SCH0069,Govt. Primary School West-69,0
TCH02509,Ashok Verma,25,Computer Science,1,1,0,1,0,145,0,SCH0151,Govt. High School Kanpur-151,0
TCH02510,Rajesh Bansal,51,Physics,12,3,5,0,0,276,1,SCH0418,Govt. High School Ghaziabad-418,1
TCH02511,Seema Patel,55,Social Science,26,1,12,0,0,6,1,SCH0113,Govt. High School Jodhpur-113,0
TCH02512,Priya Menon,26,Computer Science,2,2,2,1,0,363,0,SCH0498,Govt. Primary School Gurgaon-498,1
TCH02513,Anita Singh,40,Physical Education,6,6,1,0,0,105,0,SCH0445,Govt. Middle School Central-445,0
TCH02514,Naresh Reddy,34,Social Science,2,1,2,0,0,106,1,SCH0382,Govt. Senior Secondary School Jaipur-382,0
TCH02515,Ajay Menon,56,Hindi,16,3,12,0,0,42,0,SCH0446,Govt. Middle School Jodhpur-446,0
TCH02516,Yogesh Mishra,33,Physics,1,1,1,0,0,29,0,SCH0419,Govt. Primary School Central-419,0
TCH02517,Nita Pillai,58,Computer Science,2,2,2,1,0,88,1,SCH0138,Govt. Middle School Bikaner-138,0
TCH02518,Lakshmi Kumar,45,Biology,6,6,6,0,0,180,0,SCH0414,Govt. Senior Secondary School Central-414,0
TCH02519,Radha Dubey,31,English,2,2,2,1,0,387,0,SCH0119,Govt. Middle School Noida-119,1
TCH02520,Mukesh Gupta,33,Biology,2,1,0,0,0,272,0,SCH0462,Govt. Primary School Noida-462,0
TCH02521,Savita Patel,50,Sanskrit,24,16,7,1,0,297,0,SCH0093,Govt. Primary School Kanpur-93,1
TCH02522,Pooja Yadav,50,Geography,15,7,12,1,0,133,0,SCH0442,Govt. High School Gurgaon-442,1
TCH02523,Pooja Reddy,35,Social Science,7,4,5,0,0,339,0,SCH0252,Govt. Primary School Gurgaon-252,0
TCH02524,Rekha Patel,53,English,8,2,1,0,1,452,0,SCH0011,Govt. Middle School Lucknow-11,1
TCH02525,Lakshmi Naidu,60,Geography,20,10,0,0,0,460,0,SCH0419,Govt. Primary School Central-419,1
TCH02526,Vikram Kumar,38,Science,10,10,10,0,0,458,1,SCH0097,Govt. Primary School Central-97,1
TCH02527,Geeta Chauhan,29,Computer Science,5,4,3,0,0,61,0,SCH0219,Govt. Primary School Ajmer-219,0
TCH02528,Lakshmi Singh,41,Physical Education,12,7,2,1,0,188,0,SCH0497,Govt. High School Ghaziabad-497,1
TCH02529,Deepak Kaur,28,Art,2,2,1,1,0,55,0,SCH0270,Govt. Senior Secondary School Udaipur-270,0
TCH02530,Rajesh Iyer,34,Science,2,2,1,0,0,356,1,SCH0414,Govt. Senior Secondary School Central-414,0
TCH02531,Naresh Sharma,54,Science,6,6,6,0,0,344,0,SCH0194,Govt. Middle School Ajmer-194,1
TCH02532,Rajesh Malhotra,44,Sanskrit,3,2,0,0,0,324,0,SCH0424,Govt. Primary School Varanasi-424,0
TCH02533,Amit Kumar,32,Hindi,3,1,1,0,0,227,0,SCH0330,Govt. High School Varanasi-330,0
TCH02534,Anita Tiwari,58,English,17,13,5,0,0,415,1,SCH0395,Govt. Primary School Jodhpur-395,1
TCH02535,Ajay Sharma,28,Art,2,1,0,1,0,410,0,SCH0481,Govt. Senior Secondary School Jaipur-481,1
TCH02536,Rajesh Aggarwal,52,Science,2,1,0,0,0,192,0,SCH0495,Govt. Senior Secondary School Faridabad-495,0
TCH02537,Usha Garg,24,Physical Education,1,1,0,0,0,365,0,SCH0278,Govt. Senior Secondary School Lucknow-278,0
TCH02538,Sanjay Kumar,24,Biology,1,1,0,0,0,177,0,SCH0044,Govt. High School Udaipur-44,0
TCH02539,Vikas Mittal,51,Biology,23,6,8,0,0,464,0,SCH0389,Govt. Middle School Gurgaon-389,1
TCH02540,Arun Joshi,25,Physics,1,1,1,1,0,26,1,SCH0418,Govt. High School Ghaziabad-418,0
TCH02541,Meena Mishra,44,Mathematics,4,4,2,0,1,129,0,SCH0246,Govt. Senior Secondary School Central-246,0
TCH02542,Seema Reddy,47,History,20,6,11,1,0,353,1,SCH0279,Govt. Primary School Kanpur-279,1
TCH02543,Priya Bansal,47,Mathematics,10,9,2,1,0,175,0,SCH0064,Govt. High School Jodhpur-64,1
TCH02544,Sunil Joshi,28,Science,3,2,2,0,0,485,0,SCH0053,Govt. Senior Secondary School Ghaziabad-53,0
TCH02545,Pankaj Kumar,55,Mathematics,14,12,3,0,0,139,1,SCH0262,Govt. High School Jodhpur-262,1
TCH02546,Ramesh Sharma,56,Hindi,14,2,8,1,0,274,1,SCH0468,Govt. Primary School South-468,1
TCH02547,Naresh Kumar,40,Physics,14,11,10,0,0,95,0,SCH0219,Govt. Primary School Ajmer-219,1
TCH02548,Vinod Mishra,42,Computer Science,17,12,8,0,0,447,0,SCH0336,Govt. Senior Secondary School Ghaziabad-336,1
TCH02549,Kavita Rao,59,English,23,7,0,0,0,83,0,SCH0197,Govt. Middle School Udaipur-197,0
TCH02550,Ramesh Singh,31,Social Science,2,1,0,0,1,173,0,SCH0057,Govt. Primary School New-57,0
TCH02551,Vikram Iyer,32,Physics,4,4,3,1,0,468,0,SCH0183,Govt. Senior Secondary School Jodhpur-183,1
TCH02552,Shanti Jain,42,Science,14,6,12,0,0,335,0,SCH0061,Govt. Primary School Kota-61,1
TCH02553,Amit Iyer,58,English,8,4,2,0,0,348,0,SCH0459,Govt. Primary School New-459,0
TCH02554,Radha Nair,26,Physics,1,1,0,1,0,288,1,SCH0092,Govt. Primary School Kanpur-92,1
TCH02555,Pooja Naidu,25,Chemistry,2,2,1,1,0,485,1,SCH0308,Govt. Primary School Varanasi-308,1
TCH02556,Rekha Iyer,39,Sanskrit,8,7,3,0,0,254,0,SCH0077,Govt. Middle School Bikaner-77,1
TCH02557,Dinesh Mittal,46,Science,11,3,0,0,1,365,0,SCH0147,Govt. High School Gurgaon-147,1
TCH02558,Pushpa Naidu,37,Physics,10,8,7,0,0,215,0,SCH0139,Govt. Senior Secondary School Ajmer-139,1
TCH02559,Mahesh Aggarwal,39,Physical Education,5,5,3,1,1,260,0,SCH0478,Govt. Senior Secondary School Lucknow-478,1
TCH02560,Vikram Aggarwal,58,Mathematics,25,18,13,0,0,125,0,SCH0409,Govt. Senior Secondary School Agra-409,1
TCH02561,Meena Malhotra,30,Computer Science,7,4,1,0,0,90,1,SCH0442,Govt. High School Gurgaon-442,0
TCH02562,Ashok Kumar,27,Chemistry,1,1,0,0,0,189,1,SCH0076,Govt. High School Jodhpur-76,0
TCH02563,Mukesh Bansal,48,Science,8,7,0,1,0,452,0,SCH0229,Govt. High School Agra-229,1
TCH02564,Vikas Chaudhary,55,Physical Education,22,11,12,0,0,132,0,SCH0058,Govt. Senior Secondary School Central-58,1
TCH02565,Meena Gupta,56,Physics,27,5,4,0,0,133,0,SCH0143,Govt. Senior Secondary School Kota-143,1
TCH02566,Pooja Malhotra,36,Chemistry,10,5,3,1,0,167,0,SCH0066,Govt. Middle School Kanpur-66,1
TCH02567,Ashok Rao,43,Chemistry,17,16,8,1,1,498,1,SCH0181,Govt. Middle School Kota-181,1
TCH02568,Pankaj Iyer,47,Art,15,12,8,1,0,99,1,SCH0247,Govt. High School New-247,1
TCH02569,Usha Kumar,27,Art,1,1,0,0,0,201,1,SCH0326,Govt. Middle School Varanasi-326,0
TCH02570,Geeta Shukla,37,Chemistry,10,10,1,0,0,199,0,SCH0484,Govt. Middle School Lucknow-484,0
TCH02571,Pushpa Menon,41,History,9,5,4,0,0,111,1,SCH0282,Govt. Middle School East-282,1
TCH02572,Sunil Menon,48,Sanskrit,22,16,12,0,0,473,0,SCH0253,Govt. Middle School Gurgaon-253,1
TCH02573,Naresh Gupta,56,Geography,4,4,1,0,0,291,1,SCH0118,Govt. Middle School Agra-118,0
TCH02574,Pankaj Nair,58,Geography,25,8,0,0,0,331,1,SCH0367,Govt. Primary School Ghaziabad-367,1
TCH02575,Ramesh Bhat,56,Science,23,12,10,0,0,359,1,SCH0398,Govt. Senior Secondary School South-398,1
TCH02576,Shanti Sharma,48,Hindi,13,10,0,0,0,101,0,SCH0121,Govt. Middle School Ajmer-121,0
TCH02577,Priya Dubey,43,History,16,2,12,0,1,220,0,SCH0436,Govt. High School Jodhpur-436,1
TCH02578,Deepak Jain,34,Science,9,7,3,0,0,476,0,SCH0243,Govt. Middle School Kanpur-243,1
TCH02579,Dinesh Dubey,55,Sanskrit,9,5,4,0,0,427,0,SCH0031,Govt. Senior Secondary School East-31,1
TCH02580,Deepak Joshi,33,Biology,2,1,1,0,0,461,0,SCH0435,Govt. Primary School Noida-435,0
TCH02581,Devika Jain,57,Chemistry,2,2,0,0,0,303,0,SCH0074,Govt. Middle School Ajmer-74,0
TCH02582,Nita Bansal,50,Hindi,21,7,8,0,0,160,0,SCH0125,Govt. Primary School Jodhpur-125,1
TCH02583,Deepak Singh,48,Physical Education,14,6,5,0,0,265,0,SCH0029,Govt. Primary School Lucknow-29,1
TCH02584,Meena Shukla,46,Physical Education,1,1,1,1,0,211,1,SCH0361,Govt. High School South-361,1
TCH02585,Radha Dubey,34,Mathematics,9,4,8,0,0,244,0,SCH0014,Govt. Middle School South-14,0
TCH02586,Suresh Naidu,39,Geography,16,12,4,1,0,325,0,SCH0360,Govt. Senior Secondary School Bikaner-360,1
TCH02587,Mukesh Bansal,26,Geography,2,1,2,0,0,366,0,SCH0038,Govt. Senior Secondary School Kota-38,0
TCH02588,Arun Sharma,43,English,20,7,0,1,0,473,0,SCH0446,Govt. Middle School Jodhpur-446,1
TCH02589,Meena Gupta,33,Hindi,6,4,5,0,0,314,0,SCH0188,Govt. Middle School Kanpur-188,0
TCH02590,Rajesh Pillai,47,Sanskrit,8,4,8,0,0,244,0,SCH0040,Govt. High School Jodhpur-40,0
TCH02591,Pankaj Kumar,31,Art,3,3,1,0,0,433,0,SCH0417,Govt. Primary School New-417,0
TCH02592,Mukesh Kaur,38,English,9,3,9,0,0,66,1,SCH0094,Govt. Middle School Gurgaon-94,0
TCH02593,Kamla Bhat,54,Social Science,11,8,9,0,0,59,0,SCH0384,Govt. Middle School Jaipur-384,1
TCH02594,Pankaj Kaur,60,Physics,21,6,7,0,0,427,0,SCH0241,Govt. High School Udaipur-241,1
TCH02595,Rajesh Joshi,56,Science,3,2,2,0,0,123,0,SCH0228,Govt. Senior Secondary School Kanpur-228,0
TCH02596,Sunita Mittal,31,Computer Science,6,4,3,0,0,411,0,SCH0080,Govt. Primary School Jaipur-80,0
TCH02597,Ajay Malhotra,53,English,14,11,0,1,1,45,0,SCH0017,Govt. Primary School Udaipur-17,1
TCH02598,Arun Sharma,28,Chemistry,5,5,0,0,0,300,0,SCH0258,Govt. Primary School Faridabad-258,0
TCH02599,Radha Naidu,39,Biology,4,2,4,1,0,265,0,SCH0427,Govt. Primary School Faridabad-427,1
TCH02600,Mahesh Jain,42,Geography,8,6,3,1,0,282,0,SCH0284,Govt. Primary School Bikaner-284,1
TCH02601,Rekha Bhat,60,Hindi,9,3,9,0,1,310,1,SCH0257,Govt. Middle School West-257,1
TCH02602,Arun Tiwari,29,Science,1,1,0,0,0,223,0,SCH0217,Govt. Middle School Varanasi-217,0
TCH02603,Naresh Kumar,58,Physical Education,19,12,7,1,0,416,0,SCH0268,Govt. Middle School North-268,1
TCH02604,Lakshmi Iyer,37,Mathematics,7,6,4,1,0,146,0,SCH0109,Govt. High School Jaipur-109,1
TCH02605,Lakshmi Patel,59,Sanskrit,34,11,9,1,1,133,0,SCH0113,Govt. High School Jodhpur-113,1
TCH02606,Devika Iyer,25,Sanskrit,2,1,1,0,0,288,0,SCH0382,Govt. Senior Secondary School Jaipur-382,0
TCH02607,Savita Rao,35,Physics,1,1,1,1,0,366,0,SCH0040,Govt. High School Jodhpur-40,1
TCH02608,Lakshmi Bansal,56,Chemistry,4,1,0,1,0,111,0,SCH0335,Govt. Primary School Noida-335,0
TCH02609,Sunita Aggarwal,46,Physics,3,1,0,0,1,358,0,SCH0085,Govt. Middle School Udaipur-85,1
TCH02610,Radha Yadav,28,Social Science,3,1,1,1,0,335,0,SCH0332,Govt. Primary School Agra-332,1
TCH02611,Suresh Gupta,45,Physics,15,13,11,1,0,385,1,SCH0056,Govt. Senior Secondary School South-56,1
TCH02612,Usha Sharma,26,Hindi,1,1,1,0,0,259,0,SCH0309,Govt. Middle School Agra-309,0
TCH02613,Arun Menon,39,Science,1,1,0,1,0,9,1,SCH0145,Govt. Primary School Bikaner-145,0
TCH02614,Nita Iyer,47,Mathematics,24,14,13,1,0,179,1,SCH0034,Govt. Middle School Varanasi-34,1
TCH02615,Rekha Yadav,46,History,19,13,11,1,0,479,0,SCH0388,Govt. Senior Secondary School Noida-388,1
TCH02616,Amit Mishra,44,Social Science,3,2,0,1,0,129,1,SCH0104,Govt. High School West-104,0
TCH02617,Vikas Pillai,61,Mathematics,6,3,2,0,0,19,0,SCH0044,Govt. High School Udaipur-44,0
TCH02618,Mukesh Verma,60,Mathematics,8,6,7,1,1,106,0,SCH0289,Govt. Middle School Central-289,1
TCH02619,Anita Joshi,51,Mathematics,6,4,2,1,0,219,0,SCH0162,Govt. Middle School Gurgaon-162,1
TCH02620,Vinod Shukla,51,History,24,15,6,1,0,405,0,SCH0183,Govt. Senior Secondary School Jodhpur-183,1
TCH02621,Ashok Malhotra,33,Chemistry,3,2,3,0,1,74,0,SCH0100,Govt. Senior Secondary School Gurgaon-100,0
TCH02622,Dinesh Kumar,44,Physical Education,13,6,8,0,0,441,0,SCH0372,Govt. High School Lucknow-372,1
TCH02623,Suresh Pandey,45,Chemistry,7,5,4,0,0,147,0,SCH0346,Govt. Primary School South-346,0
TCH02624,Harish Singh,32,History,2,2,2,0,1,55,0,SCH0460,Govt. High School Ghaziabad-460,0
TCH02625,Meena Sharma,58,Geography,17,17,2,0,0,49,0,SCH0414,Govt. Senior Secondary School Central-414,0
TCH02626,Naresh Rao,24,Geography,1,1,0,0,0,380,0,SCH0408,Govt. High School North-408,0
TCH02627,Amit Joshi,42,English,14,8,2,1,0,430,1,SCH0445,Govt. Middle School Central-445,1
TCH02628,Savita Gupta,53,Computer Science,5,3,0,0,0,165,1,SCH0078,Govt. Middle School Gurgaon-78,0
TCH02629,Ramesh Mittal,42,Hindi,7,6,0,1,1,256,0,SCH0048,Govt. Middle School Gurgaon-48,1
TCH02630,Meena Malhotra,59,Physical Education,33,4,1,1,0,456,1,SCH0414,Govt. Senior Secondary School Central-414,1
TCH02631,Harish Nair,46,Physical Education,20,2,2,1,0,262,0,SCH0083,Govt. Primary School Udaipur-83,1
TCH02632,Kamla Jain,56,Art,4,2,0,0,1,91,0,SCH0312,Govt. Primary School Kanpur-312,0
TCH02633,Yogesh Aggarwal,50,English,19,19,14,0,0,452,0,SCH0175,Govt. Middle School Ghaziabad-175,1
TCH02634,Vinod Dubey,32,Geography,1,1,0,0,0,471,0,SCH0174,Govt. Middle School South-174,0
TCH02635,Radha Verma,42,Physical Education,7,5,0,0,0,152,0,SCH0439,Govt. Senior Secondary School Kota-439,0
TCH02636,Naresh Mishra,34,Hindi,5,4,0,0,0,15,0,SCH0397,Govt. Senior Secondary School Udaipur-397,0
TCH02637,Ajay Gupta,34,English,10,2,3,1,1,348,1,SCH0313,Govt. Middle School Ajmer-313,1
TCH02638,Pushpa Singh,55,Art,2,2,0,0,0,123,1,SCH0291,Govt. Primary School Faridabad-291,0
TCH02639,Meena Malhotra,31,Sanskrit,2,1,0,1,0,269,0,SCH0008,Govt. High School Ajmer-8,1
TCH02640,Devika Garg,34,Art,3,1,0,0,0,228,0,SCH0159,Govt. High School North-159,0
TCH02641,Anita Rao,40,Science,11,9,10,0,0,185,1,SCH0401,Govt. Senior Secondary School Varanasi-401,1
TCH02642,Ashok Patel,34,Social Science,7,3,3,0,0,453,0,SCH0233,Govt. Primary School Jodhpur-233,0
TCH02643,Vikram Tiwari,37,Geography,12,4,11,0,0,362,1,SCH0083,Govt. Primary School Udaipur-83,1
TCH02644,Dinesh Gupta,45,Science,7,4,7,1,0,64,1,SCH0187,Govt. Senior Secondary School Lucknow-187,1
TCH02645,Savita Tiwari,53,Biology,12,3,4,1,0,373,0,SCH0092,Govt. Primary School Kanpur-92,1
TCH02646,Yogesh Reddy,43,English,12,4,5,1,0,29,1,SCH0132,Govt. High School South-132,1
TCH02647,Kavita Pillai,61,Biology,3,1,3,0,0,330,0,SCH0482,Govt. Primary School Jaipur-482,0
TCH02648,Shanti Garg,58,Social Science,12,5,4,1,0,384,1,SCH0021,Govt. Middle School Faridabad-21,1
TCH02649,Pankaj Garg,45,Geography,15,4,3,1,1,39,1,SCH0206,Govt. High School Lucknow-206,1
TCH02650,Deepak Chauhan,56,Physics,2,1,0,1,0,379,0,SCH0470,Govt. High School Bikaner-470,1
TCH02651,Saroj Pandey,29,Physics,4,4,2,1,0,442,0,SCH0263,Govt. High School Faridabad-263,1
TCH02652,Pankaj Nair,60,Biology,16,5,7,0,0,131,0,SCH0043,Govt. Senior Secondary School Ajmer-43,1
TCH02653,Amit Iyer,56,Computer Science,24,19,8,0,0,305,0,SCH0135,Govt. Middle School Central-135,1
TCH02654,Geeta Bhat,38,Sanskrit,13,12,1,0,0,167,1,SCH0030,Govt. High School North-30,0
TCH02655,Rajesh Kumar,46,Sanskrit,17,2,2,1,1,193,0,SCH0288,Govt. Primary School Central-288,1
TCH02656,Vinod Shukla,29,English,6,3,5,1,0,311,1,SCH0054,Govt. High School West-54,1
TCH02657,Lakshmi Garg,41,Science,6,4,3,1,1,403,1,SCH0292,Govt. High School Jodhpur-292,1
TCH02658,Naresh Garg,56,Biology,15,3,14,0,0,327,1,SCH0115,Govt. High School Jodhpur-115,1
TCH02659,Anita Dubey,53,Biology,6,3,1,0,0,292,0,SCH0343,Govt. Senior Secondary School Central-343,0
TCH02660,Sunil Mittal,32,Sanskrit,9,8,7,0,0,146,0,SCH0240,Govt. Senior Secondary School New-240,0
TCH02661,Suresh Gupta,47,English,13,5,6,0,0,308,0,SCH0239,Govt. Senior Secondary School Central-239,1
TCH02662,Suresh Jain,26,Chemistry,2,1,1,1,0,173,0,SCH0375,Govt. Primary School South-375,0
TCH02663,Radha Yadav,37,Chemistry,2,2,0,1,1,236,0,SCH0394,Govt. High School Kanpur-394,1
TCH02664,Vikram Pandey,31,Physics,4,4,0,1,0,247,0,SCH0169,Govt. Middle School Ajmer-169,1
TCH02665,Pushpa Yadav,29,Physical Education,2,2,0,0,0,293,1,SCH0310,Govt. Middle School West-310,0
TCH02666,Mukesh Singh,35,Social Science,6,3,6,0,0,463,0,SCH0380,Govt. Primary School Agra-380,0
TCH02667,Amit Menon,52,English,3,3,0,0,0,480,1,SCH0233,Govt. Primary School Jodhpur-233,0
TCH02668,Mukesh Kumar,34,Computer Science,9,7,2,1,0,35,0,SCH0486,Govt. Senior Secondary School East-486,1
TCH02669,Ashok Pillai,26,Mathematics,2,2,0,0,0,348,0,SCH0110,Govt. Primary School Bikaner-110,0
TCH02670,Naresh Verma,35,Art,3,1,0,0,0,355,0,SCH0308,Govt. Primary School Varanasi-308,0
TCH02671,Radha Rao,53,Hindi,8,1,2,0,0,309,0,SCH0186,Govt. Senior Secondary School Faridabad-186,0
TCH02672,Nita Garg,44,Mathematics,6,3,0,0,0,363,1,SCH0028,Govt. High School Varanasi-28,0
TCH02673,Radha Tiwari,47,Social Science,13,2,12,1,0,164,0,SCH0488,Govt. Senior Secondary School Agra-488,1
TCH02674,Pooja Gupta,45,English,4,2,3,0,0,255,0,SCH0326,Govt. Middle School Varanasi-326,0
TCH02675,Seema Shukla,27,Science,1,1,1,0,0,348,0,SCH0036,Govt. Primary School Noida-36,0
TCH02676,Yogesh Garg,30,Chemistry,5,2,0,1,0,263,0,SCH0153,Govt. Primary School Ghaziabad-153,1
TCH02677,Nita Naidu,53,Social Science,27,9,11,0,0,378,0,SCH0269,Govt. Middle School East-269,1
TCH02678,Sunita Gupta,45,Chemistry,12,9,10,0,0,32,0,SCH0095,Govt. Primary School New-95,1
TCH02679,Rekha Patel,54,Hindi,29,5,5,0,0,327,0,SCH0176,Govt. Middle School Udaipur-176,1
TCH02680,Pankaj Rao,31,Biology,2,1,2,0,0,245,0,SCH0179,Govt. Middle School North-179,0
TCH02681,Arun Bhat,39,Chemistry,3,1,2,0,0,294,1,SCH0275,Govt. Primary School East-275,0
TCH02682,Vikas Shukla,43,Sanskrit,1,1,1,0,0,293,0,SCH0182,Govt. Senior Secondary School Varanasi-182,0
TCH02683,Devika Aggarwal,59,Geography,13,3,12,1,0,16,0,SCH0006,Govt. Senior Secondary School West-6,1
TCH02684,Vikram Kaur,47,Computer Science,8,5,7,1,0,379,0,SCH0102,Govt. High School Gurgaon-102,1
TCH02685,Saroj Kumar,47,Physics,19,9,7,1,0,218,1,SCH0297,Govt. Middle School East-297,1
TCH02686,Ashok Sharma,54,English,25,2,9,1,0,67,0,SCH0341,Govt. High School Gurgaon-341,1
TCH02687,Savita Jain,30,English,2,1,2,0,0,123,1,SCH0460,Govt. High School Ghaziabad-460,0
TCH02688,Ashok Singh,56,Art,25,12,10,0,0,356,0,SCH0256,Govt. Senior Secondary School Faridabad-256,1
TCH02689,Pankaj Tiwari,52,History,17,15,5,0,0,83,0,SCH0497,Govt. High School Ghaziabad-497,1
TCH02690,Rajesh Chauhan,35,Sanskrit,3,1,1,0,0,62,0,SCH0370,Govt. High School Kanpur-370,0
TCH02691,Deepak Reddy,25,Biology,1,1,1,0,0,87,1,SCH0439,Govt. Senior Secondary School Kota-439,0
TCH02692,Anita Singh,32,Mathematics,8,1,8,1,0,160,0,SCH0328,Govt. Primary School New-328,1
TCH02693,Sanjay Chaudhary,49,Physical Education,19,13,6,1,0,5,0,SCH0112,Govt. Primary School Bikaner-112,1
TCH02694,Arun Iyer,36,Chemistry,13,9,12,0,0,30,0,SCH0280,Govt. Middle School Udaipur-280,1
TCH02695,Dinesh Yadav,32,Hindi,9,5,8,1,0,326,0,SCH0111,Govt. Senior Secondary School Gurgaon-111,1
TCH02696,Vikas Sharma,59,Physics,3,3,3,1,0,462,0,SCH0498,Govt. Primary School Gurgaon-498,1
TCH02697,Shanti Sharma,30,Social Science,4,4,0,0,0,121,0,SCH0417,Govt. Primary School New-417,0
TCH02698,Rekha Nair,53,Sanskrit,4,1,2,1,0,401,1,SCH0460,Govt. High School Ghaziabad-460,1
TCH02699,Kavita Bhat,44,Biology,16,16,11,0,0,222,0,SCH0445,Govt. Middle School Central-445,1
TCH02700,Savita Chaudhary,57,Chemistry,6,4,2,0,0,154,0,SCH0333,Govt. Middle School Kota-333,0
TCH02701,Dinesh Bansal,43,History,3,1,3,0,0,499,0,SCH0181,Govt. Middle School Kota-181,0
TCH02702,Kamla Malhotra,50,Physics,25,4,11,1,1,285,0,SCH0219,Govt. Primary School Ajmer-219,1
TCH02703,Pooja Chauhan,35,Chemistry,6,6,0,0,0,39,1,SCH0059,Govt. Senior Secondary School Central-59,0
TCH02704,Pooja Menon,35,Geography,3,1,0,0,0,328,0,SCH0192,Govt. High School Faridabad-192,0
TCH02705,Sunil Chaudhary,57,Chemistry,11,7,3,1,0,102,0,SCH0084,Govt. Primary School West-84,1
TCH02706,Radha Reddy,52,Social Science,1,1,1,1,0,199,0,SCH0146,Govt. Middle School Central-146,0
TCH02707,Saroj Jain,53,Sanskrit,2,2,0,0,1,22,0,SCH0360,Govt. Senior Secondary School Bikaner-360,0
TCH02708,Anita Aggarwal,44,Sanskrit,13,2,5,0,0,246,0,SCH0051,Govt. Middle School Udaipur-51,1
TCH02709,Anita Reddy,29,Mathematics,5,4,2,0,0,458,0,SCH0054,Govt. High School West-54,0
TCH02710,Pankaj Singh,51,Biology,20,12,3,0,0,52,0,SCH0316,Govt. Senior Secondary School South-316,1
TCH02711,Saroj Jain,44,History,18,9,3,0,0,136,0,SCH0384,Govt. Middle School Jaipur-384,1
TCH02712,Yogesh Nair,34,Geography,6,1,3,1,0,37,0,SCH0052,Govt. Middle School Lucknow-52,1
TCH02713,Amit Naidu,50,Social Science,20,17,3,0,1,314,0,SCH0413,Govt. High School Ajmer-413,1
TCH02714,Pankaj Yadav,51,Hindi,3,2,1,1,0,44,1,SCH0437,Govt. Primary School Varanasi-437,0
TCH02715,Savita Menon,35,Chemistry,5,5,1,0,0,53,0,SCH0398,Govt. Senior Secondary School South-398,0
TCH02716,Sanjay Garg,28,Biology,2,2,1,1,1,463,0,SCH0059,Govt. Senior Secondary School Central-59,1
TCH02717,Kavita Dubey,26,Art,1,1,1,1,0,118,1,SCH0487,Govt. High School East-487,0
TCH02718,Savita Chaudhary,43,Sanskrit,14,14,12,1,0,436,0,SCH0468,Govt. Primary School South-468,1
TCH02719,Lakshmi Sharma,27,Physics,4,4,2,1,0,455,0,SCH0331,Govt. Senior Secondary School Jodhpur-331,1
TCH02720,Ramesh Nair,53,Social Science,1,1,0,0,0,339,1,SCH0401,Govt. Senior Secondary School Varanasi-401,0
TCH02721,Mahesh Joshi,42,Sanskrit,15,5,9,0,0,462,0,SCH0138,Govt. Middle School Bikaner-138,1
TCH02722,Pankaj Naidu,45,Hindi,1,1,0,0,1,415,0,SCH0463,Govt. Primary School Jaipur-463,1
TCH02723,Pankaj Verma,35,Mathematics,3,3,3,0,0,310,1,SCH0003,Govt. Senior Secondary School Udaipur-3,1
TCH02724,Meena Aggarwal,57,Physics,34,17,4,0,0,391,0,SCH0014,Govt. Middle School South-14,1
TCH02725,Kamla Bansal,49,Physical Education,7,3,0,1,0,149,0,SCH0431,Govt. High School Bikaner-431,0
TCH02726,Ashok Pandey,56,English,19,4,13,0,0,87,1,SCH0308,Govt. Primary School Varanasi-308,0
TCH02727,Vikas Chaudhary,39,Hindi,16,3,6,1,0,303,1,SCH0492,Govt. High School Lucknow-492,1
TCH02728,Lakshmi Yadav,36,Geography,4,4,4,1,0,208,1,SCH0285,Govt. Middle School Kanpur-285,1
TCH02729,Lakshmi Bansal,51,Mathematics,13,6,11,1,0,120,0,SCH0330,Govt. High School Varanasi-330,1
TCH02730,Vikas Chaudhary,36,English,9,2,4,1,0,51,1,SCH0411,Govt. Middle School New-411,1
TCH02731,Naresh Kaur,42,English,12,12,10,0,0,235,0,SCH0481,Govt. Senior Secondary School Jaipur-481,1
TCH02732,Ashok Nair,30,English,7,3,6,1,0,43,1,SCH0207,Govt. Middle School Varanasi-207,1
TCH02733,Ramesh Singh,35,Physical Education,7,5,1,0,0,259,0,SCH0224,Govt. Primary School South-224,0
TCH02734,Deepak Nair,28,Science,1,1,0,0,1,395,0,SCH0411,Govt. Middle School New-411,1
TCH02735,Vikas Aggarwal,34,Chemistry,2,1,2,0,0,317,0,SCH0324,Govt. Middle School Central-324,0
TCH02736,Mahesh Bansal,59,History,27,10,5,0,0,175,0,SCH0432,Govt. Middle School Jodhpur-432,1
TCH02737,Ashok Yadav,30,Science,1,1,0,0,0,287,0,SCH0082,Govt. Primary School West-82,0
TCH02738,Priya Chaudhary,61,Mathematics,30,15,9,1,0,142,0,SCH0048,Govt. Middle School Gurgaon-48,1
TCH02739,Anita Kumar,49,Mathematics,19,13,13,0,0,461,0,SCH0322,Govt. High School Central-322,1
TCH02740,Sunil Jain,33,Science,9,8,9,1,1,177,0,SCH0317,Govt. Middle School Jodhpur-317,1
TCH02741,Naresh Sharma,26,Physical Education,2,1,2,1,0,245,1,SCH0293,Govt. High School Jaipur-293,1
TCH02742,Deepak Chauhan,26,Computer Science,1,1,0,1,0,411,0,SCH0376,Govt. Middle School Udaipur-376,1
TCH02743,Dinesh Patel,36,Hindi,3,3,3,1,0,129,0,SCH0324,Govt. Middle School Central-324,1
TCH02744,Ramesh Joshi,34,Hindi,1,1,1,0,0,285,1,SCH0335,Govt. Primary School Noida-335,0
TCH02745,Geeta Kaur,42,Art,14,5,8,1,0,254,0,SCH0275,Govt. Primary School East-275,1
TCH02746,Naresh Malhotra,29,Social Science,3,1,2,1,0,300,1,SCH0414,Govt. Senior Secondary School Central-414,1
TCH02747,Sunita Tiwari,24,Science,1,1,1,1,0,301,0,SCH0338,Govt. Primary School Faridabad-338,1
TCH02748,Meena Reddy,43,Mathematics,4,1,0,1,1,50,1,SCH0479,Govt. Middle School Agra-479,1
TCH02749,Anita Garg,45,Science,14,7,0,0,0,6,0,SCH0327,Govt. High School Faridabad-327,0
TCH02750,Savita Jain,25,Geography,1,1,0,0,0,347,1,SCH0057,Govt. Primary School New-57,0
TCH02751,Suresh Kumar,49,Social Science,3,3,2,0,0,360,0,SCH0063,Govt. High School Faridabad-63,0
TCH02752,Pooja Gupta,26,Science,1,1,0,1,1,183,1,SCH0135,Govt. Middle School Central-135,1
TCH02753,Shanti Jain,42,Sanskrit,5,5,5,0,1,446,0,SCH0254,Govt. Primary School Jaipur-254,1
TCH02754,Lakshmi Singh,31,Biology,7,5,5,0,0,133,0,SCH0107,Govt. Middle School Varanasi-107,0
TCH02755,Priya Chaudhary,28,Science,1,1,1,0,0,99,0,SCH0408,Govt. High School North-408,0
TCH02756,Vikram Yadav,41,Computer Science,17,4,11,1,0,53,1,SCH0250,Govt. High School Kanpur-250,1
TCH02757,Naresh Mittal,32,Physics,2,2,2,1,0,219,0,SCH0215,Govt. Middle School Ghaziabad-215,1
TCH02758,Yogesh Aggarwal,42,English,3,2,0,1,0,297,0,SCH0325,Govt. Primary School Udaipur-325,1
TCH02759,Rekha Sharma,24,English,1,1,1,0,0,206,1,SCH0093,Govt. Primary School Kanpur-93,0
TCH02760,Vikas Reddy,41,Geography,15,13,2,1,0,236,0,SCH0338,Govt. Primary School Faridabad-338,1
TCH02761,Amit Singh,56,Physics,22,3,0,1,0,389,0,SCH0438,Govt. Primary School Jodhpur-438,1
TCH02762,Mukesh Iyer,54,Geography,17,1,6,1,0,303,0,SCH0178,Govt. Middle School Kota-178,1
TCH02763,Rajesh Patel,37,History,13,13,10,0,0,446,0,SCH0280,Govt. Middle School Udaipur-280,1
TCH02764,Mahesh Jain,44,Science,19,9,10,1,1,431,1,SCH0380,Govt. Primary School Agra-380,1
TCH02765,Ajay Sharma,31,History,1,1,1,1,0,65,1,SCH0099,Govt. Senior Secondary School Faridabad-99,0
TCH02766,Kamla Nair,40,Art,10,4,7,0,0,124,1,SCH0012,Govt. High School East-12,0
TCH02767,Nita Garg,55,Physics,10,8,2,1,0,302,0,SCH0079,Govt. Senior Secondary School North-79,1
TCH02768,Nita Sharma,27,Physics,3,3,3,0,0,385,0,SCH0059,Govt. Senior Secondary School Central-59,0
TCH02769,Ramesh Gupta,28,Physical Education,4,2,2,0,0,445,0,SCH0071,Govt. Middle School Bikaner-71,0
TCH02770,Deepak Tiwari,32,Social Science,1,1,1,0,0,451,0,SCH0355,Govt. Senior Secondary School Ajmer-355,0
TCH02771,Sanjay Gupta,52,Physics,14,9,8,1,0,144,0,SCH0247,Govt. High School New-247,1
TCH02772,Devika Reddy,26,Social Science,1,1,0,0,0,127,0,SCH0363,Govt. Primary School Central-363,0
TCH02773,Pushpa Chaudhary,30,History,2,1,2,1,1,140,0,SCH0240,Govt. Senior Secondary School New-240,1
TCH02774,Lakshmi Jain,40,Hindi,13,12,12,1,0,7,1,SCH0485,Govt. Senior Secondary School New-485,1
TCH02775,Pooja Yadav,56,Computer Science,15,4,0,1,0,146,1,SCH0129,Govt. Senior Secondary School Ghaziabad-129,1
TCH02776,Seema Shukla,57,Science,7,4,4,0,0,95,1,SCH0434,Govt. High School West-434,0
TCH02777,Anita Joshi,47,English,18,4,7,0,0,231,0,SCH0299,Govt. Primary School Jaipur-299,1
TCH02778,Nita Kaur,57,Biology,33,6,11,0,0,456,0,SCH0407,Govt. Senior Secondary School South-407,1
TCH02779,Yogesh Chaudhary,39,Geography,2,2,1,0,0,214,1,SCH0222,Govt. High School Varanasi-222,0
TCH02780,Seema Bansal,41,Physics,7,2,7,1,0,493,0,SCH0383,Govt. Middle School Gurgaon-383,1
TCH02781,Suresh Iyer,45,Chemistry,22,10,9,0,0,374,0,SCH0319,Govt. High School Ajmer-319,1
TCH02782,Sanjay Pillai,37,Physics,4,3,3,0,0,317,0,SCH0220,Govt. High School North-220,0
TCH02783,Vikram Chauhan,42,English,18,15,12,0,0,162,1,SCH0192,Govt. High School Faridabad-192,1
TCH02784,Amit Nair,27,Social Science,3,2,1,0,0,192,1,SCH0456,Govt. Senior Secondary School Ghaziabad-456,0
TCH02785,Pankaj Joshi,61,Geography,26,19,10,0,0,237,1,SCH0301,Govt. High School New-301,1
TCH02786,Kamla Dubey,46,Chemistry,12,7,10,1,0,12,0,SCH0424,Govt. Primary School Varanasi-424,1
TCH02787,Kavita Patel,33,Art,1,1,0,0,0,156,0,SCH0016,Govt. Middle School Gurgaon-16,0
TCH02788,Radha Aggarwal,39,English,16,12,1,0,0,229,1,SCH0166,Govt. Primary School Bikaner-166,1
TCH02789,Geeta Gupta,42,Hindi,19,2,2,1,0,309,0,SCH0184,Govt. Primary School Central-184,1
TCH02790,Shanti Dubey,61,English,28,19,8,0,0,245,0,SCH0337,Govt. Senior Secondary School Ghaziabad-337,1
TCH02791,Ashok Singh,25,Mathematics,2,2,2,1,0,277,0,SCH0400,Govt. Senior Secondary School Jodhpur-400,1
TCH02792,Rajesh Bhat,56,Physics,15,7,7,0,1,36,0,SCH0164,Govt. Senior Secondary School Agra-164,1
TCH02793,Savita Pillai,34,Art,8,7,4,0,0,462,0,SCH0110,Govt. Primary School Bikaner-110,1
TCH02794,Ramesh Menon,37,Science,11,4,4,0,1,359,0,SCH0165,Govt. Primary School Gurgaon-165,1
TCH02795,Vinod Iyer,46,Hindi,3,1,3,1,0,498,0,SCH0198,Govt. Senior Secondary School Varanasi-198,1
TCH02796,Nita Singh,61,History,18,11,11,0,0,420,0,SCH0270,Govt. Senior Secondary School Udaipur-270,1
TCH02797,Ajay Mittal,57,Art,23,13,6,0,0,241,0,SCH0143,Govt. Senior Secondary School Kota-143,1
TCH02798,Vikram Pillai,60,Computer Science,34,16,12,1,0,382,0,SCH0441,Govt. Senior Secondary School Varanasi-441,1
TCH02799,Radha Pandey,34,Sanskrit,8,1,1,0,0,34,0,SCH0216,Govt. Middle School East-216,0
TCH02800,Sanjay Yadav,31,Mathematics,8,4,6,0,1,187,1,SCH0164,Govt. Senior Secondary School Agra-164,1
TCH02801,Pushpa Rao,33,Mathematics,4,3,4,1,0,26,0,SCH0411,Govt. Middle School New-411,1
TCH02802,Pankaj Singh,34,Science,2,1,0,1,0,41,1,SCH0141,Govt. Senior Secondary School Jodhpur-141,0
TCH02803,Arun Iyer,27,Physics,4,1,2,0,0,430,0,SCH0232,Govt. High School Bikaner-232,0
TCH02804,Naresh Mishra,59,Geography,6,5,6,0,0,484,1,SCH0303,Govt. Middle School Central-303,1
TCH02805,Vinod Sharma,52,Computer Science,5,3,2,0,0,335,0,SCH0011,Govt. Middle School Lucknow-11,0
TCH02806,Vikas Sharma,35,Biology,5,5,5,0,0,220,1,SCH0402,Govt. Middle School Faridabad-402,1
TCH02807,Deepak Bansal,41,Chemistry,14,2,12,1,0,464,0,SCH0146,Govt. Middle School Central-146,1
TCH02808,Sunil Jain,30,History,3,2,2,1,0,71,0,SCH0019,Govt. Senior Secondary School Bikaner-19,0
TCH02809,Usha Reddy,27,Mathematics,2,1,0,0,0,354,0,SCH0021,Govt. Middle School Faridabad-21,0
TCH02810,Mukesh Singh,39,Sanskrit,2,2,2,0,1,58,0,SCH0036,Govt. Primary School Noida-36,0
TCH02811,Pankaj Kaur,33,Social Science,1,1,0,1,0,287,1,SCH0411,Govt. Middle School New-411,1
TCH02812,Ashok Malhotra,49,Physics,14,2,13,1,0,316,1,SCH0141,Govt. Senior Secondary School Jodhpur-141,1
TCH02813,Anita Menon,27,Art,4,3,0,0,0,497,0,SCH0205,Govt. Senior Secondary School East-205,0
TCH02814,Pushpa Iyer,39,Mathematics,5,5,3,0,0,338,0,SCH0161,Govt. Middle School Kanpur-161,1
TCH02815,Rekha Bhat,39,Biology,12,4,1,0,0,315,0,SCH0202,Govt. High School West-202,0
TCH02816,Kavita Bansal,45,Physics,20,14,1,0,0,230,0,SCH0253,Govt. Middle School Gurgaon-253,1
TCH02817,Saroj Singh,50,Mathematics,7,5,2,0,0,257,0,SCH0481,Govt. Senior Secondary School Jaipur-481,0
TCH02818,Sunita Bansal,49,Mathematics,21,10,14,0,0,227,0,SCH0115,Govt. High School Jodhpur-115,1
TCH02819,Suresh Pandey,37,Sanskrit,14,2,12,1,0,356,1,SCH0072,Govt. Middle School Udaipur-72,1
TCH02820,Radha Mishra,27,English,2,1,2,0,0,386,0,SCH0353,Govt. High School West-353,0
TCH02821,Sanjay Kaur,52,Art,18,5,3,0,0,154,0,SCH0046,Govt. Senior Secondary School Ajmer-46,1
TCH02822,Sunil Sharma,48,Physical Education,13,6,1,1,0,102,0,SCH0189,Govt. Senior Secondary School Noida-189,1
TCH02823,Sunita Tiwari,41,Art,1,1,1,0,1,266,0,SCH0445,Govt. Middle School Central-445,1
TCH02824,Kavita Verma,53,Social Science,26,15,14,0,1,315,0,SCH0023,Govt. High School Faridabad-23,1
TCH02825,Mahesh Pandey,38,Physical Education,13,11,12,0,0,213,0,SCH0039,Govt. Senior Secondary School North-39,1
TCH02826,Naresh Tiwari,56,Physical Education,11,7,7,1,0,402,0,SCH0314,Govt. Primary School Udaipur-314,1
TCH02827,Deepak Pillai,41,Biology,1,1,1,1,0,134,0,SCH0088,Govt. High School Ghaziabad-88,0
TCH02828,Deepak Pandey,50,Sanskrit,16,5,10,1,0,253,0,SCH0062,Govt. High School North-62,1
TCH02829,Anita Mittal,40,Sanskrit,14,2,3,1,0,225,0,SCH0076,Govt. High School Jodhpur-76,1
TCH02830,Pankaj Reddy,28,Biology,1,1,1,0,0,13,0,SCH0495,Govt. Senior Secondary School Faridabad-495,0
TCH02831,Kavita Nair,36,History,6,5,6,0,0,204,0,SCH0343,Govt. Senior Secondary School Central-343,1
TCH02832,Vikas Rao,59,Computer Science,4,3,4,1,0,374,1,SCH0124,Govt. High School Ghaziabad-124,1
TCH02833,Seema Pandey,50,Art,5,4,2,0,1,477,0,SCH0251,Govt. Primary School New-251,1
TCH02834,Mukesh Mishra,52,Science,6,2,2,0,0,55,0,SCH0375,Govt. Primary School South-375,0
TCH02835,Vinod Bhat,39,Science,9,2,8,1,0,463,1,SCH0136,Govt. Middle School Ghaziabad-136,1
TCH02836,Devika Bansal,27,Sanskrit,1,1,1,0,0,353,0,SCH0181,Govt. Middle School Kota-181,0
TCH02837,Nita Bhat,39,Science,2,1,1,1,1,124,1,SCH0125,Govt. Primary School Jodhpur-125,1
TCH02838,Pushpa Verma,60,Hindi,16,11,11,1,0,57,0,SCH0039,Govt. Senior Secondary School North-39,1
TCH02839,Nita Chauhan,53,Sanskrit,9,4,4,1,0,72,1,SCH0007,Govt. Primary School South-7,1
TCH02840,Sanjay Rao,53,Science,1,1,1,0,0,430,1,SCH0198,Govt. Senior Secondary School Varanasi-198,0
TCH02841,Nita Bansal,36,Geography,7,1,0,0,0,152,0,SCH0175,Govt. Middle School Ghaziabad-175,0
TCH02842,Kamla Nair,47,Sanskrit,7,4,0,1,0,345,0,SCH0390,Govt. Middle School Lucknow-390,1
TCH02843,Rekha Bhat,60,Biology,3,3,0,1,0,180,1,SCH0161,Govt. Middle School Kanpur-161,0
TCH02844,Meena Garg,39,History,8,6,4,0,0,289,0,SCH0336,Govt. Senior Secondary School Ghaziabad-336,1
TCH02845,Deepak Mishra,34,Physics,4,2,2,0,0,59,0,SCH0055,Govt. Middle School Noida-55,0
TCH02846,Yogesh Garg,38,Geography,7,3,5,1,0,431,0,SCH0198,Govt. Senior Secondary School Varanasi-198,1
TCH02847,Sanjay Malhotra,38,Chemistry,15,11,6,1,0,144,0,SCH0263,Govt. High School Faridabad-263,1
TCH02848,Vikram Tiwari,33,Chemistry,9,1,4,0,0,417,0,SCH0097,Govt. Primary School Central-97,0
TCH02849,Rekha Garg,59,Geography,7,4,1,1,0,423,1,SCH0085,Govt. Middle School Udaipur-85,1
TCH02850,Suresh Kumar,44,Biology,17,14,9,0,0,101,1,SCH0332,Govt. Primary School Agra-332,1
TCH02851,Suresh Kaur,55,Science,24,6,9,0,0,284,0,SCH0449,Govt. High School Gurgaon-449,1
TCH02852,Priya Mittal,40,Biology,13,10,4,0,0,332,0,SCH0124,Govt. High School Ghaziabad-124,1
TCH02853,Seema Sharma,32,Biology,9,8,3,1,0,358,1,SCH0096,Govt. Senior Secondary School Kanpur-96,1
TCH02854,Kamla Chauhan,40,Physics,8,2,0,0,0,162,0,SCH0339,Govt. Middle School Kota-339,0
TCH02855,Kavita Jain,53,History,7,5,6,0,0,282,0,SCH0136,Govt. Middle School Ghaziabad-136,1
TCH02856,Dinesh Chaudhary,28,Hindi,3,1,3,1,0,278,1,SCH0044,Govt. High School Udaipur-44,1
TCH02857,Lakshmi Nair,38,Chemistry,14,9,11,1,0,161,0,SCH0078,Govt. Middle School Gurgaon-78,1
TCH02858,Usha Verma,30,Biology,5,1,1,0,0,218,1,SCH0261,Govt. Middle School West-261,0
TCH02859,Shanti Singh,60,Mathematics,27,3,11,0,0,434,1,SCH0140,Govt. Primary School Udaipur-140,1
TCH02860,Naresh Kaur,60,Chemistry,22,14,14,1,0,320,0,SCH0333,Govt. Middle School Kota-333,1
TCH02861,Vinod Yadav,40,Chemistry,4,4,0,1,0,263,1,SCH0100,Govt. Senior Secondary School Gurgaon-100,1
TCH02862,Ajay Tiwari,35,History,12,9,1,0,0,316,0,SCH0091,Govt. High School South-91,1
TCH02863,Pushpa Nair,36,Chemistry,5,4,0,1,0,144,1,SCH0312,Govt. Primary School Kanpur-312,0
TCH02864,Sunita Reddy,33,Hindi,2,2,0,0,0,76,0,SCH0056,Govt. Senior Secondary School South-56,0
TCH02865,Kavita Mishra,27,Science,2,2,2,1,1,148,0,SCH0491,Govt. Senior Secondary School Central-491,1
TCH02866,Amit Pillai,35,Social Science,12,2,2,1,0,205,1,SCH0028,Govt. High School Varanasi-28,1
TCH02867,Vikram Menon,42,Science,9,1,5,0,0,290,1,SCH0123,Govt. Middle School Central-123,1
TCH02868,Ramesh Mittal,36,Geography,1,1,0,0,0,411,1,SCH0142,Govt. Middle School New-142,0
TCH02869,Lakshmi Shukla,30,Chemistry,1,1,0,0,0,118,0,SCH0359,Govt. Primary School Lucknow-359,0
TCH02870,Ramesh Kaur,31,Sanskrit,6,2,3,0,0,198,1,SCH0052,Govt. Middle School Lucknow-52,0
TCH02871,Seema Rao,51,Hindi,27,2,8,1,0,386,0,SCH0451,Govt. Senior Secondary School Kanpur-451,1
TCH02872,Nita Dubey,60,Computer Science,23,1,8,0,0,326,1,SCH0088,Govt. High School Ghaziabad-88,1
TCH02873,Ajay Joshi,49,Physical Education,19,7,6,0,0,192,1,SCH0148,Govt. High School East-148,1
TCH02874,Suresh Patel,36,History,3,2,0,0,0,193,0,SCH0002,Govt. Senior Secondary School Kota-2,0
TCH02875,Saroj Rao,51,Physical Education,4,3,0,0,0,417,0,SCH0465,Govt. Middle School Kota-465,0
TCH02876,Geeta Patel,55,Physics,26,11,14,0,0,435,1,SCH0157,Govt. Senior Secondary School Jodhpur-157,1
TCH02877,Vikram Patel,58,English,32,2,4,1,0,219,0,SCH0349,Govt. High School Faridabad-349,1
TCH02878,Savita Kumar,39,Mathematics,15,2,8,0,1,123,0,SCH0171,Govt. Middle School Ajmer-171,1
TCH02879,Mukesh Chaudhary,47,Physics,5,2,5,0,0,390,0,SCH0342,Govt. Primary School Agra-342,0
TCH02880,Pooja Tiwari,55,Science,27,12,14,1,0,145,1,SCH0011,Govt. Middle School Lucknow-11,1
TCH02881,Rajesh Iyer,30,Physics,2,1,1,0,0,307,0,SCH0088,Govt. High School Ghaziabad-88,0
TCH02882,Mukesh Pillai,57,Mathematics,7,1,7,0,0,16,0,SCH0497,Govt. High School Ghaziabad-497,0
TCH02883,Geeta Rao,58,Science,22,15,3,1,0,243,1,SCH0251,Govt. Primary School New-251,1
TCH02884,Priya Pillai,44,Computer Science,13,11,0,1,1,427,0,SCH0024,Govt. Middle School Central-24,1
TCH02885,Ramesh Nair,53,History,18,16,2,0,0,294,0,SCH0149,Govt. Primary School Central-149,1
TCH02886,Meena Malhotra,33,Science,4,4,2,0,0,217,0,SCH0086,Govt. High School Jaipur-86,0
TCH02887,Rekha Aggarwal,46,Physical Education,23,10,1,1,0,137,0,SCH0052,Govt. Middle School Lucknow-52,1
TCH02888,Yogesh Rao,30,Physical Education,5,4,4,1,0,11,0,SCH0172,Govt. Senior Secondary School North-172,1
TCH02889,Sunil Tiwari,59,Computer Science,2,1,0,0,0,452,0,SCH0180,Govt. Senior Secondary School Lucknow-180,0
TCH02890,Mahesh Dubey,57,Biology,4,2,2,1,1,220,0,SCH0250,Govt. High School Kanpur-250,1
TCH02891,Dinesh Joshi,27,Physical Education,1,1,1,0,0,173,0,SCH0007,Govt. Primary School South-7,0
TCH02892,Kamla Malhotra,55,Computer Science,10,2,8,0,0,372,0,SCH0171,Govt. Middle School Ajmer-171,1
TCH02893,Ajay Rao,48,Science,8,7,7,1,0,14,1,SCH0439,Govt. Senior Secondary School Kota-439,1
TCH02894,Kamla Kaur,35,Computer Science,2,2,2,0,0,62,0,SCH0139,Govt. Senior Secondary School Ajmer-139,0
TCH02895,Meena Chaudhary,55,Sanskrit,31,9,13,0,0,138,0,SCH0011,Govt. Middle School Lucknow-11,1
TCH02896,Meena Dubey,54,Biology,12,8,7,0,0,256,1,SCH0113,Govt. High School Jodhpur-113,1
TCH02897,Geeta Pillai,52,Physical Education,4,4,2,0,0,468,0,SCH0016,Govt. Middle School Gurgaon-16,0
TCH02898,Radha Dubey,54,Hindi,22,8,0,0,1,260,1,SCH0357,Govt. Senior Secondary School Ghaziabad-357,1
TCH02899,Anita Yadav,43,Chemistry,8,1,7,1,0,258,0,SCH0382,Govt. Senior Secondary School Jaipur-382,1
TCH02900,Suresh Tiwari,28,Computer Science,4,2,4,1,0,136,1,SCH0328,Govt. Primary School New-328,1
TCH02901,Sunil Mittal,50,Biology,12,5,8,0,0,381,1,SCH0348,Govt. Primary School Udaipur-348,1
TCH02902,Kamla Patel,50,Social Science,24,2,13,1,0,246,0,SCH0491,Govt. Senior Secondary School Central-491,1
TCH02903,Dinesh Mittal,53,Physics,17,11,3,1,0,432,1,SCH0467,Govt. High School Jaipur-467,1
TCH02904,Anita Chaudhary,38,Social Science,3,2,2,0,0,278,0,SCH0201,Govt. Primary School Bikaner-201,0
TCH02905,Sanjay Verma,33,Geography,8,8,6,1,0,165,0,SCH0159,Govt. High School North-159,1
TCH02906,Usha Bansal,31,Geography,1,1,1,0,0,33,1,SCH0267,Govt. Senior Secondary School Bikaner-267,0
TCH02907,Radha Aggarwal,41,Biology,4,2,4,0,0,136,0,SCH0063,Govt. High School Faridabad-63,0
TCH02908,Dinesh Joshi,29,Science,6,2,3,1,0,480,1,SCH0291,Govt. Primary School Faridabad-291,1
TCH02909,Rajesh Rao,39,Computer Science,1,1,1,0,0,469,0,SCH0497,Govt. High School Ghaziabad-497,0
TCH02910,Savita Naidu,58,English,31,8,10,1,1,496,0,SCH0076,Govt. High School Jodhpur-76,1
TCH02911,Vinod Iyer,48,History,14,14,14,1,0,215,0,SCH0268,Govt. Middle School North-268,1
TCH02912,Arun Joshi,53,Biology,18,14,7,0,0,347,0,SCH0341,Govt. High School Gurgaon-341,1
TCH02913,Vikram Aggarwal,59,Social Science,18,14,6,1,0,196,0,SCH0148,Govt. High School East-148,1
TCH02914,Savita Verma,35,Hindi,2,2,2,1,0,291,0,SCH0008,Govt. High School Ajmer-8,1
TCH02915,Anita Singh,30,Mathematics,7,2,4,0,0,251,0,SCH0145,Govt. Primary School Bikaner-145,0
TCH02916,Rekha Sharma,58,Chemistry,20,10,8,0,0,343,0,SCH0251,Govt. Primary School New-251,1
TCH02917,Rajesh Verma,54,Social Science,17,9,5,0,0,292,0,SCH0181,Govt. Middle School Kota-181,1
TCH02918,Dinesh Mittal,51,Social Science,1,1,0,0,0,12,0,SCH0071,Govt. Middle School Bikaner-71,0
TCH02919,Harish Naidu,55,Art,28,8,7,1,1,100,1,SCH0403,Govt. High School Varanasi-403,1
TCH02920,Meena Gupta,56,Physical Education,4,3,0,0,0,260,1,SCH0288,Govt. Primary School Central-288,0
TCH02921,Meena Kaur,40,Hindi,12,4,11,0,0,84,1,SCH0139,Govt. Senior Secondary School Ajmer-139,0
TCH02922,Anita Jain,44,Science,15,11,9,0,0,309,0,SCH0222,Govt. High School Varanasi-222,1
TCH02923,Ramesh Verma,49,Biology,21,2,6,1,0,153,0,SCH0149,Govt. Primary School Central-149,1
TCH02924,Dinesh Mishra,52,Art,25,2,1,0,0,284,1,SCH0478,Govt. Senior Secondary School Lucknow-478,0
TCH02925,Naresh Chaudhary,58,Chemistry,9,3,0,0,0,143,0,SCH0348,Govt. Primary School Udaipur-348,0
TCH02926,Suresh Mittal,54,Social Science,12,1,9,0,0,465,0,SCH0496,Govt. Middle School Bikaner-496,1
TCH02927,Rekha Iyer,26,Social Science,1,1,0,0,0,164,0,SCH0472,Govt. Middle School Ghaziabad-472,0
TCH02928,Vikas Chaudhary,39,Computer Science,12,9,0,0,0,296,0,SCH0089,Govt. High School Central-89,1
TCH02929,Ashok Aggarwal,25,Geography,2,1,1,0,0,118,0,SCH0449,Govt. High School Gurgaon-449,0
TCH02930,Sanjay Tiwari,47,English,18,13,14,0,0,278,1,SCH0072,Govt. Middle School Udaipur-72,1
TCH02931,Devika Yadav,29,Social Science,6,5,5,0,0,344,0,SCH0214,Govt. High School East-214,1
TCH02932,Anita Joshi,61,Geography,14,11,1,0,1,460,0,SCH0157,Govt. Senior Secondary School Jodhpur-157,1
TCH02933,Savita Menon,26,English,1,1,1,0,1,36,0,SCH0475,Govt. Primary School Kanpur-475,0
TCH02934,Radha Singh,31,English,3,3,2,0,0,438,1,SCH0193,Govt. Senior Secondary School West-193,0
TCH02935,Yogesh Bhat,41,Physics,13,1,4,1,0,412,0,SCH0270,Govt. Senior Secondary School Udaipur-270,1
TCH02936,Dinesh Chauhan,42,Physics,6,5,1,0,0,154,0,SCH0258,Govt. Primary School Faridabad-258,0
TCH02937,Savita Chaudhary,42,Chemistry,17,9,10,0,0,267,1,SCH0219,Govt. Primary School Ajmer-219,1
TCH02938,Priya Jain,34,History,10,7,4,1,0,177,0,SCH0237,Govt. Senior Secondary School East-237,1
TCH02939,Pankaj Gupta,34,Art,4,3,1,1,0,152,0,SCH0014,Govt. Middle School South-14,0
TCH02940,Saroj Jain,34,Social Science,1,1,0,0,0,338,0,SCH0072,Govt. Middle School Udaipur-72,0
TCH02941,Geeta Pillai,44,History,11,9,2,0,0,437,0,SCH0403,Govt. High School Varanasi-403,1
TCH02942,Deepak Iyer,38,History,14,1,1,1,0,98,0,SCH0192,Govt. High School Faridabad-192,0
TCH02943,Vikas Mittal,37,Social Science,11,4,1,0,0,376,0,SCH0461,Govt. Middle School South-461,0
TCH02944,Lakshmi Kumar,51,Chemistry,3,2,0,0,0,392,1,SCH0028,Govt. High School Varanasi-28,0
TCH02945,Rajesh Chauhan,47,Art,10,2,6,0,0,31,1,SCH0344,Govt. Middle School Ghaziabad-344,0
TCH02946,Kamla Chauhan,26,Sanskrit,3,1,2,0,0,255,1,SCH0391,Govt. Primary School West-391,0
TCH02947,Anita Verma,25,Social Science,2,1,2,0,0,319,0,SCH0028,Govt. High School Varanasi-28,0
TCH02948,Suresh Pandey,49,Geography,11,7,1,0,0,499,1,SCH0425,Govt. High School Gurgaon-425,1
TCH02949,Vinod Pillai,39,Biology,15,5,13,1,0,214,0,SCH0050,Govt. Senior Secondary School Ajmer-50,1
TCH02950,Usha Garg,41,Mathematics,11,10,5,0,0,336,0,SCH0354,Govt. Middle School North-354,1
TCH02951,Anita Naidu,61,History,27,6,2,0,0,495,0,SCH0063,Govt. High School Faridabad-63,1
TCH02952,Sunita Bhat,27,Hindi,4,3,4,0,0,82,1,SCH0379,Govt. Primary School New-379,0
TCH02953,Meena Menon,32,Physical Education,5,2,0,1,0,184,1,SCH0265,Govt. Middle School Gurgaon-265,0
TCH02954,Pushpa Kumar,34,Hindi,6,2,6,1,1,468,1,SCH0496,Govt. Middle School Bikaner-496,1
TCH02955,Meena Joshi,58,Computer Science,26,7,4,0,1,125,0,SCH0459,Govt. Primary School New-459,1
TCH02956,Rajesh Aggarwal,26,Biology,3,3,0,1,0,463,1,SCH0160,Govt. Middle School Faridabad-160,1
TCH02957,Sanjay Singh,27,Science,4,1,1,0,0,78,0,SCH0320,Govt. Primary School Udaipur-320,0
TCH02958,Meena Iyer,52,Science,9,4,3,1,0,123,0,SCH0001,Govt. Senior Secondary School West-1,1
TCH02959,Suresh Mishra,36,Hindi,4,1,2,1,0,336,1,SCH0267,Govt. Senior Secondary School Bikaner-267,1
TCH02960,Mukesh Sharma,26,Sanskrit,3,3,1,0,0,341,1,SCH0054,Govt. High School West-54,0
TCH02961,Yogesh Shukla,36,Mathematics,7,3,5,0,0,453,0,SCH0259,Govt. Primary School North-259,0
TCH02962,Kavita Joshi,39,Chemistry,8,5,0,0,0,397,0,SCH0475,Govt. Primary School Kanpur-475,0
TCH02963,Pooja Bansal,46,Hindi,8,3,5,0,0,319,0,SCH0248,Govt. High School Central-248,0
TCH02964,Sunil Tiwari,41,Sanskrit,14,1,1,0,0,437,0,SCH0431,Govt. High School Bikaner-431,0
TCH02965,Yogesh Garg,31,Computer Science,2,1,2,0,0,151,0,SCH0314,Govt. Primary School Udaipur-314,0
TCH02966,Kavita Chaudhary,42,English,9,2,2,0,0,115,0,SCH0316,Govt. Senior Secondary School South-316,0
TCH02967,Priya Patel,25,English,2,2,0,1,0,295,0,SCH0326,Govt. Middle School Varanasi-326,1
TCH02968,Geeta Patel,34,History,4,3,4,1,0,346,0,SCH0420,Govt. Senior Secondary School Lucknow-420,1
TCH02969,Sunil Yadav,43,Biology,3,1,0,1,0,20,1,SCH0380,Govt. Primary School Agra-380,0
TCH02970,Vinod Joshi,39,Computer Science,2,1,1,1,0,231,0,SCH0246,Govt. Senior Secondary School Central-246,1
TCH02971,Anita Rao,24,Physics,1,1,1,0,0,321,1,SCH0052,Govt. Middle School Lucknow-52,0
TCH02972,Seema Shukla,42,Chemistry,5,3,3,0,0,99,1,SCH0342,Govt. Primary School Agra-342,0
TCH02973,Suresh Chauhan,48,Chemistry,22,14,0,1,0,69,0,SCH0358,Govt. Primary School Central-358,1
TCH02974,Radha Kumar,57,Mathematics,14,13,12,0,0,259,1,SCH0417,Govt. Primary School New-417,1
TCH02975,Savita Singh,57,Geography,4,4,3,0,0,34,0,SCH0146,Govt. Middle School Central-146,0
TCH02976,Rajesh Pillai,24,Social Science,1,1,0,1,0,17,1,SCH0200,Govt. Middle School Bikaner-200,0
TCH02977,Saroj Chauhan,46,Mathematics,18,9,5,1,1,312,1,SCH0018,Govt. High School West-18,1
TCH02978,Dinesh Kumar,48,Biology,18,7,10,0,0,381,1,SCH0465,Govt. Middle School Kota-465,1
TCH02979,Savita Tiwari,53,Mathematics,20,15,7,0,0,42,0,SCH0452,Govt. High School Noida-452,1
TCH02980,Dinesh Nair,49,Sanskrit,20,5,14,0,0,206,0,SCH0082,Govt. Primary School West-82,1
TCH02981,Harish Yadav,31,Physics,4,1,4,1,0,356,0,SCH0441,Govt. Senior Secondary School Varanasi-441,1
TCH02982,Kamla Shukla,56,History,25,4,4,1,0,196,1,SCH0463,Govt. Primary School Jaipur-463,1
TCH02983,Pooja Reddy,40,English,1,1,1,1,0,461,0,SCH0033,Govt. Primary School Jodhpur-33,1
TCH02984,Vikas Pandey,33,Biology,7,7,1,0,1,152,0,SCH0181,Govt. Middle School Kota-181,1
TCH02985,Deepak Tiwari,58,Art,21,19,13,1,0,251,0,SCH0367,Govt. Primary School Ghaziabad-367,1
TCH02986,Rekha Jain,44,Chemistry,18,10,7,1,0,428,1,SCH0391,Govt. Primary School West-391,1
TCH02987,Mukesh Shukla,56,Biology,21,2,12,1,0,286,0,SCH0035,Govt. Primary School South-35,1
TCH02988,Pooja Pillai,45,Physical Education,15,13,0,1,0,10,0,SCH0311,Govt. High School Jaipur-311,1
TCH02989,Harish Malhotra,26,Computer Science,2,2,2,1,0,21,0,SCH0475,Govt. Primary School Kanpur-475,0
TCH02990,Mahesh Kumar,30,Physical Education,4,4,4,0,0,424,0,SCH0270,Govt. Senior Secondary School Udaipur-270,0
TCH02991,Anita Pillai,36,Physics,9,5,4,0,0,383,0,SCH0166,Govt. Primary School Bikaner-166,1
TCH02992,Saroj Bansal,28,Chemistry,3,2,1,1,0,122,1,SCH0300,Govt. Primary School Central-300,0
TCH02993,Amit Sharma,42,Sanskrit,16,3,5,1,0,375,0,SCH0035,Govt. Primary School South-35,1
TCH02994,Arun Mishra,38,Science,3,3,2,0,0,161,0,SCH0376,Govt. Middle School Udaipur-376,0
TCH02995,Suresh Rao,30,Computer Science,2,2,2,0,0,357,1,SCH0341,Govt. High School Gurgaon-341,0
TCH02996,Ashok Malhotra,50,Hindi,21,8,4,1,0,358,0,SCH0244,Govt. Senior Secondary School Agra-244,1
TCH02997,Geeta Singh,47,English,12,1,5,1,0,379,1,SCH0396,Govt. Primary School Kota-396,1
TCH02998,Naresh Malhotra,54,Chemistry,17,10,14,0,0,383,0,SCH0373,Govt. Senior Secondary School Varanasi-373,1
TCH02999,Vikram Verma,27,Geography,3,1,3,1,1,23,0,SCH0473,Govt. High School Central-473,1
TCH03000,Kavita Verma,44,Sanskrit,7,5,2,0,0,376,1,SCH0129,Govt. Senior Secondary School Ghaziabad-129,1
TCH03001,Vikram Chauhan,51,Art,22,4,8,0,0,124,1,SCH0384,Govt. Middle School Jaipur-384,0
TCH03002,Ajay Reddy,35,Sanskrit,5,5,5,1,0,392,1,SCH0192,Govt. High School Faridabad-192,1
TCH03003,Pooja Pandey,25,Science,1,1,0,0,0,324,0,SCH0016,Govt. Middle School Gurgaon-16,0
TCH03004,Yogesh Shukla,59,English,7,7,4,1,0,463,1,SCH0358,Govt. Primary School Central-358,1
TCH03005,Vikas Menon,42,Hindi,3,3,3,0,1,176,1,SCH0327,Govt. High School Faridabad-327,1
TCH03006,Mahesh Rao,24,Biology,1,1,0,1,0,216,0,SCH0101,Govt. High School Gurgaon-101,1
TCH03007,Vinod Mishra,37,Hindi,4,1,3,1,0,119,0,SCH0348,Govt. Primary School Udaipur-348,1
TCH03008,Arun Chaudhary,47,Sanskrit,23,5,5,1,0,11,0,SCH0380,Govt. Primary School Agra-380,1
TCH03009,Sanjay Gupta,54,Geography,21,9,3,0,0,20,0,SCH0271,Govt. Middle School Lucknow-271,1
TCH03010,Suresh Yadav,51,Mathematics,7,1,3,1,0,238,0,SCH0013,Govt. High School Kota-13,1
TCH03011,Deepak Mittal,26,Mathematics,3,3,3,1,0,446,0,SCH0415,Govt. Middle School East-415,1
TCH03012,Pankaj Pillai,34,History,6,1,3,0,0,107,0,SCH0185,Govt. High School Ajmer-185,0
TCH03013,Vikram Pandey,36,English,11,4,8,0,0,286,0,SCH0443,Govt. High School Udaipur-443,1
TCH03014,Kamla Rao,42,Hindi,2,1,2,0,0,130,0,SCH0350,Govt. Middle School Jaipur-350,0
TCH03015,Nita Pillai,30,Sanskrit,1,1,0,0,1,467,0,SCH0427,Govt. Primary School Faridabad-427,1
TCH03016,Harish Dubey,54,Physics,8,7,6,0,0,109,1,SCH0243,Govt. Middle School Kanpur-243,1
TCH03017,Devika Garg,29,English,1,1,1,0,0,72,0,SCH0317,Govt. Middle School Jodhpur-317,0
TCH03018,Vikram Chauhan,50,Chemistry,4,2,4,0,0,484,0,SCH0411,Govt. Middle School New-411,0
TCH03019,Naresh Garg,34,Science,4,4,2,1,1,293,0,SCH0321,Govt. Primary School West-321,1
TCH03020,Anita Kumar,61,Art,6,3,0,0,0,185,0,SCH0292,Govt. High School Jodhpur-292,0
TCH03021,Rekha Singh,55,Science,29,4,5,0,0,161,1,SCH0265,Govt. Middle School Gurgaon-265,0
TCH03022,Ramesh Verma,50,Geography,4,4,3,0,0,294,1,SCH0256,Govt. Senior Secondary School Faridabad-256,1
TCH03023,Usha Sharma,35,Hindi,11,1,10,0,0,277,0,SCH0277,Govt. Primary School Udaipur-277,1
TCH03024,Vinod Jain,37,Sanskrit,4,4,3,0,0,459,0,SCH0421,Govt. Middle School Jaipur-421,0
TCH03025,Naresh Bhat,42,Physics,5,4,4,1,0,110,1,SCH0129,Govt. Senior Secondary School Ghaziabad-129,1
TCH03026,Arun Joshi,53,Science,10,4,8,1,0,469,0,SCH0035,Govt. Primary School South-35,1
TCH03027,Vikas Mishra,59,Sanskrit,4,2,2,0,0,61,0,SCH0274,Govt. High School Agra-274,0
TCH03028,Saroj Nair,41,Social Science,12,2,12,0,0,410,0,SCH0266,Govt. Primary School Varanasi-266,1
TCH03029,Saroj Verma,56,History,16,2,11,1,0,268,0,SCH0205,Govt. Senior Secondary School East-205,1
TCH03030,Kavita Pillai,61,Biology,3,1,3,0,0,235,0,SCH0358,Govt. Primary School Central-358,0
TCH03031,Mahesh Reddy,59,Mathematics,23,13,2,0,0,362,1,SCH0480,Govt. Middle School Jodhpur-480,1
TCH03032,Usha Chaudhary,47,Social Science,1,1,0,0,0,330,1,SCH0017,Govt. Primary School Udaipur-17,0
TCH03033,Usha Mittal,40,Art,2,2,2,1,0,478,1,SCH0103,Govt. Middle School Faridabad-103,1
TCH03034,Deepak Yadav,48,History,19,5,13,1,0,487,0,SCH0031,Govt. Senior Secondary School East-31,1
TCH03035,Usha Jain,52,Art,21,8,10,0,1,189,0,SCH0419,Govt. Primary School Central-419,1
TCH03036,Sunita Mishra,27,Biology,1,1,1,0,0,259,0,SCH0340,Govt. High School Ajmer-340,0
TCH03037,Vikas Mittal,34,Geography,3,3,1,1,0,150,0,SCH0038,Govt. Senior Secondary School Kota-38,0
TCH03038,Amit Dubey,55,Science,16,4,5,0,0,315,1,SCH0360,Govt. Senior Secondary School Bikaner-360,1
TCH03039,Pankaj Iyer,44,Physical Education,16,16,5,0,0,220,1,SCH0487,Govt. High School East-487,1
TCH03040,Anita Mittal,32,History,6,5,3,0,0,171,0,SCH0314,Govt. Primary School Udaipur-314,0
TCH03041,Deepak Tiwari,32,Physical Education,1,1,1,0,1,303,1,SCH0246,Govt. Senior Secondary School Central-246,1
TCH03042,Suresh Verma,46,Biology,13,6,11,0,0,477,0,SCH0022,Govt. Primary School New-22,1
TCH03043,Ramesh Reddy,39,Physics,14,9,1,0,0,114,0,SCH0260,Govt. High School Lucknow-260,0
TCH03044,Mukesh Joshi,34,Art,9,7,7,1,0,35,0,SCH0221,Govt. Middle School Ghaziabad-221,1
TCH03045,Ramesh Sharma,52,Mathematics,27,18,3,0,0,293,0,SCH0436,Govt. High School Jodhpur-436,1
TCH03046,Sanjay Menon,38,Geography,12,8,1,1,1,119,0,SCH0014,Govt. Middle School South-14,1
TCH03047,Naresh Naidu,24,Computer Science,1,1,0,0,0,249,1,SCH0441,Govt. Senior Secondary School Varanasi-441,0
TCH03048,Priya Menon,38,Biology,8,6,0,0,0,1,0,SCH0378,Govt. High School Udaipur-378,0
TCH03049,Naresh Malhotra,44,Chemistry,7,4,2,1,0,73,0,SCH0027,Govt. High School Central-27,0
TCH03050,Deepak Chaudhary,53,Physical Education,15,10,14,0,0,146,1,SCH0357,Govt. Senior Secondary School Ghaziabad-357,1
TCH03051,Devika Kumar,55,Science,20,4,0,0,0,322,0,SCH0219,Govt. Primary School Ajmer-219,0
TCH03052,Kavita Mittal,54,Geography,9,4,1,1,0,115,1,SCH0225,Govt. Primary School Agra-225,0
TCH03053,Shanti Dubey,37,Hindi,13,3,1,0,0,314,1,SCH0463,Govt. Primary School Jaipur-463,0
TCH03054,Radha Jain,33,Mathematics,9,1,0,0,0,326,1,SCH0176,Govt. Middle School Udaipur-176,0
TCH03055,Ramesh Gupta,43,Geography,18,10,8,0,0,218,1,SCH0122,Govt. High School Ghaziabad-122,1
TCH03056,Ramesh Chaudhary,38,Physical Education,6,4,5,1,0,207,1,SCH0006,Govt. Senior Secondary School West-6,1
TCH03057,Sunil Pillai,25,Mathematics,1,1,0,1,0,178,0,SCH0386,Govt. Senior Secondary School South-386,0
TCH03058,Rajesh Garg,61,Physical Education,14,5,4,0,1,306,0,SCH0411,Govt. Middle School New-411,1
TCH03059,Sunita Gupta,40,Mathematics,1,1,0,0,1,157,0,SCH0128,Govt. High School Bikaner-128,0
TCH03060,Yogesh Patel,51,Social Science,27,10,8,0,0,236,0,SCH0065,Govt. High School Ghaziabad-65,1
TCH03061,Ashok Dubey,27,Geography,3,3,2,0,0,420,0,SCH0023,Govt. High School Faridabad-23,0
TCH03062,Geeta Joshi,34,English,9,3,1,0,0,139,0,SCH0336,Govt. Senior Secondary School Ghaziabad-336,0
TCH03063,Lakshmi Rao,51,Computer Science,13,4,3,1,0,476,0,SCH0311,Govt. High School Jaipur-311,1
TCH03064,Vikram Gupta,32,Social Science,8,2,2,1,0,398,0,SCH0063,Govt. High School Faridabad-63,1
TCH03065,Sunil Yadav,55,Biology,19,14,13,0,0,248,0,SCH0481,Govt. Senior Secondary School Jaipur-481,1
TCH03066,Dinesh Mittal,32,Sanskrit,3,2,0,0,0,176,1,SCH0362,Govt. High School West-362,0
TCH03067,Yogesh Bhat,46,Social Science,9,6,7,0,0,326,1,SCH0113,Govt. High School Jodhpur-113,1
TCH03068,Shanti Malhotra,24,History,1,1,1,0,0,155,1,SCH0483,Govt. Middle School Central-483,0
TCH03069,Geeta Nair,37,Social Science,1,1,1,0,0,3,0,SCH0150,Govt. Primary School Jodhpur-150,0
TCH03070,Sunil Nair,56,Science,17,10,4,0,0,481,0,SCH0164,Govt. Senior Secondary School Agra-164,1
TCH03071,Dinesh Mittal,35,Chemistry,10,5,10,0,0,64,0,SCH0028,Govt. High School Varanasi-28,1
TCH03072,Saroj Rao,59,Social Science,8,1,3,1,1,298,1,SCH0362,Govt. High School West-362,1
TCH03073,Nita Jain,27,English,1,1,1,1,0,54,1,SCH0041,Govt. Primary School Faridabad-41,0
TCH03074,Kamla Mishra,24,Social Science,1,1,0,0,1,61,0,SCH0431,Govt. High School Bikaner-431,0
TCH03075,Devika Yadav,36,Science,7,7,6,0,1,125,0,SCH0380,Govt. Primary School Agra-380,1
TCH03076,Meena Verma,36,Hindi,6,5,1,0,0,134,0,SCH0191,Govt. Middle School Gurgaon-191,0
TCH03077,Yogesh Reddy,46,Art,4,2,4,0,1,294,0,SCH0358,Govt. Primary School Central-358,1
TCH03078,Kavita Sharma,45,Biology,22,2,12,1,0,76,0,SCH0233,Govt. Primary School Jodhpur-233,1
TCH03079,Amit Tiwari,51,Social Science,4,3,3,1,0,411,0,SCH0429,Govt. Middle School Central-429,1
TCH03080,Naresh Joshi,37,Sanskrit,6,6,4,0,0,270,1,SCH0302,Govt. Senior Secondary School Ghaziabad-302,1
TCH03081,Anita Verma,29,Social Science,1,1,0,1,0,72,0,SCH0495,Govt. Senior Secondary School Faridabad-495,0
TCH03082,Saroj Shukla,55,Biology,17,13,8,1,0,17,0,SCH0438,Govt. Primary School Jodhpur-438,1
TCH03083,Naresh Shukla,24,Biology,1,1,0,1,0,469,1,SCH0010,Govt. Primary School West-10,1
TCH03084,Ramesh Yadav,49,Chemistry,20,10,7,0,0,292,1,SCH0023,Govt. High School Faridabad-23,1
TCH03085,Radha Menon,56,Mathematics,32,11,11,0,0,367,0,SCH0095,Govt. Primary School New-95,1
TCH03086,Rekha Verma,35,History,4,2,4,1,0,262,0,SCH0339,Govt. Middle School Kota-339,1
TCH03087,Dinesh Jain,59,Mathematics,8,2,6,0,0,104,1,SCH0391,Govt. Primary School West-391,0
TCH03088,Ajay Malhotra,58,Physics,2,1,1,1,0,388,0,SCH0466,Govt. Senior Secondary School Jodhpur-466,1
TCH03089,Mahesh Aggarwal,38,Art,11,9,3,0,0,21,0,SCH0473,Govt. High School Central-473,1
TCH03090,Nita Malhotra,60,Mathematics,34,16,5,0,0,396,0,SCH0303,Govt. Middle School Central-303,1
TCH03091,Saroj Chaudhary,24,Sanskrit,1,1,1,0,0,352,1,SCH0175,Govt. Middle School Ghaziabad-175,0
TCH03092,Sunita Aggarwal,29,Science,1,1,1,0,0,263,0,SCH0219,Govt. Primary School Ajmer-219,0
TCH03093,Naresh Kaur,60,Computer Science,4,2,3,0,0,495,0,SCH0284,Govt. Primary School Bikaner-284,0
TCH03094,Sunil Chauhan,51,Chemistry,15,4,0,0,0,457,0,SCH0148,Govt. High School East-148,0
TCH03095,Vikas Malhotra,32,History,8,3,0,0,0,178,1,SCH0294,Govt. Middle School East-294,0
TCH03096,Arun Shukla,33,Biology,5,5,5,0,0,75,1,SCH0134,Govt. Primary School Noida-134,1
TCH03097,Geeta Kumar,43,Mathematics,6,2,5,1,1,424,0,SCH0382,Govt. Senior Secondary School Jaipur-382,1
TCH03098,Seema Gupta,39,Hindi,16,1,3,0,0,302,0,SCH0144,Govt. Senior Secondary School Kanpur-144,1
TCH03099,Sunil Joshi,54,Physics,20,7,8,0,1,299,0,SCH0395,Govt. Primary School Jodhpur-395,1
TCH03100,Lakshmi Verma,43,Geography,9,2,3,0,1,144,0,SCH0293,Govt. High School Jaipur-293,0
TCH03101,Shanti Tiwari,32,Computer Science,1,1,0,0,0,387,0,SCH0141,Govt. Senior Secondary School Jodhpur-141,0
TCH03102,Ajay Sharma,57,Science,19,5,9,0,0,428,0,SCH0129,Govt. Senior Secondary School Ghaziabad-129,1
TCH03103,Vikas Naidu,39,Physics,14,6,14,0,1,57,1,SCH0158,Govt. Primary School West-158,1
TCH03104,Mahesh Garg,27,English,1,1,1,1,0,267,0,SCH0429,Govt. Middle School Central-429,1
TCH03105,Savita Sharma,53,Biology,28,4,6,0,0,299,0,SCH0228,Govt. Senior Secondary School Kanpur-228,1
TCH03106,Savita Verma,49,Physics,13,7,12,0,0,360,1,SCH0005,Govt. Primary School New-5,1
TCH03107,Devika Yadav,48,Chemistry,24,7,11,0,0,42,0,SCH0246,Govt. Senior Secondary School Central-246,1
TCH03108,Anita Gupta,30,Social Science,1,1,1,0,0,317,0,SCH0030,Govt. High School North-30,0
TCH03109,Saroj Menon,41,Physics,5,4,5,0,0,426,0,SCH0460,Govt. High School Ghaziabad-460,0
TCH03110,Vikram Chauhan,59,English,7,1,6,0,0,167,0,SCH0489,Govt. Senior Secondary School Kanpur-489,0
TCH03111,Seema Tiwari,28,Sanskrit,2,1,1,1,0,79,0,SCH0133,Govt. High School East-133,0
TCH03112,Deepak Mishra,58,Computer Science,23,5,2,0,1,53,0,SCH0254,Govt. Primary School Jaipur-254,1
TCH03113,Meena Garg,46,Geography,14,8,1,1,0,4,0,SCH0090,Govt. Senior Secondary School Noida-90,1
TCH03114,Sunita Mishra,34,Science,1,1,1,1,0,288,0,SCH0336,Govt. Senior Secondary School Ghaziabad-336,1
TCH03115,Amit Patel,35,Computer Science,2,1,0,1,0,459,0,SCH0336,Govt. Senior Secondary School Ghaziabad-336,1
TCH03116,Yogesh Pillai,44,Physics,20,4,9,0,1,141,0,SCH0260,Govt. High School Lucknow-260,1
TCH03117,Devika Bhat,30,Hindi,7,7,5,0,1,456,0,SCH0022,Govt. Primary School New-22,1
TCH03118,Mahesh Tiwari,55,Mathematics,14,6,11,0,0,412,0,SCH0032,Govt. High School Jodhpur-32,1
TCH03119,Dinesh Menon,28,Physical Education,5,5,0,1,0,366,0,SCH0348,Govt. Primary School Udaipur-348,1
TCH03120,Ajay Mishra,37,Physics,6,6,5,1,0,164,0,SCH0023,Govt. High School Faridabad-23,1
TCH03121,Vikram Nair,37,Biology,2,1,1,1,0,495,0,SCH0056,Govt. Senior Secondary School South-56,1
TCH03122,Harish Gupta,40,Hindi,11,5,3,0,0,407,1,SCH0058,Govt. Senior Secondary School Central-58,1
TCH03123,Ashok Pillai,28,Physics,5,3,2,1,0,295,0,SCH0105,Govt. Primary School Ajmer-105,1
TCH03124,Pankaj Gupta,50,Computer Science,18,9,1,1,0,59,0,SCH0425,Govt. High School Gurgaon-425,1
TCH03125,Vinod Kumar,40,Mathematics,13,6,11,0,1,261,1,SCH0219,Govt. Primary School Ajmer-219,1
TCH03126,Ajay Aggarwal,61,Physics,21,3,6,1,0,282,0,SCH0168,Govt. High School Kota-168,1
TCH03127,Pankaj Mittal,30,Computer Science,3,1,3,0,0,131,0,SCH0172,Govt. Senior Secondary School North-172,0
TCH03128,Mukesh Joshi,58,Geography,15,12,1,0,0,341,0,SCH0192,Govt. High School Faridabad-192,1
TCH03129,Arun Dubey,55,Mathematics,8,1,0,1,0,293,1,SCH0016,Govt. Middle School Gurgaon-16,1
TCH03130,Meena Jain,60,Geography,7,7,6,0,0,104,0,SCH0149,Govt. Primary School Central-149,0
TCH03131,Suresh Iyer,38,Hindi,7,2,4,0,1,389,1,SCH0014,Govt. Middle School South-14,1
TCH03132,Ashok Nair,46,Physical Education,16,8,0,0,0,339,0,SCH0414,Govt. Senior Secondary School Central-414,1
TCH03133,Harish Aggarwal,48,Geography,22,16,12,0,0,68,0,SCH0400,Govt. Senior Secondary School Jodhpur-400,1
TCH03134,Dinesh Yadav,39,Chemistry,8,8,4,0,0,249,0,SCH0365,Govt. Senior Secondary School Ajmer-365,1
TCH03135,Anita Verma,32,Computer Science,1,1,0,0,0,105,1,SCH0426,Govt. High School Jodhpur-426,0
TCH03136,Meena Shukla,47,Art,9,9,9,1,0,272,1,SCH0372,Govt. High School Lucknow-372,1
TCH03137,Anita Gupta,38,Hindi,5,5,4,0,0,461,0,SCH0333,Govt. Middle School Kota-333,1
TCH03138,Harish Pillai,58,Computer Science,17,12,2,0,0,401,0,SCH0290,Govt. High School North-290,1
TCH03139,Pankaj Menon,37,Physical Education,8,2,2,0,0,106,0,SCH0281,Govt. Primary School East-281,0
TCH03140,Kamla Aggarwal,49,Mathematics,5,1,3,0,1,259,0,SCH0063,Govt. High School Faridabad-63,1
TCH03141,Mukesh Naidu,59,History,20,7,14,1,0,433,1,SCH0311,Govt. High School Jaipur-311,1
TCH03142,Yogesh Pandey,42,Social Science,10,2,5,0,0,298,1,SCH0267,Govt. Senior Secondary School Bikaner-267,1
TCH03143,Vikas Joshi,29,Hindi,3,1,2,0,0,92,1,SCH0100,Govt. Senior Secondary School Gurgaon-100,0
TCH03144,Geeta Aggarwal,41,Art,12,4,7,0,1,185,0,SCH0169,Govt. Middle School Ajmer-169,1
TCH03145,Ramesh Chauhan,38,Physics,3,1,0,0,0,392,1,SCH0186,Govt. Senior Secondary School Faridabad-186,0
TCH03146,Kavita Bhat,54,Hindi,27,15,8,1,1,326,0,SCH0384,Govt. Middle School Jaipur-384,1
TCH03147,Pankaj Dubey,59,Science,19,2,1,1,1,437,0,SCH0228,Govt. Senior Secondary School Kanpur-228,1
TCH03148,Devika Nair,51,Science,23,15,14,0,0,244,0,SCH0181,Govt. Middle School Kota-181,1
TCH03149,Shanti Reddy,59,Biology,9,2,1,0,1,353,0,SCH0469,Govt. High School Gurgaon-469,1
TCH03150,Ramesh Chauhan,52,Art,28,16,13,0,0,60,1,SCH0310,Govt. Middle School West-310,1
TCH03151,Ramesh Pillai,54,Sanskrit,26,19,1,1,0,11,0,SCH0215,Govt. Middle School Ghaziabad-215,1
TCH03152,Deepak Jain,57,History,13,11,7,0,0,40,1,SCH0424,Govt. Primary School Varanasi-424,1
TCH03153,Pankaj Naidu,44,Geography,3,3,1,1,0,198,0,SCH0126,Govt. Senior Secondary School West-126,0
TCH03154,Deepak Iyer,50,Social Science,18,13,10,0,0,396,0,SCH0341,Govt. High School Gurgaon-341,1
TCH03155,Vinod Pandey,46,Physics,1,1,0,1,0,199,0,SCH0408,Govt. High School North-408,0
TCH03156,Anita Chaudhary,37,Chemistry,8,8,3,1,0,410,0,SCH0061,Govt. Primary School Kota-61,1
TCH03157,Meena Pillai,26,Biology,2,1,2,0,0,73,1,SCH0259,Govt. Primary School North-259,0
TCH03158,Sanjay Mittal,31,English,8,1,8,0,0,8,0,SCH0324,Govt. Middle School Central-324,0
TCH03159,Savita Sharma,49,English,16,3,7,1,0,185,1,SCH0449,Govt. High School Gurgaon-449,1
TCH03160,Pankaj Tiwari,41,Art,16,13,10,0,0,97,1,SCH0062,Govt. High School North-62,1
TCH03161,Mukesh Kaur,32,Science,8,1,6,1,1,492,1,SCH0284,Govt. Primary School Bikaner-284,1
TCH03162,Amit Bansal,41,Chemistry,17,16,9,1,0,138,0,SCH0065,Govt. High School Ghaziabad-65,1
TCH03163,Arun Gupta,39,English,10,7,8,0,0,332,1,SCH0013,Govt. High School Kota-13,1
TCH03164,Kamla Jain,51,Chemistry,11,2,9,0,0,138,0,SCH0264,Govt. Primary School Udaipur-264,0
TCH03165,Radha Dubey,42,English,13,4,13,1,0,391,0,SCH0463,Govt. Primary School Jaipur-463,1
TCH03166,Devika Mishra,36,Physical Education,5,5,3,0,0,121,0,SCH0206,Govt. High School Lucknow-206,0
TCH03167,Kavita Pandey,34,Sanskrit,11,2,2,1,0,156,1,SCH0151,Govt. High School Kanpur-151,1
TCH03168,Usha Pillai,44,Geography,9,8,2,0,0,194,0,SCH0460,Govt. High School Ghaziabad-460,0
TCH03169,Suresh Kaur,32,Mathematics,3,2,3,0,0,287,0,SCH0316,Govt. Senior Secondary School South-316,0
TCH03170,Dinesh Chauhan,44,Chemistry,18,16,13,0,0,287,0,SCH0038,Govt. Senior Secondary School Kota-38,1
TCH03171,Yogesh Kaur,34,Sanskrit,4,1,1,1,0,447,1,SCH0323,Govt. Middle School Central-323,1
TCH03172,Vinod Malhotra,30,Biology,2,1,1,1,0,297,0,SCH0224,Govt. Primary School South-224,1
TCH03173,Deepak Kaur,41,English,9,6,8,1,0,397,0,SCH0359,Govt. Primary School Lucknow-359,1
TCH03174,Anita Jain,60,Sanskrit,20,15,4,1,0,204,1,SCH0371,Govt. Primary School Ghaziabad-371,1
TCH03175,Harish Gupta,31,English,4,4,1,1,0,160,0,SCH0480,Govt. Middle School Jodhpur-480,0
TCH03176,Rajesh Pillai,41,Geography,6,3,4,0,0,315,0,SCH0459,Govt. Primary School New-459,0
TCH03177,Savita Shukla,59,Physics,30,14,6,0,0,169,0,SCH0190,Govt. High School Gurgaon-190,1
TCH03178,Pooja Nair,61,Physical Education,13,5,0,0,0,126,1,SCH0225,Govt. Primary School Agra-225,0
TCH03179,Seema Malhotra,49,Science,7,7,1,0,0,161,0,SCH0302,Govt. Senior Secondary School Ghaziabad-302,0
TCH03180,Rekha Rao,53,Physics,10,4,8,1,1,377,0,SCH0119,Govt. Middle School Noida-119,1
TCH03181,Vikas Nair,48,History,9,9,2,0,0,82,0,SCH0025,Govt. Middle School North-25,0
TCH03182,Harish Garg,28,Chemistry,1,1,0,1,0,355,1,SCH0297,Govt. Middle School East-297,1
TCH03183,Ashok Shukla,29,Physics,6,4,5,1,0,381,1,SCH0147,Govt. High School Gurgaon-147,1
TCH03184,Pooja Kumar,25,Mathematics,1,1,0,0,0,228,0,SCH0388,Govt. Senior Secondary School Noida-388,0
TCH03185,Nita Chaudhary,44,History,17,3,6,1,0,66,0,SCH0417,Govt. Primary School New-417,1
TCH03186,Vikas Mittal,53,Geography,23,7,13,1,0,58,0,SCH0143,Govt. Senior Secondary School Kota-143,1
TCH03187,Suresh Dubey,52,Social Science,21,1,2,1,1,364,0,SCH0161,Govt. Middle School Kanpur-161,1
TCH03188,Kavita Joshi,58,Social Science,24,17,0,1,0,293,0,SCH0085,Govt. Middle School Udaipur-85,1
TCH03189,Yogesh Mishra,54,English,4,1,0,1,0,286,0,SCH0250,Govt. High School Kanpur-250,1
TCH03190,Mahesh Iyer,44,Art,3,2,1,0,1,316,0,SCH0148,Govt. High School East-148,1
TCH03191,Ramesh Naidu,46,Social Science,15,14,14,0,0,65,0,SCH0055,Govt. Middle School Noida-55,1
TCH03192,Suresh Yadav,54,History,16,11,6,1,0,303,0,SCH0073,Govt. High School Central-73,1
TCH03193,Harish Malhotra,39,English,7,1,5,1,0,324,1,SCH0430,Govt. Primary School Bikaner-430,1
TCH03194,Ajay Mittal,34,Mathematics,2,2,0,0,0,93,1,SCH0015,Govt. Primary School Noida-15,0
TCH03195,Sunil Menon,50,Art,22,17,14,1,0,218,0,SCH0492,Govt. High School Lucknow-492,1
TCH03196,Rajesh Rao,26,Sanskrit,1,1,0,1,0,182,1,SCH0100,Govt. Senior Secondary School Gurgaon-100,0
TCH03197,Priya Dubey,53,Hindi,17,10,3,0,0,75,1,SCH0422,Govt. Primary School Varanasi-422,1
TCH03198,Vikas Chaudhary,27,Physical Education,1,1,1,0,0,479,0,SCH0145,Govt. Primary School Bikaner-145,0
TCH03199,Kamla Kumar,42,Sanskrit,14,5,10,1,0,87,0,SCH0228,Govt. Senior Secondary School Kanpur-228,1
TCH03200,Vinod Jain,39,Science,1,1,0,0,0,176,1,SCH0233,Govt. Primary School Jodhpur-233,0
TCH03201,Kavita Chauhan,28,Chemistry,4,2,4,0,1,125,0,SCH0367,Govt. Primary School Ghaziabad-367,0
TCH03202,Mahesh Gupta,58,Sanskrit,15,2,11,1,0,167,0,SCH0253,Govt. Middle School Gurgaon-253,1
TCH03203,Seema Kaur,53,Computer Science,26,5,10,0,0,252,1,SCH0071,Govt. Middle School Bikaner-71,1
TCH03204,Dinesh Aggarwal,40,Science,2,2,1,0,0,385,0,SCH0060,Govt. High School Noida-60,0
TCH03205,Ramesh Kaur,61,Science,15,11,9,0,0,168,0,SCH0382,Govt. Senior Secondary School Jaipur-382,1
TCH03206,Arun Nair,46,Physics,12,8,4,0,1,181,0,SCH0168,Govt. High School Kota-168,1
TCH03207,Savita Reddy,31,Physical Education,2,1,1,0,0,238,0,SCH0142,Govt. Middle School New-142,0
TCH03208,Vikram Bhat,40,Physical Education,10,5,9,0,0,292,1,SCH0263,Govt. High School Faridabad-263,1
TCH03209,Amit Chaudhary,25,Science,1,1,0,0,1,106,1,SCH0162,Govt. Middle School Gurgaon-162,0
TCH03210,Kamla Pandey,58,Hindi,32,9,7,1,0,296,1,SCH0478,Govt. Senior Secondary School Lucknow-478,1
TCH03211,Devika Naidu,45,Sanskrit,8,2,6,1,0,315,1,SCH0431,Govt. High School Bikaner-431,1
TCH03212,Amit Reddy,45,Computer Science,18,16,14,1,0,484,0,SCH0450,Govt. High School Kanpur-450,1
TCH03213,Geeta Kumar,50,Geography,15,1,9,0,0,287,0,SCH0005,Govt. Primary School New-5,1
TCH03214,Ramesh Naidu,50,Hindi,9,8,6,0,0,6,0,SCH0193,Govt. Senior Secondary School West-193,0
TCH03215,Mukesh Kumar,41,Biology,14,2,2,1,0,116,0,SCH0136,Govt. Middle School Ghaziabad-136,0
TCH03216,Pooja Kaur,52,Biology,28,8,0,0,1,97,0,SCH0417,Govt. Primary School New-417,1
TCH03217,Deepak Yadav,61,Computer Science,18,5,14,0,0,267,0,SCH0145,Govt. Primary School Bikaner-145,1
TCH03218,Anita Nair,45,Sanskrit,17,16,3,1,0,319,0,SCH0449,Govt. High School Gurgaon-449,1
TCH03219,Nita Sharma,61,Chemistry,4,3,1,1,0,89,0,SCH0371,Govt. Primary School Ghaziabad-371,0
TCH03220,Pushpa Menon,49,Geography,4,2,3,1,0,312,0,SCH0035,Govt. Primary School South-35,1
TCH03221,Pooja Verma,36,Chemistry,5,1,1,1,0,398,0,SCH0107,Govt. Middle School Varanasi-107,1
TCH03222,Mahesh Iyer,46,Chemistry,4,3,1,0,0,327,0,SCH0353,Govt. High School West-353,0
TCH03223,Anita Mishra,35,Computer Science,5,1,5,1,0,444,0,SCH0324,Govt. Middle School Central-324,1
TCH03224,Mukesh Nair,49,Computer Science,10,8,2,0,0,274,0,SCH0179,Govt. Middle School North-179,1
TCH03225,Pooja Mittal,32,Social Science,9,3,1,1,0,133,0,SCH0489,Govt. Senior Secondary School Kanpur-489,0
TCH03226,Ramesh Mittal,38,Social Science,15,1,14,1,0,52,1,SCH0431,Govt. High School Bikaner-431,1
TCH03227,Pushpa Rao,42,Art,14,4,4,1,0,65,0,SCH0343,Govt. Senior Secondary School Central-343,1
TCH03228,Lakshmi Iyer,40,Physics,4,2,1,0,0,246,0,SCH0323,Govt. Middle School Central-323,0
TCH03229,Mukesh Joshi,48,Science,22,11,9,1,1,363,0,SCH0279,Govt. Primary School Kanpur-279,1
TCH03230,Kavita Mittal,53,Art,16,9,0,0,0,270,1,SCH0113,Govt. High School Jodhpur-113,1
TCH03231,Vinod Chaudhary,51,Biology,20,1,14,0,0,317,1,SCH0392,Govt. High School South-392,1
TCH03232,Geeta Naidu,31,Chemistry,5,4,5,0,0,279,0,SCH0167,Govt. Middle School Jaipur-167,0
TCH03233,Pooja Chauhan,48,Physics,20,13,14,1,0,424,1,SCH0060,Govt. High School Noida-60,1
TCH03234,Kavita Dubey,39,Physical Education,12,5,6,1,0,130,1,SCH0339,Govt. Middle School Kota-339,1
TCH03235,Deepak Malhotra,53,Biology,13,6,1,0,0,41,0,SCH0204,Govt. Middle School Agra-204,0
TCH03236,Pushpa Iyer,48,Chemistry,4,4,4,0,0,391,1,SCH0431,Govt. High School Bikaner-431,1
TCH03237,Geeta Sharma,41,Social Science,15,9,13,0,0,124,0,SCH0352,Govt. Middle School Varanasi-352,1
TCH03238,Harish Yadav,46,Sanskrit,3,1,2,1,0,342,0,SCH0138,Govt. Middle School Bikaner-138,1
TCH03239,Pankaj Verma,36,History,8,5,8,0,0,4,1,SCH0401,Govt. Senior Secondary School Varanasi-401,1
TCH03240,Ashok Tiwari,27,Computer Science,1,1,1,0,0,204,0,SCH0396,Govt. Primary School Kota-396,0
TCH03241,Pankaj Shukla,56,Art,22,1,10,0,0,230,0,SCH0163,Govt. Senior Secondary School West-163,1
TCH03242,Radha Shukla,47,Social Science,20,9,9,0,0,189,1,SCH0227,Govt. Senior Secondary School Lucknow-227,1
TCH03243,Sunita Tiwari,38,Biology,6,1,3,0,0,257,0,SCH0468,Govt. Primary School South-468,0
TCH03244,Ramesh Pandey,43,Computer Science,17,9,5,0,0,101,0,SCH0373,Govt. Senior Secondary School Varanasi-373,1
TCH03245,Amit Joshi,24,Biology,1,1,0,1,0,144,0,SCH0420,Govt. Senior Secondary School Lucknow-420,0
TCH03246,Ramesh Pillai,46,English,11,10,0,0,0,262,0,SCH0210,Govt. Middle School West-210,1
TCH03247,Nita Malhotra,24,Computer Science,1,1,1,0,1,267,0,SCH0275,Govt. Primary School East-275,1
TCH03248,Saroj Iyer,24,Physics,1,1,0,0,0,268,0,SCH0057,Govt. Primary School New-57,0
TCH03249,Ajay Menon,41,Mathematics,1,1,1,0,0,281,1,SCH0067,Govt. Primary School Udaipur-67,0
TCH03250,Priya Aggarwal,58,Chemistry,11,4,8,1,0,278,1,SCH0487,Govt. High School East-487,1
TCH03251,Usha Jain,45,Physics,1,1,0,1,0,303,1,SCH0047,Govt. Middle School Agra-47,1
TCH03252,Devika Gupta,44,Computer Science,18,2,5,1,0,218,0,SCH0393,Govt. Primary School Ajmer-393,1
TCH03253,Kamla Yadav,52,Physics,28,2,0,0,0,161,1,SCH0026,Govt. High School South-26,0
TCH03254,Sanjay Patel,58,Sanskrit,23,17,14,0,0,230,0,SCH0275,Govt. Primary School East-275,1
TCH03255,Lakshmi Garg,60,Physical Education,20,11,11,0,0,139,0,SCH0275,Govt. Primary School East-275,1
TCH03256,Vinod Aggarwal,25,English,1,1,1,1,0,201,0,SCH0118,Govt. Middle School Agra-118,1
TCH03257,Shanti Pandey,55,Chemistry,31,19,14,1,0,179,0,SCH0467,Govt. High School Jaipur-467,1
TCH03258,Devika Kaur,32,Hindi,6,3,5,0,1,210,0,SCH0111,Govt. Senior Secondary School Gurgaon-111,1
TCH03259,Rajesh Verma,43,Sanskrit,20,19,8,0,0,491,0,SCH0482,Govt. Primary School Jaipur-482,1
TCH03260,Kamla Singh,47,History,5,5,4,0,0,180,0,SCH0011,Govt. Middle School Lucknow-11,0
TCH03261,Pushpa Verma,53,English,5,3,3,1,0,173,0,SCH0204,Govt. Middle School Agra-204,1
TCH03262,Rekha Sharma,50,Hindi,20,2,13,0,0,43,0,SCH0145,Govt. Primary School Bikaner-145,0
TCH03263,Geeta Verma,52,Social Science,7,6,7,1,0,179,0,SCH0324,Govt. Middle School Central-324,1
TCH03264,Kavita Bansal,24,Art,1,1,1,0,0,467,0,SCH0384,Govt. Middle School Jaipur-384,0
TCH03265,Lakshmi Kumar,44,Sanskrit,3,1,2,0,0,112,0,SCH0194,Govt. Middle School Ajmer-194,0
TCH03266,Seema Garg,27,Science,1,1,1,1,0,410,0,SCH0380,Govt. Primary School Agra-380,1
TCH03267,Vikram Nair,50,Physical Education,17,8,11,1,0,230,0,SCH0040,Govt. High School Jodhpur-40,1
TCH03268,Pankaj Sharma,44,Mathematics,3,1,3,0,0,407,0,SCH0361,Govt. High School South-361,0
TCH03269,Sunil Iyer,44,English,21,10,11,0,0,104,1,SCH0381,Govt. High School Jodhpur-381,1
TCH03270,Anita Aggarwal,59,Chemistry,5,2,2,1,0,401,0,SCH0049,Govt. Senior Secondary School Agra-49,1
TCH03271,Ajay Garg,39,Social Science,11,4,0,1,0,30,1,SCH0100,Govt. Senior Secondary School Gurgaon-100,1
TCH03272,Ashok Chaudhary,50,History,23,17,10,0,0,40,1,SCH0402,Govt. Middle School Faridabad-402,1
TCH03273,Priya Joshi,60,Social Science,16,7,12,1,0,31,1,SCH0381,Govt. High School Jodhpur-381,1
TCH03274,Sanjay Singh,42,Social Science,10,2,6,0,0,10,0,SCH0235,Govt. Senior Secondary School Faridabad-235,0
TCH03275,Vikas Rao,42,Chemistry,11,6,8,0,0,189,1,SCH0497,Govt. High School Ghaziabad-497,1
TCH03276,Radha Gupta,45,Hindi,13,2,3,0,0,79,0,SCH0150,Govt. Primary School Jodhpur-150,0
TCH03277,Pankaj Menon,43,Social Science,14,2,5,0,0,343,0,SCH0496,Govt. Middle School Bikaner-496,1
TCH03278,Vinod Jain,58,Physical Education,6,1,5,0,0,81,0,SCH0248,Govt. High School Central-248,0
TCH03279,Harish Mishra,37,Chemistry,8,5,0,0,0,435,0,SCH0274,Govt. High School Agra-274,0
TCH03280,Pushpa Kaur,30,Chemistry,7,5,2,1,0,432,1,SCH0009,Govt. Middle School Gurgaon-9,1
TCH03281,Shanti Malhotra,47,History,1,1,0,0,1,495,0,SCH0488,Govt. Senior Secondary School Agra-488,1
TCH03282,Suresh Chauhan,33,Hindi,9,5,2,0,0,365,0,SCH0366,Govt. Senior Secondary School East-366,0
TCH03283,Priya Shukla,37,Art,12,1,10,0,0,310,0,SCH0296,Govt. Middle School North-296,1
TCH03284,Yogesh Dubey,47,Biology,23,17,2,1,0,350,0,SCH0119,Govt. Middle School Noida-119,1
TCH03285,Suresh Reddy,51,Social Science,3,2,3,1,0,363,0,SCH0289,Govt. Middle School Central-289,1
TCH03286,Meena Aggarwal,42,Computer Science,5,1,3,1,1,315,0,SCH0171,Govt. Middle School Ajmer-171,1
TCH03287,Anita Singh,59,History,28,5,6,0,0,130,0,SCH0500,Govt. Middle School Varanasi-500,1
TCH03288,Nita Garg,55,Biology,15,9,4,0,0,169,0,SCH0087,Govt. Primary School Udaipur-87,1
TCH03289,Geeta Gupta,47,English,15,9,6,1,0,302,0,SCH0304,Govt. Middle School New-304,1
TCH03290,Saroj Bansal,37,Biology,14,9,2,0,0,104,1,SCH0207,Govt. Middle School Varanasi-207,0
TCH03291,Vikas Malhotra,59,Hindi,26,16,4,0,0,400,1,SCH0268,Govt. Middle School North-268,1
TCH03292,Pushpa Tiwari,38,Chemistry,1,1,0,0,0,413,1,SCH0031,Govt. Senior Secondary School East-31,0
TCH03293,Usha Bansal,25,English,1,1,0,1,0,235,0,SCH0160,Govt. Middle School Faridabad-160,1
TCH03294,Ashok Bhat,25,Geography,1,1,0,0,0,250,0,SCH0019,Govt. Senior Secondary School Bikaner-19,0
TCH03295,Pankaj Garg,30,Mathematics,4,2,1,0,0,461,0,SCH0307,Govt. Middle School Kanpur-307,0
TCH03296,Nita Malhotra,29,History,6,4,0,0,0,385,1,SCH0138,Govt. Middle School Bikaner-138,0
TCH03297,Pushpa Menon,44,Biology,7,5,3,1,0,328,0,SCH0407,Govt. Senior Secondary School South-407,1
TCH03298,Geeta Pandey,53,Biology,7,2,0,1,0,255,0,SCH0161,Govt. Middle School Kanpur-161,1
TCH03299,Mukesh Nair,37,History,3,2,0,1,0,50,0,SCH0363,Govt. Primary School Central-363,0
TCH03300,Anita Jain,48,Science,1,1,0,1,0,468,1,SCH0440,Govt. High School Lucknow-440,1
TCH03301,Vikram Shukla,46,English,10,1,5,0,0,494,1,SCH0218,Govt. Primary School Lucknow-218,1
TCH03302,Rajesh Patel,39,History,13,3,12,1,0,85,1,SCH0388,Govt. Senior Secondary School Noida-388,1
TCH03303,Kavita Patel,46,Hindi,11,3,7,0,0,361,0,SCH0384,Govt. Middle School Jaipur-384,1
TCH03304,Kavita Verma,35,Chemistry,8,8,1,1,1,257,0,SCH0225,Govt. Primary School Agra-225,1
TCH03305,Arun Reddy,40,Art,6,1,1,1,0,128,1,SCH0254,Govt. Primary School Jaipur-254,0
TCH03306,Pushpa Kumar,32,Physical Education,9,4,3,0,0,372,1,SCH0269,Govt. Middle School East-269,1
TCH03307,Devika Chaudhary,32,Chemistry,3,2,2,0,0,65,0,SCH0448,Govt. Senior Secondary School West-448,0
TCH03308,Vinod Singh,46,Chemistry,10,3,7,0,0,138,0,SCH0005,Govt. Primary School New-5,0
TCH03309,Seema Nair,48,Physics,7,7,0,0,0,337,0,SCH0151,Govt. High School Kanpur-151,0
TCH03310,Shanti Pillai,47,Computer Science,13,7,12,1,0,388,0,SCH0315,Govt. Primary School Udaipur-315,1
TCH03311,Meena Joshi,53,History,28,19,12,0,0,477,0,SCH0085,Govt. Middle School Udaipur-85,1
TCH03312,Nita Aggarwal,32,Geography,5,4,5,0,1,12,0,SCH0351,Govt. High School Ghaziabad-351,0
TCH03313,Shanti Nair,55,Geography,15,5,2,0,0,144,0,SCH0488,Govt. Senior Secondary School Agra-488,0
TCH03314,Mukesh Chauhan,36,Hindi,11,10,11,0,0,150,1,SCH0129,Govt. Senior Secondary School Ghaziabad-129,1
TCH03315,Usha Jain,49,Physical Education,15,6,8,1,0,232,0,SCH0480,Govt. Middle School Jodhpur-480,1
TCH03316,Deepak Patel,39,History,16,16,12,1,0,107,0,SCH0369,Govt. Middle School Central-369,1
TCH03317,Mukesh Sharma,47,Physics,13,11,9,0,0,386,0,SCH0367,Govt. Primary School Ghaziabad-367,1
TCH03318,Pooja Kumar,40,Biology,15,9,2,0,0,229,1,SCH0214,Govt. High School East-214,1
TCH03319,Rajesh Joshi,32,Physical Education,3,3,0,0,0,420,0,SCH0035,Govt. Primary School South-35,0
TCH03320,Sanjay Bhat,28,Science,5,4,2,0,0,416,0,SCH0097,Govt. Primary School Central-97,0
TCH03321,Savita Pandey,39,Science,7,2,2,1,0,16,0,SCH0276,Govt. High School South-276,0
TCH03322,Saroj Chauhan,51,Geography,25,15,5,1,0,357,0,SCH0032,Govt. High School Jodhpur-32,1
TCH03323,Vikram Dubey,47,Computer Science,15,15,7,0,0,269,1,SCH0081,Govt. High School Gurgaon-81,1
TCH03324,Ramesh Dubey,44,Computer Science,15,8,3,0,0,0,0,SCH0287,Govt. Middle School Gurgaon-287,1
TCH03325,Sanjay Tiwari,41,Social Science,10,7,1,1,0,365,1,SCH0008,Govt. High School Ajmer-8,1
TCH03326,Radha Pillai,36,Physical Education,4,4,2,0,0,60,0,SCH0421,Govt. Middle School Jaipur-421,0
TCH03327,Shanti Iyer,28,Art,1,1,0,0,0,203,0,SCH0157,Govt. Senior Secondary School Jodhpur-157,0
TCH03328,Mahesh Menon,46,History,16,1,13,0,1,27,0,SCH0207,Govt. Middle School Varanasi-207,1
TCH03329,Sanjay Gupta,53,Geography,26,17,14,0,0,432,0,SCH0329,Govt. Senior Secondary School South-329,1
TCH03330,Suresh Kaur,41,Hindi,13,13,10,1,0,107,1,SCH0079,Govt. Senior Secondary School North-79,1
TCH03331,Pooja Tiwari,48,Geography,9,1,8,0,1,252,0,SCH0144,Govt. Senior Secondary School Kanpur-144,1
TCH03332,Deepak Aggarwal,58,History,33,3,13,1,0,25,1,SCH0053,Govt. Senior Secondary School Ghaziabad-53,1
TCH03333,Naresh Pandey,53,Geography,20,4,2,0,0,281,1,SCH0301,Govt. High School New-301,0
TCH03334,Anita Iyer,42,Social Science,12,3,6,0,0,111,0,SCH0396,Govt. Primary School Kota-396,0
TCH03335,Saroj Naidu,61,Biology,3,3,1,0,0,126,1,SCH0495,Govt. Senior Secondary School Faridabad-495,0
TCH03336,Arun Sharma,49,Art,1,1,1,0,0,136,0,SCH0108,Govt. Senior Secondary School Agra-108,0
TCH03337,Nita Gupta,31,Art,5,5,0,1,0,441,0,SCH0119,Govt. Middle School Noida-119,1
TCH03338,Meena Kumar,45,English,13,7,10,0,0,224,0,SCH0315,Govt. Primary School Udaipur-315,1
TCH03339,Rajesh Pandey,24,Science,1,1,1,0,0,243,1,SCH0244,Govt. Senior Secondary School Agra-244,0
TCH03340,Sunita Kumar,34,History,11,6,2,0,0,489,1,SCH0459,Govt. Primary School New-459,1
TCH03341,Yogesh Chaudhary,61,Computer Science,24,12,0,1,0,167,0,SCH0414,Govt. Senior Secondary School Central-414,1
TCH03342,Ashok Joshi,37,History,5,2,2,0,0,187,0,SCH0242,Govt. Senior Secondary School Agra-242,0
TCH03343,Kavita Mishra,26,History,2,2,0,0,1,382,1,SCH0390,Govt. Middle School Lucknow-390,1
TCH03344,Naresh Malhotra,44,Chemistry,17,10,7,0,0,20,1,SCH0202,Govt. High School West-202,1
TCH03345,Mukesh Dubey,37,Social Science,10,1,8,1,1,381,0,SCH0362,Govt. High School West-362,1
TCH03346,Kamla Pandey,39,History,8,7,6,0,0,416,0,SCH0430,Govt. Primary School Bikaner-430,1
TCH03347,Ajay Bansal,41,Hindi,14,12,10,1,0,125,1,SCH0041,Govt. Primary School Faridabad-41,1
TCH03348,Arun Reddy,56,Sanskrit,19,15,3,0,0,253,1,SCH0490,Govt. Middle School Lucknow-490,1
TCH03349,Meena Bansal,28,Chemistry,2,2,2,0,0,125,0,SCH0143,Govt. Senior Secondary School Kota-143,0
TCH03350,Yogesh Rao,60,Physical Education,22,16,11,1,0,224,1,SCH0287,Govt. Middle School Gurgaon-287,1
TCH03351,Mahesh Naidu,49,Science,10,3,5,0,0,488,0,SCH0404,Govt. High School Central-404,1
TCH03352,Radha Reddy,26,Physics,1,1,0,0,0,164,0,SCH0286,Govt. Primary School Bikaner-286,0
TCH03353,Priya Garg,25,Physics,1,1,0,1,0,233,1,SCH0092,Govt. Primary School Kanpur-92,1
TCH03354,Savita Malhotra,41,Computer Science,11,6,2,0,0,396,0,SCH0438,Govt. Primary School Jodhpur-438,1
TCH03355,Radha Yadav,57,Geography,28,9,7,0,0,8,0,SCH0178,Govt. Middle School Kota-178,1
TCH03356,Sanjay Shukla,61,Physics,22,3,9,0,0,264,0,SCH0287,Govt. Middle School Gurgaon-287,1
TCH03357,Rajesh Yadav,47,Biology,9,1,7,1,0,453,0,SCH0092,Govt. Primary School Kanpur-92,1
TCH03358,Kamla Yadav,51,Mathematics,21,1,8,1,0,390,0,SCH0185,Govt. High School Ajmer-185,1
TCH03359,Rekha Pandey,39,Science,2,1,2,0,0,489,1,SCH0301,Govt. High School New-301,0
TCH03360,Shanti Jain,46,Social Science,4,2,2,0,0,118,1,SCH0467,Govt. High School Jaipur-467,0
TCH03361,Rajesh Iyer,35,Social Science,1,1,1,0,0,371,1,SCH0258,Govt. Primary School Faridabad-258,0
TCH03362,Seema Reddy,41,Biology,15,3,13,0,0,52,1,SCH0018,Govt. High School West-18,0
TCH03363,Amit Bhat,44,Physical Education,9,7,0,1,0,393,0,SCH0204,Govt. Middle School Agra-204,1
TCH03364,Seema Reddy,42,Mathematics,9,5,6,0,0,71,0,SCH0130,Govt. High School East-130,0
TCH03365,Vikas Bansal,49,Mathematics,14,6,6,1,0,37,0,SCH0498,Govt. Primary School Gurgaon-498,1
TCH03366,Mukesh Iyer,41,Computer Science,12,7,4,1,1,227,0,SCH0442,Govt. High School Gurgaon-442,1
TCH03367,Pushpa Patel,41,Biology,7,7,0,0,1,319,0,SCH0233,Govt. Primary School Jodhpur-233,1
TCH03368,Sunil Aggarwal,48,Science,9,7,8,0,0,439,0,SCH0384,Govt. Middle School Jaipur-384,1
TCH03369,Shanti Sharma,40,Geography,11,8,9,1,0,458,0,SCH0020,Govt. Senior Secondary School Kota-20,1
TCH03370,Meena Bhat,32,Physical Education,2,1,2,0,0,223,0,SCH0458,Govt. Primary School Udaipur-458,0
TCH03371,Deepak Gupta,43,Chemistry,1,1,0,0,0,474,0,SCH0091,Govt. High School South-91,0
TCH03372,Kavita Verma,53,Biology,27,18,12,0,0,387,1,SCH0428,Govt. High School Faridabad-428,1
TCH03373,Sunita Pandey,53,Science,15,14,6,0,0,432,1,SCH0327,Govt. High School Faridabad-327,1
TCH03374,Sunil Tiwari,52,Sanskrit,28,12,4,0,0,199,0,SCH0440,Govt. High School Lucknow-440,1
TCH03375,Saroj Kaur,61,Mathematics,26,3,1,0,0,203,0,SCH0100,Govt. Senior Secondary School Gurgaon-100,0
TCH03376,Ashok Mittal,60,Physical Education,29,3,0,0,0,91,0,SCH0171,Govt. Middle School Ajmer-171,0
TCH03377,Anita Kaur,59,Physics,13,8,10,1,0,30,0,SCH0087,Govt. Primary School Udaipur-87,1
TCH03378,Rajesh Naidu,26,Chemistry,2,1,2,1,1,110,0,SCH0265,Govt. Middle School Gurgaon-265,1
TCH03379,Sunita Gupta,57,Hindi,20,12,4,0,0,119,0,SCH0214,Govt. High School East-214,1
TCH03380,Harish Kumar,34,Physical Education,6,4,5,1,0,421,0,SCH0423,Govt. Senior Secondary School Lucknow-423,1
TCH03381,Anita Patel,58,Biology,24,1,9,0,1,25,0,SCH0137,Govt. Primary School Faridabad-137,1
TCH03382,Seema Iyer,49,Hindi,5,1,3,1,0,163,0,SCH0023,Govt. High School Faridabad-23,1
TCH03383,Harish Chaudhary,36,English,9,2,7,0,0,274,1,SCH0353,Govt. High School West-353,1
TCH03384,Rajesh Joshi,53,Social Science,5,3,0,0,0,334,0,SCH0326,Govt. Middle School Varanasi-326,0
TCH03385,Dinesh Singh,51,Physics,4,3,4,0,0,351,0,SCH0288,Govt. Primary School Central-288,0
TCH03386,Vikas Bansal,58,Physical Education,8,5,4,0,0,486,0,SCH0239,Govt. Senior Secondary School Central-239,1
TCH03387,Vikas Jain,58,Biology,1,1,1,1,0,326,1,SCH0045,Govt. Senior Secondary School New-45,1
TCH03388,Kavita Jain,36,Science,10,1,2,0,0,408,0,SCH0046,Govt. Senior Secondary School Ajmer-46,0
TCH03389,Anita Patel,56,Physics,5,5,1,1,1,384,0,SCH0094,Govt. Middle School Gurgaon-94,1
TCH03390,Priya Malhotra,50,English,22,8,3,1,0,385,0,SCH0303,Govt. Middle School Central-303,1
TCH03391,Rajesh Yadav,33,Computer Science,5,5,3,0,0,225,0,SCH0404,Govt. High School Central-404,1
TCH03392,Savita Gupta,55,Physical Education,22,18,1,1,0,450,0,SCH0192,Govt. High School Faridabad-192,1
TCH03393,Geeta Joshi,26,Sanskrit,1,1,1,0,0,295,0,SCH0483,Govt. Middle School Central-483,0
TCH03394,Sanjay Kaur,28,Art,5,3,0,1,0,103,0,SCH0349,Govt. High School Faridabad-349,0
TCH03395,Deepak Joshi,28,Mathematics,1,1,0,1,0,362,1,SCH0378,Govt. High School Udaipur-378,1
TCH03396,Vinod Patel,36,Social Science,6,5,1,1,0,257,0,SCH0195,Govt. High School South-195,1
TCH03397,Vikas Pandey,60,Chemistry,16,14,6,0,0,110,1,SCH0072,Govt. Middle School Udaipur-72,1
TCH03398,Sanjay Tiwari,56,Hindi,32,9,10,0,0,398,0,SCH0116,Govt. Middle School East-116,1
TCH03399,Vinod Tiwari,53,Physical Education,18,12,6,0,0,181,0,SCH0091,Govt. High School South-91,1
TCH03400,Mahesh Gupta,34,Biology,6,3,5,0,0,334,1,SCH0226,Govt. Senior Secondary School Kanpur-226,1
TCH03401,Anita Dubey,59,Physics,17,4,5,0,0,291,0,SCH0182,Govt. Senior Secondary School Varanasi-182,1
TCH03402,Kamla Chauhan,55,Sanskrit,14,2,5,0,0,342,0,SCH0396,Govt. Primary School Kota-396,1
TCH03403,Arun Verma,26,Sanskrit,3,3,2,0,0,332,0,SCH0324,Govt. Middle School Central-324,0
TCH03404,Naresh Kumar,52,History,8,8,6,0,0,172,1,SCH0300,Govt. Primary School Central-300,1
TCH03405,Nita Bhat,61,Chemistry,2,1,1,0,0,260,0,SCH0292,Govt. High School Jodhpur-292,0
TCH03406,Vinod Yadav,51,Physics,22,3,6,1,0,318,0,SCH0178,Govt. Middle School Kota-178,1
TCH03407,Harish Menon,33,Sanskrit,8,1,4,1,0,254,1,SCH0359,Govt. Primary School Lucknow-359,1
TCH03408,Seema Gupta,36,History,2,1,0,1,0,490,0,SCH0381,Govt. High School Jodhpur-381,1
TCH03409,Nita Tiwari,25,Hindi,1,1,0,1,0,13,1,SCH0396,Govt. Primary School Kota-396,0
TCH03410,Mahesh Verma,47,Science,6,2,5,0,0,73,1,SCH0240,Govt. Senior Secondary School New-240,0
TCH03411,Pooja Rao,32,English,5,2,1,0,0,382,0,SCH0265,Govt. Middle School Gurgaon-265,0
TCH03412,Anita Pandey,39,Physics,8,4,5,1,1,82,0,SCH0240,Govt. Senior Secondary School New-240,1
TCH03413,Naresh Naidu,51,Geography,12,12,5,1,1,48,0,SCH0289,Govt. Middle School Central-289,1
TCH03414,Amit Pandey,51,Physical Education,27,11,3,1,0,172,0,SCH0462,Govt. Primary School Noida-462,1
TCH03415,Dinesh Garg,26,Mathematics,3,1,3,0,0,247,0,SCH0054,Govt. High School West-54,0
TCH03416,Pankaj Rao,60,Physics,21,17,10,1,0,132,1,SCH0082,Govt. Primary School West-82,1
TCH03417,Suresh Patel,48,Physics,1,1,0,1,0,310,0,SCH0173,Govt. High School Gurgaon-173,1
TCH03418,Arun Chauhan,50,History,25,4,8,0,0,12,0,SCH0157,Govt. Senior Secondary School Jodhpur-157,0
TCH03419,Priya Chauhan,44,Art,9,7,8,0,0,372,0,SCH0096,Govt. Senior Secondary School Kanpur-96,1
TCH03420,Savita Pillai,39,Geography,1,1,1,0,0,78,0,SCH0316,Govt. Senior Secondary School South-316,0
TCH03421,Radha Kaur,60,Chemistry,20,2,5,0,0,388,0,SCH0356,Govt. Senior Secondary School South-356,1
TCH03422,Geeta Tiwari,33,Physical Education,5,5,4,0,0,394,0,SCH0243,Govt. Middle School Kanpur-243,1
TCH03423,Ajay Pandey,29,Biology,5,3,0,0,0,91,1,SCH0192,Govt. High School Faridabad-192,0
TCH03424,Lakshmi Joshi,47,Mathematics,14,6,2,0,0,204,0,SCH0348,Govt. Primary School Udaipur-348,1
TCH03425,Ramesh Malhotra,57,History,23,9,0,0,0,15,0,SCH0498,Govt. Primary School Gurgaon-498,0
TCH03426,Pankaj Chaudhary,57,Art,3,3,0,1,0,298,0,SCH0056,Govt. Senior Secondary School South-56,1
TCH03427,Vikas Shukla,52,Geography,18,2,6,1,0,460,0,SCH0138,Govt. Middle School Bikaner-138,1
TCH03428,Arun Nair,30,English,5,2,5,0,0,119,0,SCH0015,Govt. Primary School Noida-15,0
TCH03429,Rekha Mittal,25,Geography,2,1,2,1,0,256,1,SCH0473,Govt. High School Central-473,1
TCH03430,Kamla Yadav,51,Geography,17,6,3,0,0,75,0,SCH0495,Govt. Senior Secondary School Faridabad-495,1
TCH03431,Deepak Kumar,25,Computer Science,1,1,1,0,0,381,0,SCH0385,Govt. Senior Secondary School Noida-385,0
TCH03432,Sunita Gupta,61,Social Science,9,4,4,0,0,315,0,SCH0171,Govt. Middle School Ajmer-171,0
TCH03433,Meena Aggarwal,58,Physics,30,10,3,0,0,319,0,SCH0406,Govt. High School Gurgaon-406,1
TCH03434,Lakshmi Patel,49,Biology,26,10,11,0,0,20,1,SCH0235,Govt. Senior Secondary School Faridabad-235,1
TCH03435,Meena Yadav,41,English,3,3,1,1,0,467,0,SCH0001,Govt. Senior Secondary School West-1,1
TCH03436,Rekha Gupta,47,English,24,8,11,0,0,423,0,SCH0155,Govt. Primary School Gurgaon-155,1
TCH03437,Nita Chaudhary,24,Science,1,1,1,0,0,52,1,SCH0121,Govt. Middle School Ajmer-121,0
TCH03438,Geeta Kumar,32,Computer Science,9,1,6,0,0,105,1,SCH0371,Govt. Primary School Ghaziabad-371,0
TCH03439,Shanti Sharma,39,Biology,6,3,2,1,0,494,0,SCH0285,Govt. Middle School Kanpur-285,1
TCH03440,Dinesh Singh,39,Biology,14,8,7,1,0,180,0,SCH0082,Govt. Primary School West-82,1
TCH03441,Lakshmi Bhat,57,Hindi,21,12,0,0,0,133,0,SCH0282,Govt. Middle School East-282,0
TCH03442,Mukesh Naidu,27,Chemistry,1,1,0,0,0,342,1,SCH0468,Govt. Primary School South-468,0
TCH03443,Savita Bhat,60,Hindi,7,6,4,0,0,177,0,SCH0426,Govt. High School Jodhpur-426,0
TCH03444,Suresh Shukla,58,English,11,10,0,1,0,492,0,SCH0391,Govt. Primary School West-391,1
TCH03445,Deepak Shukla,33,Art,4,1,4,1,0,224,0,SCH0163,Govt. Senior Secondary School West-163,1
TCH03446,Vinod Bansal,55,Computer Science,12,3,3,0,1,203,1,SCH0168,Govt. High School Kota-168,1
TCH03447,Radha Iyer,25,Chemistry,1,1,0,0,0,402,0,SCH0374,Govt. Senior Secondary School Bikaner-374,0
TCH03448,Vikram Dubey,54,Biology,1,1,0,1,0,56,0,SCH0274,Govt. High School Agra-274,0
TCH03449,Anita Sharma,39,Hindi,11,6,10,0,0,490,0,SCH0343,Govt. Senior Secondary School Central-343,1
TCH03450,Ajay Patel,49,Art,9,9,0,1,0,259,0,SCH0454,Govt. Primary School Faridabad-454,1
TCH03451,Shanti Dubey,41,Physics,9,5,2,0,0,92,0,SCH0121,Govt. Middle School Ajmer-121,0
TCH03452,Rajesh Iyer,27,Geography,1,1,0,0,1,250,0,SCH0257,Govt. Middle School West-257,1
TCH03453,Lakshmi Jain,24,Science,1,1,0,0,0,299,0,SCH0385,Govt. Senior Secondary School Noida-385,0
TCH03454,Ramesh Kumar,28,Biology,5,3,1,1,0,465,0,SCH0331,Govt. Senior Secondary School Jodhpur-331,1
TCH03455,Amit Yadav,49,Social Science,8,2,2,0,1,414,1,SCH0097,Govt. Primary School Central-97,1
TCH03456,Anita Pandey,39,Chemistry,12,4,2,0,0,300,0,SCH0223,Govt. Middle School Gurgaon-223,0
TCH03457,Pooja Chaudhary,38,English,13,8,10,0,0,173,0,SCH0335,Govt. Primary School Noida-335,1
TCH03458,Rekha Shukla,47,Computer Science,9,7,5,1,0,247,1,SCH0146,Govt. Middle School Central-146,1
TCH03459,Mukesh Verma,40,Social Science,5,5,2,0,0,130,0,SCH0421,Govt. Middle School Jaipur-421,0
TCH03460,Pankaj Patel,61,English,2,2,1,1,0,104,0,SCH0491,Govt. Senior Secondary School Central-491,0
TCH03461,Kamla Bansal,53,Science,25,15,13,0,0,407,1,SCH0204,Govt. Middle School Agra-204,1
TCH03462,Anita Dubey,60,Computer Science,2,1,2,1,0,238,0,SCH0239,Govt. Senior Secondary School Central-239,1
TCH03463,Suresh Reddy,53,Sanskrit,15,8,2,0,0,150,0,SCH0376,Govt. Middle School Udaipur-376,0
TCH03464,Rajesh Patel,52,Physics,6,3,6,0,0,455,0,SCH0208,Govt. Middle School Ghaziabad-208,0
TCH03465,Vikas Nair,45,Chemistry,4,1,1,0,0,89,0,SCH0066,Govt. Middle School Kanpur-66,0
TCH03466,Savita Sharma,57,Biology,15,8,2,0,0,54,0,SCH0352,Govt. Middle School Varanasi-352,0
TCH03467,Lakshmi Chaudhary,35,Art,3,3,0,0,0,210,0,SCH0335,Govt. Primary School Noida-335,0
TCH03468,Rekha Chaudhary,51,Social Science,23,5,3,1,0,166,0,SCH0028,Govt. High School Varanasi-28,1
TCH03469,Kavita Iyer,43,Art,20,11,1,0,0,270,0,SCH0380,Govt. Primary School Agra-380,1
TCH03470,Yogesh Nair,54,Physics,29,16,8,1,0,475,0,SCH0411,Govt. Middle School New-411,1
TCH03471,Mukesh Bhat,52,Physics,5,4,0,1,0,293,1,SCH0400,Govt. Senior Secondary School Jodhpur-400,1
TCH03472,Sunil Dubey,25,Science,1,1,1,1,0,217,1,SCH0433,Govt. High School Jodhpur-433,1
TCH03473,Pooja Chaudhary,31,History,4,1,1,0,0,250,1,SCH0403,Govt. High School Varanasi-403,0
TCH03474,Naresh Garg,30,Computer Science,5,2,3,0,0,138,0,SCH0389,Govt. Middle School Gurgaon-389,0
TCH03475,Meena Sharma,44,Physics,10,1,0,0,0,145,0,SCH0041,Govt. Primary School Faridabad-41,0
TCH03476,Anita Tiwari,31,Hindi,2,1,0,0,0,39,0,SCH0486,Govt. Senior Secondary School East-486,0
TCH03477,Saroj Kaur,59,Sanskrit,2,1,1,0,0,498,0,SCH0264,Govt. Primary School Udaipur-264,0
TCH03478,Radha Verma,48,Biology,18,17,9,1,0,310,0,SCH0233,Govt. Primary School Jodhpur-233,1
TCH03479,Amit Singh,34,Sanskrit,8,8,8,0,0,214,0,SCH0145,Govt. Primary School Bikaner-145,1
TCH03480,Savita Dubey,59,Mathematics,17,13,4,0,0,113,0,SCH0251,Govt. Primary School New-251,1
TCH03481,Ajay Naidu,42,Physics,16,1,4,0,0,363,0,SCH0456,Govt. Senior Secondary School Ghaziabad-456,1
TCH03482,Radha Pandey,56,Computer Science,18,18,5,0,0,398,1,SCH0130,Govt. High School East-130,1
TCH03483,Priya Menon,57,Social Science,4,3,2,0,0,331,1,SCH0152,Govt. Middle School Agra-152,0
TCH03484,Vinod Dubey,56,Chemistry,28,11,13,0,0,183,1,SCH0092,Govt. Primary School Kanpur-92,1
TCH03485,Yogesh Pandey,41,Social Science,6,5,0,1,0,476,0,SCH0009,Govt. Middle School Gurgaon-9,1
TCH03486,Amit Iyer,28,Science,3,1,1,0,0,417,1,SCH0326,Govt. Middle School Varanasi-326,0
TCH03487,Amit Menon,33,Physical Education,10,10,2,1,0,215,0,SCH0183,Govt. Senior Secondary School Jodhpur-183,1
TCH03488,Geeta Patel,35,Science,3,1,1,1,0,123,0,SCH0203,Govt. Primary School Kanpur-203,0
TCH03489,Suresh Kumar,27,Physical Education,3,3,0,0,0,352,0,SCH0274,Govt. High School Agra-274,0
TCH03490,Pushpa Chaudhary,40,Social Science,15,8,6,0,0,50,0,SCH0075,Govt. Middle School Varanasi-75,1
TCH03491,Savita Bhat,58,Geography,26,12,14,1,0,402,1,SCH0177,Govt. Senior Secondary School Agra-177,1
TCH03492,Kamla Pillai,38,Biology,3,3,1,0,0,297,0,SCH0125,Govt. Primary School Jodhpur-125,0
TCH03493,Vikram Pandey,57,Physics,19,3,3,1,0,274,1,SCH0021,Govt. Middle School Faridabad-21,1
TCH03494,Meena Iyer,61,Physical Education,3,1,2,0,0,38,0,SCH0020,Govt. Senior Secondary School Kota-20,0
TCH03495,Suresh Shukla,36,History,4,2,2,0,0,103,0,SCH0327,Govt. High School Faridabad-327,0
TCH03496,Anita Pandey,59,Computer Science,21,6,0,1,0,234,0,SCH0372,Govt. High School Lucknow-372,1
TCH03497,Rekha Chaudhary,32,Chemistry,1,1,1,1,0,287,1,SCH0384,Govt. Middle School Jaipur-384,1
TCH03498,Pooja Kaur,48,Social Science,11,3,7,1,0,276,0,SCH0012,Govt. High School East-12,1
TCH03499,Anita Bansal,52,Chemistry,19,15,11,1,0,22,0,SCH0370,Govt. High School Kanpur-370,1
TCH03500,Kavita Aggarwal,51,Hindi,28,13,12,0,1,169,0,SCH0495,Govt. Senior Secondary School Faridabad-495,1
TCH03501,Mahesh Joshi,57,Geography,3,2,3,1,0,35,0,SCH0293,Govt. High School Jaipur-293,1
TCH03502,Sunil Garg,56,Art,12,9,6,0,0,347,1,SCH0264,Govt. Primary School Udaipur-264,1
TCH03503,Sunita Dubey,28,Geography,1,1,0,0,0,417,0,SCH0125,Govt. Primary School Jodhpur-125,0
TCH03504,Nita Malhotra,29,Chemistry,3,1,2,0,0,96,0,SCH0243,Govt. Middle School Kanpur-243,0
TCH03505,Pooja Tiwari,50,History,6,2,2,0,0,366,0,SCH0141,Govt. Senior Secondary School Jodhpur-141,0
TCH03506,Amit Iyer,49,Chemistry,20,6,2,0,0,445,1,SCH0344,Govt. Middle School Ghaziabad-344,1
TCH03507,Pooja Naidu,40,Social Science,10,3,7,1,0,49,1,SCH0466,Govt. Senior Secondary School Jodhpur-466,1
TCH03508,Rajesh Chaudhary,53,Hindi,4,1,2,0,0,103,1,SCH0140,Govt. Primary School Udaipur-140,0
TCH03509,Pankaj Naidu,47,English,14,9,9,0,1,161,0,SCH0010,Govt. Primary School West-10,1
TCH03510,Seema Chauhan,51,Geography,19,1,3,0,0,105,1,SCH0141,Govt. Senior Secondary School Jodhpur-141,0
TCH03511,Ashok Singh,37,Hindi,8,2,1,1,0,134,1,SCH0405,Govt. Middle School Lucknow-405,0
TCH03512,Priya Bhat,26,Physics,1,1,0,0,0,411,0,SCH0116,Govt. Middle School East-116,0
TCH03513,Vikram Iyer,33,Social Science,7,7,2,1,0,217,0,SCH0114,Govt. Middle School Bikaner-114,1
TCH03514,Ajay Bansal,53,Biology,8,2,6,1,0,266,0,SCH0373,Govt. Senior Secondary School Varanasi-373,1
TCH03515,Pankaj Reddy,36,Geography,8,1,7,0,0,72,1,SCH0302,Govt. Senior Secondary School Ghaziabad-302,0
TCH03516,Sunil Shukla,52,Biology,9,1,7,0,0,332,0,SCH0169,Govt. Middle School Ajmer-169,0
TCH03517,Devika Sharma,48,Physics,18,16,7,0,0,359,0,SCH0477,Govt. Senior Secondary School Agra-477,1
TCH03518,Ashok Dubey,51,Sanskrit,26,9,1,1,1,241,0,SCH0175,Govt. Middle School Ghaziabad-175,1
TCH03519,Meena Chauhan,61,Sanskrit,15,12,3,0,0,47,0,SCH0228,Govt. Senior Secondary School Kanpur-228,1
TCH03520,Pushpa Yadav,35,History,7,6,2,0,0,339,0,SCH0381,Govt. High School Jodhpur-381,0
TCH03521,Arun Naidu,24,Chemistry,1,1,0,1,0,149,0,SCH0358,Govt. Primary School Central-358,0
TCH03522,Lakshmi Verma,42,Computer Science,10,3,0,0,0,322,1,SCH0131,Govt. Senior Secondary School New-131,0
TCH03523,Vikas Gupta,38,Computer Science,1,1,1,1,0,383,1,SCH0437,Govt. Primary School Varanasi-437,1
TCH03524,Devika Dubey,61,Science,4,1,3,0,1,370,1,SCH0250,Govt. High School Kanpur-250,1
TCH03525,Kamla Dubey,35,Social Science,9,7,3,1,0,187,1,SCH0107,Govt. Middle School Varanasi-107,1
TCH03526,Ashok Chauhan,61,Computer Science,16,10,4,1,0,101,0,SCH0150,Govt. Primary School Jodhpur-150,1
TCH03527,Priya Kumar,48,Geography,25,1,14,0,0,68,0,SCH0240,Govt. Senior Secondary School New-240,0
TCH03528,Arun Iyer,39,Physics,6,2,2,1,0,3,0,SCH0300,Govt. Primary School Central-300,0
TCH03529,Radha Chaudhary,54,Art,9,5,3,0,0,211,1,SCH0290,Govt. High School North-290,1
TCH03530,Vinod Menon,49,Physical Education,17,15,3,0,1,443,0,SCH0012,Govt. High School East-12,1
TCH03531,Geeta Shukla,46,History,12,7,8,1,0,238,0,SCH0252,Govt. Primary School Gurgaon-252,1
TCH03532,Naresh Iyer,32,Sanskrit,4,3,2,0,0,97,0,SCH0068,Govt. Senior Secondary School South-68,0
TCH03533,Suresh Shukla,58,Hindi,9,7,5,0,0,87,0,SCH0064,Govt. High School Jodhpur-64,0
TCH03534,Kavita Pillai,39,Social Science,10,7,8,0,0,406,0,SCH0109,Govt. High School Jaipur-109,1
TCH03535,Arun Malhotra,59,Art,31,11,11,1,0,485,0,SCH0092,Govt. Primary School Kanpur-92,1
TCH03536,Lakshmi Menon,46,Chemistry,22,3,10,0,0,119,0,SCH0377,Govt. Middle School Agra-377,0
TCH03537,Nita Chaudhary,35,Geography,10,3,8,1,0,279,0,SCH0181,Govt. Middle School Kota-181,1
TCH03538,Ashok Malhotra,24,Physics,1,1,0,0,0,300,1,SCH0143,Govt. Senior Secondary School Kota-143,0
TCH03539,Suresh Naidu,55,Computer Science,18,13,13,0,1,480,0,SCH0323,Govt. Middle School Central-323,1
TCH03540,Ashok Nair,61,History,32,3,5,0,0,3,0,SCH0492,Govt. High School Lucknow-492,0
TCH03541,Lakshmi Mishra,60,Sanskrit,24,6,9,0,0,7,1,SCH0273,Govt. Middle School West-273,1
TCH03542,Pushpa Malhotra,45,Biology,20,1,8,0,1,66,0,SCH0207,Govt. Middle School Varanasi-207,1
TCH03543,Yogesh Patel,55,Sanskrit,23,19,14,0,0,342,1,SCH0147,Govt. High School Gurgaon-147,1
TCH03544,Lakshmi Joshi,60,Mathematics,1,1,0,0,0,80,0,SCH0091,Govt. High School South-91,0
TCH03545,Usha Malhotra,49,Biology,13,6,5,1,0,224,0,SCH0273,Govt. Middle School West-273,1
TCH03546,Pooja Naidu,35,Science,9,2,4,0,0,404,0,SCH0336,Govt. Senior Secondary School Ghaziabad-336,0
TCH03547,Anita Reddy,56,Chemistry,11,6,6,0,0,420,0,SCH0197,Govt. Middle School Udaipur-197,1
TCH03548,Pankaj Chaudhary,36,Hindi,12,1,12,1,0,118,1,SCH0499,Govt. Senior Secondary School East-499,1
TCH03549,Priya Iyer,27,Hindi,1,1,1,0,0,129,1,SCH0326,Govt. Middle School Varanasi-326,0
TCH03550,Saroj Iyer,31,History,3,3,2,0,0,24,0,SCH0071,Govt. Middle School Bikaner-71,0
TCH03551,Ajay Pillai,40,Physical Education,1,1,0,0,0,491,1,SCH0042,Govt. High School Jodhpur-42,0
TCH03552,Priya Pandey,53,Geography,13,11,12,0,0,458,1,SCH0210,Govt. Middle School West-210,1
TCH03553,Arun Pillai,26,Computer Science,2,2,0,1,0,211,0,SCH0128,Govt. High School Bikaner-128,1
TCH03554,Anita Dubey,39,Mathematics,14,4,7,0,0,281,1,SCH0242,Govt. Senior Secondary School Agra-242,1
TCH03555,Ajay Mittal,28,Art,4,2,4,1,0,420,0,SCH0381,Govt. High School Jodhpur-381,1
TCH03556,Naresh Menon,41,History,15,4,11,0,0,160,0,SCH0335,Govt. Primary School Noida-335,0
TCH03557,Sanjay Garg,42,English,19,10,5,0,0,216,1,SCH0443,Govt. High School Udaipur-443,1
TCH03558,Shanti Kaur,58,Sanskrit,6,6,4,1,0,444,0,SCH0235,Govt. Senior Secondary School Faridabad-235,1
TCH03559,Pooja Rao,26,Physical Education,1,1,0,0,0,272,1,SCH0123,Govt. Middle School Central-123,0
TCH03560,Sanjay Pandey,45,English,14,11,11,1,0,499,0,SCH0472,Govt. Middle School Ghaziabad-472,1
TCH03561,Vikram Mittal,53,Mathematics,6,5,3,0,0,370,0,SCH0151,Govt. High School Kanpur-151,1
TCH03562,Vikas Chauhan,60,Biology,25,9,3,0,0,214,1,SCH0106,Govt. Middle School West-106,1
TCH03563,Ajay Chauhan,32,Hindi,7,3,6,1,0,195,1,SCH0126,Govt. Senior Secondary School West-126,1
TCH03564,Pooja Chauhan,29,History,3,2,0,0,0,55,0,SCH0408,Govt. High School North-408,0
TCH03565,Kavita Aggarwal,51,Geography,12,5,5,1,1,425,0,SCH0329,Govt. Senior Secondary School South-329,1
TCH03566,Usha Garg,30,English,7,3,4,0,0,198,0,SCH0429,Govt. Middle School Central-429,0
TCH03567,Savita Kaur,25,Science,2,1,1,0,1,182,1,SCH0126,Govt. Senior Secondary School West-126,0
TCH03568,Amit Naidu,29,Computer Science,2,2,1,0,0,61,0,SCH0004,Govt. Middle School Jaipur-4,0
TCH03569,Kamla Rao,37,Sanskrit,14,13,7,0,0,127,0,SCH0209,Govt. High School Noida-209,1
TCH03570,Vikram Aggarwal,51,Chemistry,26,19,10,0,0,112,1,SCH0198,Govt. Senior Secondary School Varanasi-198,1
TCH03571,Mahesh Mittal,42,Physical Education,17,13,14,0,0,162,0,SCH0491,Govt. Senior Secondary School Central-491,1
TCH03572,Kavita Bhat,26,Art,1,1,1,0,0,307,0,SCH0276,Govt. High School South-276,0
TCH03573,Sunil Bhat,28,Mathematics,3,2,2,0,0,488,0,SCH0311,Govt. High School Jaipur-311,0
TCH03574,Mukesh Bansal,25,Physical Education,2,2,0,1,0,441,0,SCH0225,Govt. Primary School Agra-225,1
TCH03575,Vinod Aggarwal,38,Chemistry,6,4,6,0,0,296,1,SCH0031,Govt. Senior Secondary School East-31,1
TCH03576,Amit Dubey,35,Chemistry,7,5,0,1,0,136,0,SCH0425,Govt. High School Gurgaon-425,1
TCH03577,Harish Reddy,31,Computer Science,7,5,4,0,0,89,0,SCH0367,Govt. Primary School Ghaziabad-367,0
TCH03578,Radha Aggarwal,58,Science,4,3,4,0,0,318,0,SCH0226,Govt. Senior Secondary School Kanpur-226,0
TCH03579,Meena Garg,36,Social Science,12,6,12,0,0,34,0,SCH0054,Govt. High School West-54,1
TCH03580,Anita Malhotra,50,Art,14,14,11,1,0,307,0,SCH0389,Govt. Middle School Gurgaon-389,1
TCH03581,Arun Dubey,58,Chemistry,21,1,11,1,0,81,0,SCH0058,Govt. Senior Secondary School Central-58,1
TCH03582,Usha Kumar,38,Hindi,15,10,0,0,1,412,0,SCH0337,Govt. Senior Secondary School Ghaziabad-337,1
TCH03583,Mukesh Yadav,46,Social Science,6,1,2,1,0,0,0,SCH0408,Govt. High School North-408,0
TCH03584,Usha Reddy,34,Physical Education,2,1,2,0,0,199,0,SCH0050,Govt. Senior Secondary School Ajmer-50,0
TCH03585,Savita Mittal,53,Physical Education,29,8,11,1,0,90,0,SCH0038,Govt. Senior Secondary School Kota-38,1
TCH03586,Geeta Malhotra,46,Social Science,23,10,9,0,0,102,0,SCH0252,Govt. Primary School Gurgaon-252,1
TCH03587,Vinod Bhat,58,Biology,16,12,12,1,0,107,0,SCH0176,Govt. Middle School Udaipur-176,1
TCH03588,Yogesh Bhat,44,Social Science,3,2,2,0,0,193,1,SCH0170,Govt. Primary School Kanpur-170,0
TCH03589,Seema Iyer,32,Mathematics,1,1,1,1,0,85,1,SCH0291,Govt. Primary School Faridabad-291,0
TCH03590,Deepak Kumar,46,History,19,9,3,0,0,14,1,SCH0390,Govt. Middle School Lucknow-390,1
TCH03591,Priya Mishra,47,Physics,17,8,13,1,0,174,1,SCH0148,Govt. High School East-148,1
TCH03592,Shanti Bhat,44,Social Science,9,6,0,0,0,498,0,SCH0289,Govt. Middle School Central-289,0
TCH03593,Arun Pillai,61,Computer Science,31,15,1,0,0,193,0,SCH0158,Govt. Primary School West-158,0
TCH03594,Mukesh Bhat,41,Biology,7,5,0,1,0,321,0,SCH0157,Govt. Senior Secondary School Jodhpur-157,1
TCH03595,Vinod Kumar,31,Physical Education,5,4,5,0,0,335,1,SCH0345,Govt. High School Ajmer-345,1
TCH03596,Deepak Kumar,58,Geography,32,3,5,1,0,310,0,SCH0413,Govt. High School Ajmer-413,1
TCH03597,Naresh Tiwari,51,Computer Science,15,1,10,1,0,337,0,SCH0150,Govt. Primary School Jodhpur-150,1
TCH03598,Priya Garg,27,Hindi,1,1,0,0,0,64,0,SCH0117,Govt. Middle School Ghaziabad-117,0
TCH03599,Rekha Kumar,51,Geography,26,5,10,0,0,472,1,SCH0299,Govt. Primary School Jaipur-299,1
TCH03600,Mahesh Dubey,59,Physical Education,20,16,11,0,1,103,0,SCH0007,Govt. Primary School South-7,1
TCH03601,Kamla Shukla,33,Biology,9,8,5,0,0,409,1,SCH0261,Govt. Middle School West-261,1
TCH03602,Arun Dubey,36,Computer Science,4,3,0,0,0,224,0,SCH0317,Govt. Middle School Jodhpur-317,0
TCH03603,Anita Garg,24,History,1,1,0,0,0,319,0,SCH0080,Govt. Primary School Jaipur-80,0
TCH03604,Kamla Dubey,45,Chemistry,14,14,2,0,0,101,0,SCH0161,Govt. Middle School Kanpur-161,0
TCH03605,Pushpa Reddy,30,English,5,2,1,1,0,59,1,SCH0444,Govt. Senior Secondary School Varanasi-444,0
TCH03606,Kamla Rao,31,English,2,1,2,0,0,96,0,SCH0446,Govt. Middle School Jodhpur-446,0
TCH03607,Naresh Sharma,35,Computer Science,11,4,1,0,1,475,0,SCH0248,Govt. High School Central-248,1
TCH03608,Vikram Pandey,35,Hindi,8,1,2,0,0,285,0,SCH0485,Govt. Senior Secondary School New-485,0
TCH03609,Nita Mishra,39,English,5,3,3,0,0,7,0,SCH0159,Govt. High School North-159,0
TCH03610,Ajay Malhotra,32,Physical Education,8,5,2,0,0,67,0,SCH0143,Govt. Senior Secondary School Kota-143,0
TCH03611,Kavita Reddy,26,Hindi,2,1,2,0,1,385,1,SCH0405,Govt. Middle School Lucknow-405,1
TCH03612,Pushpa Chauhan,44,Geography,3,3,1,0,0,398,0,SCH0183,Govt. Senior Secondary School Jodhpur-183,0
TCH03613,Rajesh Bansal,59,Physical Education,14,2,12,0,0,242,0,SCH0468,Govt. Primary School South-468,1
TCH03614,Kamla Mittal,43,Hindi,2,1,0,0,0,263,0,SCH0434,Govt. High School West-434,0
TCH03615,Sanjay Dubey,31,Computer Science,1,1,0,1,0,460,0,SCH0380,Govt. Primary School Agra-380,1
TCH03616,Lakshmi Reddy,33,Science,8,2,5,0,1,143,0,SCH0017,Govt. Primary School Udaipur-17,0
TCH03617,Usha Nair,55,Science,26,5,3,0,0,489,0,SCH0488,Govt. Senior Secondary School Agra-488,1
TCH03618,Devika Menon,48,Sanskrit,8,4,5,0,0,498,0,SCH0139,Govt. Senior Secondary School Ajmer-139,0
TCH03619,Sunil Garg,40,Science,13,1,0,0,0,194,0,SCH0380,Govt. Primary School Agra-380,0
TCH03620,Sunita Chauhan,30,Geography,6,5,2,1,0,414,0,SCH0497,Govt. High School Ghaziabad-497,1
TCH03621,Geeta Mishra,50,Social Science,27,1,8,0,0,456,0,SCH0268,Govt. Middle School North-268,1
TCH03622,Pooja Bhat,37,Computer Science,14,8,12,0,0,90,0,SCH0409,Govt. Senior Secondary School Agra-409,1
TCH03623,Geeta Mishra,49,Physical Education,6,3,1,0,0,173,1,SCH0440,Govt. High School Lucknow-440,0
TCH03624,Savita Patel,32,Mathematics,7,6,4,1,0,72,0,SCH0368,Govt. Middle School Varanasi-368,1
TCH03625,Seema Menon,27,Social Science,1,1,0,1,0,210,0,SCH0312,Govt. Primary School Kanpur-312,1
TCH03626,Sanjay Kaur,28,Sanskrit,3,3,0,0,0,382,0,SCH0047,Govt. Middle School Agra-47,0
TCH03627,Vikram Mittal,49,English,10,6,6,0,0,22,0,SCH0470,Govt. High School Bikaner-470,1
TCH03628,Rekha Verma,52,Hindi,25,6,13,0,0,10,0,SCH0268,Govt. Middle School North-268,1
TCH03629,Geeta Pillai,48,Art,19,18,9,0,0,98,0,SCH0117,Govt. Middle School Ghaziabad-117,1
TCH03630,Mukesh Chauhan,49,Science,24,1,0,0,0,193,1,SCH0298,Govt. Senior Secondary School Varanasi-298,0
TCH03631,Sunita Pandey,33,Art,9,5,4,1,0,44,0,SCH0275,Govt. Primary School East-275,1
TCH03632,Vikram Yadav,47,Biology,1,1,0,1,0,95,0,SCH0325,Govt. Primary School Udaipur-325,0
TCH03633,Yogesh Gupta,48,Biology,25,18,13,0,1,95,0,SCH0060,Govt. High School Noida-60,1
TCH03634,Suresh Menon,34,Geography,3,1,3,0,0,230,0,SCH0102,Govt. High School Gurgaon-102,0
TCH03635,Ajay Rao,40,Social Science,11,4,3,1,0,5,1,SCH0111,Govt. Senior Secondary School Gurgaon-111,1
TCH03636,Rajesh Pillai,31,Chemistry,8,7,1,1,0,224,0,SCH0292,Govt. High School Jodhpur-292,1
TCH03637,Kavita Kaur,61,Biology,28,19,4,0,1,367,1,SCH0441,Govt. Senior Secondary School Varanasi-441,1
TCH03638,Sanjay Pillai,39,Art,12,6,2,0,0,23,0,SCH0399,Govt. High School North-399,0
TCH03639,Saroj Malhotra,52,Biology,21,16,9,1,0,366,1,SCH0326,Govt. Middle School Varanasi-326,1
TCH03640,Mahesh Malhotra,61,Chemistry,22,5,12,1,0,474,1,SCH0001,Govt. Senior Secondary School West-1,1
TCH03641,Seema Rao,53,Computer Science,6,1,3,0,0,281,0,SCH0308,Govt. Primary School Varanasi-308,0
TCH03642,Usha Nair,32,Biology,4,4,1,1,0,441,0,SCH0091,Govt. High School South-91,1
TCH03643,Vinod Reddy,35,Social Science,9,7,2,0,1,442,0,SCH0264,Govt. Primary School Udaipur-264,1
TCH03644,Sunil Mishra,59,Physics,18,8,0,1,0,25,1,SCH0136,Govt. Middle School Ghaziabad-136,1
TCH03645,Devika Nair,43,Social Science,2,2,2,0,0,34,1,SCH0141,Govt. Senior Secondary School Jodhpur-141,0
TCH03646,Yogesh Singh,24,Art,1,1,1,0,1,446,0,SCH0321,Govt. Primary School West-321,1
TCH03647,Pooja Rao,36,Mathematics,13,2,13,1,0,172,0,SCH0485,Govt. Senior Secondary School New-485,1
TCH03648,Harish Rao,52,Biology,2,2,2,0,0,213,1,SCH0164,Govt. Senior Secondary School Agra-164,0
TCH03649,Pooja Gupta,34,Art,11,1,2,1,0,63,0,SCH0084,Govt. Primary School West-84,0
TCH03650,Rekha Singh,50,Sanskrit,14,10,8,0,0,108,0,SCH0222,Govt. High School Varanasi-222,1
TCH03651,Usha Reddy,37,Computer Science,10,2,3,1,1,452,1,SCH0227,Govt. Senior Secondary School Lucknow-227,1
TCH03652,Pooja Yadav,36,Art,12,5,4,1,0,156,0,SCH0276,Govt. High School South-276,1
TCH03653,Ramesh Yadav,50,Social Science,2,1,0,0,0,319,0,SCH0056,Govt. Senior Secondary School South-56,0
TCH03654,Rekha Pandey,50,Art,26,13,11,1,0,114,0,SCH0257,Govt. Middle School West-257,1
TCH03655,Mukesh Singh,28,Computer Science,5,4,1,0,0,169,0,SCH0272,Govt. Middle School East-272,0
TCH03656,Saroj Yadav,49,Geography,18,16,6,1,0,43,0,SCH0154,Govt. Middle School Lucknow-154,1
TCH03657,Meena Pandey,52,English,4,3,2,0,0,340,1,SCH0345,Govt. High School Ajmer-345,0
TCH03658,Lakshmi Aggarwal,28,English,5,3,5,1,0,341,0,SCH0099,Govt. Senior Secondary School Faridabad-99,1
TCH03659,Arun Iyer,27,Computer Science,1,1,0,1,0,47,0,SCH0437,Govt. Primary School Varanasi-437,0
TCH03660,Ashok Nair,27,Biology,3,3,0,0,0,91,0,SCH0081,Govt. High School Gurgaon-81,0
TCH03661,Ajay Aggarwal,48,Chemistry,3,2,1,1,0,134,1,SCH0335,Govt. Primary School Noida-335,0
TCH03662,Seema Mishra,50,Social Science,10,9,7,0,0,314,0,SCH0400,Govt. Senior Secondary School Jodhpur-400,1
TCH03663,Rekha Dubey,42,English,7,4,5,0,0,200,1,SCH0242,Govt. Senior Secondary School Agra-242,0
TCH03664,Usha Kaur,47,Physics,10,4,0,0,0,26,0,SCH0157,Govt. Senior Secondary School Jodhpur-157,0
TCH03665,Ashok Chauhan,32,Social Science,3,3,1,0,0,444,0,SCH0425,Govt. High School Gurgaon-425,0
TCH03666,Vikas Shukla,59,Art,18,17,5,1,0,169,1,SCH0218,Govt. Primary School Lucknow-218,1
TCH03667,Rajesh Malhotra,61,Chemistry,31,19,12,0,0,357,0,SCH0214,Govt. High School East-214,1
TCH03668,Pankaj Dubey,31,Computer Science,7,4,1,0,0,486,0,SCH0029,Govt. Primary School Lucknow-29,0
TCH03669,Deepak Chauhan,49,Art,7,7,6,1,0,88,1,SCH0413,Govt. High School Ajmer-413,1
TCH03670,Priya Bansal,47,Physical Education,22,11,2,0,0,463,0,SCH0141,Govt. Senior Secondary School Jodhpur-141,1
TCH03671,Nita Naidu,40,Physical Education,17,3,10,1,0,255,0,SCH0104,Govt. High School West-104,1
TCH03672,Vinod Bansal,59,Physics,2,1,1,0,0,433,1,SCH0132,Govt. High School South-132,0
TCH03673,Ashok Chaudhary,55,Art,1,1,0,0,1,119,0,SCH0013,Govt. High School Kota-13,0
TCH03674,Ashok Menon,24,History,1,1,0,0,0,184,0,SCH0196,Govt. Middle School Jaipur-196,0
TCH03675,Sanjay Aggarwal,56,Hindi,16,14,5,0,0,13,1,SCH0379,Govt. Primary School New-379,1
TCH03676,Harish Chauhan,44,Sanskrit,2,2,1,0,0,377,0,SCH0317,Govt. Middle School Jodhpur-317,0
TCH03677,Suresh Gupta,41,Hindi,9,9,2,1,0,451,0,SCH0141,Govt. Senior Secondary School Jodhpur-141,1
TCH03678,Ashok Kaur,39,Biology,15,10,5,1,0,262,1,SCH0083,Govt. Primary School Udaipur-83,1
TCH03679,Anita Rao,33,Mathematics,9,6,7,0,0,398,0,SCH0483,Govt. Middle School Central-483,1
TCH03680,Naresh Bhat,41,Physical Education,5,1,3,1,0,87,1,SCH0400,Govt. Senior Secondary School Jodhpur-400,1
TCH03681,Geeta Tiwari,33,Geography,6,6,4,1,0,376,0,SCH0250,Govt. High School Kanpur-250,1
TCH03682,Naresh Verma,38,Science,3,1,3,1,0,400,0,SCH0301,Govt. High School New-301,1
TCH03683,Usha Tiwari,45,History,9,6,9,1,0,455,0,SCH0029,Govt. Primary School Lucknow-29,1
TCH03684,Yogesh Jain,51,Social Science,22,17,8,1,0,459,0,SCH0190,Govt. High School Gurgaon-190,1
TCH03685,Mukesh Kumar,46,Physical Education,23,18,10,1,0,209,0,SCH0057,Govt. Primary School New-57,1
TCH03686,Ashok Malhotra,35,Physical Education,6,4,1,0,0,352,0,SCH0038,Govt. Senior Secondary School Kota-38,0
TCH03687,Meena Garg,57,English,23,8,2,0,1,412,1,SCH0212,Govt. Middle School Ghaziabad-212,1
TCH03688,Rekha Pillai,57,Hindi,25,17,10,0,0,317,0,SCH0302,Govt. Senior Secondary School Ghaziabad-302,1
TCH03689,Anita Chauhan,30,Hindi,7,6,5,1,0,23,0,SCH0288,Govt. Primary School Central-288,1
TCH03690,Vikas Menon,59,Art,15,1,2,0,0,207,1,SCH0168,Govt. High School Kota-168,0
TCH03691,Mahesh Menon,35,History,8,1,1,0,1,326,1,SCH0339,Govt. Middle School Kota-339,1
TCH03692,Vinod Bhat,59,Mathematics,24,15,10,0,0,400,0,SCH0419,Govt. Primary School Central-419,1
TCH03693,Vikram Garg,44,Art,8,7,5,0,0,27,1,SCH0072,Govt. Middle School Udaipur-72,1
TCH03694,Ashok Garg,41,Physics,5,4,4,1,1,205,0,SCH0359,Govt. Primary School Lucknow-359,1
TCH03695,Yogesh Kaur,34,Hindi,3,2,3,1,0,93,1,SCH0464,Govt. Middle School Gurgaon-464,1
TCH03696,Ashok Chauhan,35,Hindi,10,5,4,0,0,28,0,SCH0095,Govt. Primary School New-95,1
TCH03697,Shanti Pandey,35,Hindi,10,9,2,0,0,409,0,SCH0236,Govt. Senior Secondary School Jaipur-236,1
TCH03698,Mahesh Tiwari,33,Geography,6,3,3,1,0,486,0,SCH0347,Govt. Senior Secondary School Ghaziabad-347,1
TCH03699,Priya Kumar,39,Science,14,4,14,0,0,226,0,SCH0383,Govt. Middle School Gurgaon-383,1
TCH03700,Pankaj Chaudhary,36,Chemistry,13,11,7,1,1,28,0,SCH0329,Govt. Senior Secondary School South-329,1
TCH03701,Pushpa Aggarwal,57,Mathematics,30,14,8,0,0,433,0,SCH0413,Govt. High School Ajmer-413,1
TCH03702,Kamla Verma,49,History,18,13,10,0,1,220,0,SCH0426,Govt. High School Jodhpur-426,1
TCH03703,Priya Pillai,39,Chemistry,1,1,0,1,0,479,0,SCH0192,Govt. High School Faridabad-192,1
TCH03704,Harish Garg,58,Art,29,11,5,1,0,196,0,SCH0017,Govt. Primary School Udaipur-17,1
TCH03705,Sunil Rao,42,Social Science,17,3,14,0,0,252,1,SCH0168,Govt. High School Kota-168,1
TCH03706,Usha Reddy,40,Science,5,5,1,1,0,352,1,SCH0295,Govt. Middle School New-295,1
TCH03707,Vikram Pillai,34,Science,11,9,7,0,0,444,0,SCH0377,Govt. Middle School Agra-377,1
TCH03708,Devika Malhotra,49,Science,2,2,0,1,0,262,0,SCH0499,Govt. Senior Secondary School East-499,1
TCH03709,Arun Aggarwal,25,History,2,2,1,0,1,216,0,SCH0273,Govt. Middle School West-273,1
TCH03710,Anita Pillai,60,Biology,6,2,5,1,0,231,0,SCH0434,Govt. High School West-434,1
TCH03711,Sanjay Malhotra,44,Science,11,10,9,0,0,269,0,SCH0313,Govt. Middle School Ajmer-313,1
TCH03712,Radha Bansal,54,Social Science,18,16,7,0,1,238,0,SCH0393,Govt. Primary School Ajmer-393,1
TCH03713,Yogesh Mittal,38,Physical Education,9,7,9,1,0,15,0,SCH0239,Govt. Senior Secondary School Central-239,1
TCH03714,Usha Gupta,24,English,1,1,0,1,0,395,0,SCH0078,Govt. Middle School Gurgaon-78,1
TCH03715,Vikas Pandey,25,Biology,1,1,1,0,0,385,0,SCH0332,Govt. Primary School Agra-332,0
TCH03716,Radha Mittal,61,Mathematics,3,2,3,1,0,243,0,SCH0271,Govt. Middle School Lucknow-271,1
TCH03717,Vikas Joshi,40,Mathematics,3,2,0,0,0,30,0,SCH0206,Govt. High School Lucknow-206,0
TCH03718,Naresh Sharma,39,Mathematics,1,1,1,0,0,192,1,SCH0320,Govt. Primary School Udaipur-320,0
TCH03719,Ashok Chaudhary,60,English,24,15,13,1,1,421,1,SCH0116,Govt. Middle School East-116,1
TCH03720,Ramesh Pillai,53,Computer Science,4,3,3,0,0,270,0,SCH0133,Govt. High School East-133,0
TCH03721,Ashok Menon,41,Biology,6,2,0,1,0,155,0,SCH0394,Govt. High School Kanpur-394,0
TCH03722,Sanjay Malhotra,28,Sanskrit,4,4,0,0,0,134,1,SCH0335,Govt. Primary School Noida-335,0
TCH03723,Dinesh Mittal,46,Physical Education,2,2,0,0,0,217,1,SCH0295,Govt. Middle School New-295,0
TCH03724,Vikas Kumar,29,Hindi,5,2,2,1,1,168,1,SCH0445,Govt. Middle School Central-445,1
TCH03725,Meena Yadav,56,Social Science,19,3,0,0,0,166,1,SCH0396,Govt. Primary School Kota-396,0
TCH03726,Suresh Sharma,34,History,6,1,6,0,0,308,1,SCH0093,Govt. Primary School Kanpur-93,1
TCH03727,Amit Malhotra,28,English,2,1,0,0,0,439,1,SCH0309,Govt. Middle School Agra-309,0
TCH03728,Dinesh Gupta,47,Physics,18,15,4,1,0,448,0,SCH0277,Govt. Primary School Udaipur-277,1
TCH03729,Ashok Jain,28,Hindi,4,2,0,0,0,298,0,SCH0446,Govt. Middle School Jodhpur-446,0
TCH03730,Nita Yadav,44,Social Science,10,5,9,0,1,422,1,SCH0337,Govt. Senior Secondary School Ghaziabad-337,1
TCH03731,Radha Tiwari,29,Hindi,2,1,1,0,0,88,1,SCH0084,Govt. Primary School West-84,0
TCH03732,Nita Malhotra,36,Physics,11,7,10,0,0,232,1,SCH0480,Govt. Middle School Jodhpur-480,1
TCH03733,Deepak Mittal,55,Biology,27,10,2,0,0,55,0,SCH0014,Govt. Middle School South-14,0
TCH03734,Naresh Sharma,55,Biology,6,4,6,0,0,239,0,SCH0064,Govt. High School Jodhpur-64,0
TCH03735,Nita Shukla,40,Mathematics,4,2,4,1,0,324,1,SCH0445,Govt. Middle School Central-445,1
TCH03736,Yogesh Shukla,53,Hindi,1,1,1,1,0,177,0,SCH0229,Govt. High School Agra-229,0
TCH03737,Naresh Pillai,53,Sanskrit,17,8,14,0,0,160,0,SCH0106,Govt. Middle School West-106,1
TCH03738,Anita Patel,56,History,9,8,4,0,0,239,0,SCH0064,Govt. High School Jodhpur-64,1
TCH03739,Anita Kaur,54,History,31,14,12,0,0,25,1,SCH0468,Govt. Primary School South-468,1
TCH03740,Arun Malhotra,32,Hindi,3,2,2,1,0,193,0,SCH0063,Govt. High School Faridabad-63,0
TCH03741,Pushpa Kaur,60,Geography,34,7,2,0,1,171,0,SCH0062,Govt. High School North-62,1
TCH03742,Ashok Chaudhary,49,Hindi,22,13,14,1,0,93,0,SCH0184,Govt. Primary School Central-184,1
TCH03743,Anita Aggarwal,32,History,6,3,2,1,0,388,0,SCH0108,Govt. Senior Secondary School Agra-108,1
TCH03744,Mukesh Tiwari,34,History,9,7,0,0,0,191,1,SCH0185,Govt. High School Ajmer-185,0
TCH03745,Savita Sharma,40,Mathematics,12,10,8,0,0,49,0,SCH0058,Govt. Senior Secondary School Central-58,1
TCH03746,Pankaj Shukla,47,Sanskrit,19,13,7,0,0,184,0,SCH0195,Govt. High School South-195,1
TCH03747,Dinesh Dubey,61,Social Science,8,2,0,0,0,339,1,SCH0052,Govt. Middle School Lucknow-52,0
TCH03748,Vikram Chaudhary,48,Sanskrit,25,6,13,0,0,401,1,SCH0429,Govt. Middle School Central-429,1
TCH03749,Rekha Mishra,42,Physical Education,5,4,1,0,0,181,0,SCH0334,Govt. Middle School Faridabad-334,0
TCH03750,Naresh Mittal,27,Biology,4,2,3,1,0,167,0,SCH0044,Govt. High School Udaipur-44,1
TCH03751,Seema Kaur,36,Computer Science,8,7,0,0,0,417,0,SCH0009,Govt. Middle School Gurgaon-9,0
TCH03752,Ashok Verma,48,English,25,14,13,1,0,421,0,SCH0460,Govt. High School Ghaziabad-460,1
TCH03753,Geeta Patel,57,Geography,25,4,12,1,0,94,0,SCH0434,Govt. High School West-434,1
TCH03754,Deepak Nair,54,English,10,3,4,1,0,499,0,SCH0005,Govt. Primary School New-5,1
TCH03755,Mukesh Malhotra,51,Mathematics,4,4,4,0,0,131,0,SCH0072,Govt. Middle School Udaipur-72,0
TCH03756,Ajay Aggarwal,49,Hindi,21,16,3,0,1,356,1,SCH0032,Govt. High School Jodhpur-32,1
TCH03757,Vinod Dubey,46,Geography,3,2,0,0,0,490,0,SCH0444,Govt. Senior Secondary School Varanasi-444,0
TCH03758,Arun Chaudhary,49,English,23,14,13,0,0,248,0,SCH0213,Govt. Senior Secondary School Kanpur-213,1
TCH03759,Kamla Kumar,51,Physical Education,21,17,5,0,0,37,1,SCH0090,Govt. Senior Secondary School Noida-90,1
TCH03760,Pooja Dubey,32,Science,3,1,3,0,0,375,0,SCH0415,Govt. Middle School East-415,0
TCH03761,Arun Sharma,60,Biology,11,5,7,0,1,409,0,SCH0403,Govt. High School Varanasi-403,1
TCH03762,Rekha Shukla,40,Computer Science,12,4,10,1,0,203,0,SCH0105,Govt. Primary School Ajmer-105,1
TCH03763,Mahesh Iyer,25,Physics,2,2,0,0,0,159,0,SCH0192,Govt. High School Faridabad-192,0
TCH03764,Priya Pandey,41,Mathematics,13,6,2,1,0,329,1,SCH0015,Govt. Primary School Noida-15,1
TCH03765,Mukesh Verma,60,Physical Education,11,8,0,0,0,188,0,SCH0456,Govt. Senior Secondary School Ghaziabad-456,0
TCH03766,Meena Jain,51,Chemistry,4,1,1,0,0,27,0,SCH0447,Govt. Middle School East-447,0
TCH03767,Sunil Shukla,54,Art,11,5,6,0,0,422,0,SCH0024,Govt. Middle School Central-24,1
TCH03768,Kamla Patel,32,English,7,6,3,0,0,294,0,SCH0307,Govt. Middle School Kanpur-307,1
TCH03769,Rajesh Dubey,30,Hindi,4,4,3,0,0,34,0,SCH0052,Govt. Middle School Lucknow-52,0
TCH03770,Pankaj Gupta,36,Science,7,4,4,1,0,299,0,SCH0048,Govt. Middle School Gurgaon-48,1
TCH03771,Mukesh Chauhan,46,Chemistry,23,8,12,1,0,169,0,SCH0496,Govt. Middle School Bikaner-496,1
TCH03772,Sunil Chauhan,52,English,2,1,1,1,0,391,0,SCH0439,Govt. Senior Secondary School Kota-439,1
TCH03773,Ajay Aggarwal,61,Computer Science,32,13,2,0,1,118,0,SCH0439,Govt. Senior Secondary School Kota-439,1
TCH03774,Rekha Rao,39,Biology,4,3,1,0,0,327,0,SCH0001,Govt. Senior Secondary School West-1,0
TCH03775,Mahesh Kumar,33,Physics,1,1,0,0,0,66,0,SCH0461,Govt. Middle School South-461,0
TCH03776,Sunil Dubey,31,Geography,7,5,1,0,0,34,0,SCH0337,Govt. Senior Secondary School Ghaziabad-337,0
TCH03777,Suresh Rao,47,Biology,23,9,13,1,0,199,1,SCH0343,Govt. Senior Secondary School Central-343,1
TCH03778,Vikas Yadav,51,English,12,3,7,1,0,81,0,SCH0384,Govt. Middle School Jaipur-384,1
TCH03779,Harish Kumar,42,Art,16,11,9,0,0,175,0,SCH0113,Govt. High School Jodhpur-113,1
TCH03780,Meena Mishra,48,Computer Science,7,6,0,0,0,110,0,SCH0483,Govt. Middle School Central-483,0
TCH03781,Suresh Bhat,60,Chemistry,25,13,2,1,1,235,1,SCH0043,Govt. Senior Secondary School Ajmer-43,1
TCH03782,Saroj Singh,27,Hindi,4,4,3,0,0,479,0,SCH0145,Govt. Primary School Bikaner-145,0
TCH03783,Mahesh Patel,41,Physical Education,5,2,2,0,0,423,0,SCH0116,Govt. Middle School East-116,0
TCH03784,Rekha Pandey,46,Physical Education,11,9,2,1,0,23,0,SCH0338,Govt. Primary School Faridabad-338,1
TCH03785,Savita Naidu,60,Geography,30,11,6,0,0,248,1,SCH0499,Govt. Senior Secondary School East-499,1
TCH03786,Kamla Pillai,26,Social Science,1,1,1,1,0,328,0,SCH0267,Govt. Senior Secondary School Bikaner-267,1
TCH03787,Deepak Pandey,24,Chemistry,1,1,1,1,1,293,0,SCH0390,Govt. Middle School Lucknow-390,1
TCH03788,Meena Pillai,46,Physical Education,18,5,10,0,0,26,1,SCH0192,Govt. High School Faridabad-192,1
TCH03789,Amit Kaur,30,Art,2,2,2,0,0,226,0,SCH0479,Govt. Middle School Agra-479,0
TCH03790,Sunita Aggarwal,27,Hindi,2,1,2,1,0,110,0,SCH0198,Govt. Senior Secondary School Varanasi-198,0
TCH03791,Rajesh Kumar,35,Computer Science,8,6,5,1,0,336,0,SCH0094,Govt. Middle School Gurgaon-94,1
TCH03792,Geeta Patel,55,Chemistry,31,1,14,0,1,233,0,SCH0018,Govt. High School West-18,1
TCH03793,Rajesh Pillai,39,Biology,12,9,2,0,0,124,0,SCH0166,Govt. Primary School Bikaner-166,0
TCH03794,Dinesh Yadav,28,Computer Science,2,1,0,0,0,37,0,SCH0248,Govt. High School Central-248,0
TCH03795,Vikas Shukla,42,Biology,5,5,3,0,0,342,0,SCH0446,Govt. Middle School Jodhpur-446,1
TCH03796,Savita Iyer,46,Social Science,14,2,12,1,0,305,0,SCH0110,Govt. Primary School Bikaner-110,1
TCH03797,Yogesh Singh,36,Physical Education,6,3,6,0,0,445,0,SCH0280,Govt. Middle School Udaipur-280,0
TCH03798,Harish Jain,38,Physics,13,2,5,1,0,390,1,SCH0144,Govt. Senior Secondary School Kanpur-144,1
TCH03799,Pooja Tiwari,52,Physics,5,3,4,1,0,209,0,SCH0173,Govt. High School Gurgaon-173,1
TCH03800,Pushpa Malhotra,33,History,7,4,7,0,0,458,0,SCH0414,Govt. Senior Secondary School Central-414,0
TCH03801,Suresh Naidu,61,Sanskrit,13,6,9,0,0,152,0,SCH0234,Govt. High School Agra-234,1
TCH03802,Kamla Tiwari,52,Science,4,2,1,0,0,380,0,SCH0176,Govt. Middle School Udaipur-176,0
TCH03803,Shanti Chaudhary,32,Computer Science,3,1,3,1,0,407,0,SCH0401,Govt. Senior Secondary School Varanasi-401,1
TCH03804,Sunil Kumar,59,Science,9,7,3,1,0,248,0,SCH0014,Govt. Middle School South-14,1
TCH03805,Savita Bansal,38,Science,13,1,12,0,0,451,0,SCH0117,Govt. Middle School Ghaziabad-117,1
TCH03806,Devika Bhat,41,Social Science,16,8,5,0,0,242,1,SCH0062,Govt. High School North-62,1
TCH03807,Dinesh Joshi,44,Biology,6,3,5,1,0,151,0,SCH0065,Govt. High School Ghaziabad-65,1
TCH03808,Devika Gupta,53,Sanskrit,22,12,11,0,0,249,0,SCH0224,Govt. Primary School South-224,1
TCH03809,Harish Patel,56,Chemistry,21,4,8,0,0,211,0,SCH0498,Govt. Primary School Gurgaon-498,1
TCH03810,Harish Yadav,51,English,10,8,3,0,0,55,0,SCH0420,Govt. Senior Secondary School Lucknow-420,1
TCH03811,Ramesh Malhotra,58,Mathematics,29,5,2,0,0,104,1,SCH0431,Govt. High School Bikaner-431,0
TCH03812,Dinesh Nair,39,Geography,3,2,2,0,0,74,0,SCH0102,Govt. High School Gurgaon-102,0
TCH03813,Meena Pillai,52,Sanskrit,22,10,10,0,0,273,0,SCH0400,Govt. Senior Secondary School Jodhpur-400,1
TCH03814,Kamla Verma,44,Art,16,4,0,1,0,423,0,SCH0272,Govt. Middle School East-272,1
TCH03815,Shanti Menon,52,Hindi,8,3,7,0,1,214,1,SCH0273,Govt. Middle School West-273,1
TCH03816,Kamla Patel,60,Physics,11,7,2,1,0,114,0,SCH0356,Govt. Senior Secondary School South-356,1
TCH03817,Suresh Naidu,44,English,15,3,13,1,0,317,0,SCH0082,Govt. Primary School West-82,1
TCH03818,Saroj Mishra,45,Sanskrit,14,12,12,0,0,190,0,SCH0326,Govt. Middle School Varanasi-326,1
TCH03819,Meena Menon,47,Geography,6,3,4,0,0,303,0,SCH0477,Govt. Senior Secondary School Agra-477,0
TCH03820,Sanjay Tiwari,60,Mathematics,15,7,7,0,0,134,1,SCH0218,Govt. Primary School Lucknow-218,1
TCH03821,Lakshmi Joshi,51,Chemistry,2,2,1,0,0,311,0,SCH0492,Govt. High School Lucknow-492,0
TCH03822,Kamla Chaudhary,39,Biology,14,1,1,0,1,355,0,SCH0462,Govt. Primary School Noida-462,1
TCH03823,Ashok Kumar,36,Physical Education,5,5,2,1,0,305,0,SCH0240,Govt. Senior Secondary School New-240,1
TCH03824,Rekha Sharma,60,Science,20,3,2,1,0,145,1,SCH0481,Govt. Senior Secondary School Jaipur-481,1
TCH03825,Devika Naidu,52,Social Science,7,3,3,0,0,237,1,SCH0129,Govt. Senior Secondary School Ghaziabad-129,1
TCH03826,Saroj Iyer,39,Science,6,1,5,1,0,41,0,SCH0107,Govt. Middle School Varanasi-107,1
TCH03827,Pankaj Kumar,45,English,15,11,12,0,0,129,1,SCH0031,Govt. Senior Secondary School East-31,1
TCH03828,Arun Malhotra,34,Art,9,3,3,1,0,81,0,SCH0247,Govt. High School New-247,1
TCH03829,Geeta Shukla,27,Art,4,3,2,1,0,117,1,SCH0500,Govt. Middle School Varanasi-500,0
TCH03830,Pankaj Shukla,40,Geography,10,8,4,0,0,469,1,SCH0082,Govt. Primary School West-82,1
TCH03831,Geeta Bansal,25,Physics,2,1,0,1,0,106,0,SCH0100,Govt. Senior Secondary School Gurgaon-100,0
TCH03832,Ramesh Tiwari,30,English,4,1,1,0,0,352,1,SCH0037,Govt. High School Jaipur-37,0
TCH03833,Lakshmi Singh,34,Physical Education,4,1,1,1,0,295,0,SCH0458,Govt. Primary School Udaipur-458,1
TCH03834,Anita Naidu,59,English,31,10,11,0,0,348,0,SCH0379,Govt. Primary School New-379,1
TCH03835,Yogesh Kumar,25,Computer Science,2,2,2,1,1,460,0,SCH0106,Govt. Middle School West-106,1
TCH03836,Ashok Sharma,41,Computer Science,1,1,1,0,0,240,1,SCH0142,Govt. Middle School New-142,0
TCH03837,Kamla Joshi,56,History,15,13,1,0,0,360,0,SCH0061,Govt. Primary School Kota-61,1
TCH03838,Ajay Rao,43,Hindi,9,4,4,0,0,140,0,SCH0053,Govt. Senior Secondary School Ghaziabad-53,0
TCH03839,Yogesh Joshi,43,Sanskrit,2,2,1,0,0,232,0,SCH0339,Govt. Middle School Kota-339,0
TCH03840,Sunil Kaur,58,Geography,24,8,4,1,0,204,0,SCH0064,Govt. High School Jodhpur-64,1
TCH03841,Meena Gupta,48,Art,17,12,10,1,0,80,0,SCH0233,Govt. Primary School Jodhpur-233,1
TCH03842,Usha Mittal,39,Social Science,15,4,3,0,0,62,1,SCH0467,Govt. High School Jaipur-467,0
TCH03843,Amit Shukla,50,Sanskrit,4,1,1,1,0,487,1,SCH0487,Govt. High School East-487,1
TCH03844,Mahesh Singh,49,Computer Science,19,7,1,1,0,318,0,SCH0457,Govt. Senior Secondary School Ghaziabad-457,1
TCH03845,Radha Pillai,53,English,10,7,7,1,0,8,1,SCH0239,Govt. Senior Secondary School Central-239,1
TCH03846,Pushpa Malhotra,52,Social Science,3,2,1,0,0,3,0,SCH0449,Govt. High School Gurgaon-449,0
TCH03847,Kamla Singh,58,Science,13,1,4,0,0,380,0,SCH0116,Govt. Middle School East-116,1
TCH03848,Ajay Iyer,41,Sanskrit,14,8,10,0,0,136,1,SCH0375,Govt. Primary School South-375,1
TCH03849,Geeta Garg,25,Sanskrit,2,1,1,0,0,236,1,SCH0186,Govt. Senior Secondary School Faridabad-186,0
TCH03850,Pushpa Bansal,45,Physical Education,7,6,6,0,0,257,0,SCH0341,Govt. High School Gurgaon-341,1
TCH03851,Radha Chaudhary,45,Mathematics,19,6,14,0,0,461,0,SCH0494,Govt. Primary School West-494,1
TCH03852,Suresh Garg,29,Art,4,2,2,1,0,39,0,SCH0327,Govt. High School Faridabad-327,0
TCH03853,Seema Mittal,25,Social Science,2,2,1,0,0,149,0,SCH0144,Govt. Senior Secondary School Kanpur-144,0
TCH03854,Harish Pandey,36,Chemistry,12,2,11,0,1,52,0,SCH0328,Govt. Primary School New-328,1
TCH03855,Mahesh Dubey,30,Science,6,6,4,1,0,282,1,SCH0342,Govt. Primary School Agra-342,1
TCH03856,Suresh Bhat,46,Art,13,5,11,0,0,43,0,SCH0007,Govt. Primary School South-7,1
TCH03857,Geeta Pillai,50,Biology,15,9,14,1,1,202,0,SCH0249,Govt. Senior Secondary School West-249,1
TCH03858,Anita Chaudhary,46,Computer Science,12,2,10,0,0,340,0,SCH0114,Govt. Middle School Bikaner-114,1
TCH03859,Suresh Malhotra,44,Sanskrit,18,14,4,1,0,373,1,SCH0137,Govt. Primary School Faridabad-137,1
TCH03860,Pushpa Menon,25,Geography,2,2,1,1,0,383,1,SCH0363,Govt. Primary School Central-363,1
TCH03861,Vikas Shukla,56,Geography,33,14,10,0,0,203,0,SCH0429,Govt. Middle School Central-429,1
TCH03862,Naresh Verma,35,Geography,10,8,10,1,0,173,0,SCH0266,Govt. Primary School Varanasi-266,1
TCH03863,Anita Bansal,50,Art,8,5,7,0,0,6,0,SCH0056,Govt. Senior Secondary School South-56,0
TCH03864,Suresh Pillai,54,Science,4,3,3,0,0,459,0,SCH0330,Govt. High School Varanasi-330,0
TCH03865,Geeta Dubey,26,Geography,2,1,2,0,0,323,1,SCH0061,Govt. Primary School Kota-61,0
TCH03866,Ajay Chaudhary,61,Sanskrit,33,6,7,0,0,309,0,SCH0345,Govt. High School Ajmer-345,1
TCH03867,Amit Dubey,57,Computer Science,7,2,4,1,0,64,0,SCH0202,Govt. High School West-202,1
TCH03868,Yogesh Garg,25,Biology,2,1,2,0,0,477,1,SCH0404,Govt. High School Central-404,0
TCH03869,Kamla Verma,43,Chemistry,5,3,4,0,1,287,0,SCH0294,Govt. Middle School East-294,1
TCH03870,Radha Naidu,54,Mathematics,15,10,7,0,1,90,0,SCH0417,Govt. Primary School New-417,1
TCH03871,Vikas Patel,33,Mathematics,9,3,8,0,0,187,0,SCH0111,Govt. Senior Secondary School Gurgaon-111,0
TCH03872,Usha Singh,50,Social Science,23,3,12,1,0,42,0,SCH0323,Govt. Middle School Central-323,1
TCH03873,Pankaj Aggarwal,26,Mathematics,2,1,1,0,0,42,1,SCH0472,Govt. Middle School Ghaziabad-472,0
TCH03874,Savita Garg,48,Social Science,10,3,10,1,0,407,1,SCH0374,Govt. Senior Secondary School Bikaner-374,1
TCH03875,Dinesh Dubey,37,Hindi,7,4,0,1,0,329,1,SCH0184,Govt. Primary School Central-184,1
TCH03876,Yogesh Aggarwal,50,Mathematics,16,1,4,0,0,466,0,SCH0142,Govt. Middle School New-142,1
TCH03877,Savita Bhat,47,Computer Science,11,1,6,0,0,287,1,SCH0167,Govt. Middle School Jaipur-167,1
TCH03878,Arun Yadav,58,History,18,3,6,0,0,116,1,SCH0135,Govt. Middle School Central-135,0
TCH03879,Devika Reddy,24,Physics,1,1,0,0,0,75,0,SCH0395,Govt. Primary School Jodhpur-395,0
TCH03880,Lakshmi Malhotra,44,Physics,3,1,3,0,0,223,1,SCH0380,Govt. Primary School Agra-380,1
TCH03881,Pooja Garg,61,Biology,14,2,10,0,1,53,1,SCH0400,Govt. Senior Secondary School Jodhpur-400,1
TCH03882,Anita Pandey,53,Physics,19,10,8,0,0,331,0,SCH0439,Govt. Senior Secondary School Kota-439,1
TCH03883,Sunil Kaur,61,Art,14,3,1,0,0,144,0,SCH0316,Govt. Senior Secondary School South-316,0
TCH03884,Ramesh Pandey,47,Sanskrit,2,2,2,1,0,370,0,SCH0429,Govt. Middle School Central-429,1
TCH03885,Suresh Jain,44,Physical Education,4,1,2,1,0,358,0,SCH0157,Govt. Senior Secondary School Jodhpur-157,1
TCH03886,Lakshmi Pandey,39,Geography,1,1,1,0,0,486,1,SCH0047,Govt. Middle School Agra-47,0
TCH03887,Pooja Malhotra,30,Chemistry,7,1,6,1,0,324,0,SCH0255,Govt. High School Varanasi-255,1
TCH03888,Mahesh Garg,30,Physical Education,6,6,6,0,0,285,1,SCH0104,Govt. High School West-104,1
TCH03889,Dinesh Pandey,49,Art,9,6,7,0,1,347,1,SCH0249,Govt. Senior Secondary School West-249,1
TCH03890,Shanti Malhotra,27,English,4,3,2,1,0,255,0,SCH0225,Govt. Primary School Agra-225,1
TCH03891,Arun Pandey,57,Mathematics,13,13,2,0,0,345,0,SCH0492,Govt. High School Lucknow-492,1
TCH03892,Sanjay Pillai,52,Social Science,20,6,2,1,0,149,0,SCH0058,Govt. Senior Secondary School Central-58,1
TCH03893,Harish Bhat,50,Computer Science,19,10,3,1,0,282,0,SCH0466,Govt. Senior Secondary School Jodhpur-466,1
TCH03894,Vinod Malhotra,40,History,10,6,0,0,1,336,0,SCH0287,Govt. Middle School Gurgaon-287,1
TCH03895,Pooja Shukla,49,Geography,19,2,3,1,0,35,1,SCH0276,Govt. High School South-276,1
TCH03896,Vikram Yadav,54,Science,7,4,7,1,0,12,1,SCH0357,Govt. Senior Secondary School Ghaziabad-357,1
TCH03897,Ajay Jain,52,Computer Science,12,9,0,0,0,488,0,SCH0047,Govt. Middle School Agra-47,1
TCH03898,Mahesh Kumar,39,Physical Education,12,12,11,1,0,498,0,SCH0208,Govt. Middle School Ghaziabad-208,1
TCH03899,Sunil Dubey,50,Chemistry,26,3,9,0,0,474,1,SCH0175,Govt. Middle School Ghaziabad-175,1
TCH03900,Naresh Singh,42,Sanskrit,6,4,0,0,1,28,1,SCH0069,Govt. Primary School West-69,0
TCH03901,Vinod Iyer,33,Geography,2,1,1,0,0,301,1,SCH0490,Govt. Middle School Lucknow-490,0
TCH03902,Anita Pandey,61,Hindi,15,14,7,0,0,485,0,SCH0498,Govt. Primary School Gurgaon-498,1
TCH03903,Amit Mishra,59,History,15,1,14,1,0,231,1,SCH0227,Govt. Senior Secondary School Lucknow-227,1
TCH03904,Seema Sharma,41,Biology,1,1,0,0,0,332,0,SCH0080,Govt. Primary School Jaipur-80,0
TCH03905,Ramesh Mishra,60,Hindi,5,5,2,0,0,270,1,SCH0115,Govt. High School Jodhpur-115,1
TCH03906,Nita Kumar,28,Mathematics,3,1,3,0,0,247,1,SCH0226,Govt. Senior Secondary School Kanpur-226,1
TCH03907,Geeta Sharma,26,Sanskrit,1,1,1,0,0,21,0,SCH0152,Govt. Middle School Agra-152,0
TCH03908,Mukesh Bansal,24,Biology,1,1,0,0,0,38,0,SCH0314,Govt. Primary School Udaipur-314,0
TCH03909,Devika Menon,26,Geography,2,2,0,0,0,435,0,SCH0213,Govt. Senior Secondary School Kanpur-213,0
TCH03910,Pankaj Patel,61,Sanskrit,21,9,4,0,1,268,0,SCH0099,Govt. Senior Secondary School Faridabad-99,1
TCH03911,Anita Shukla,42,Computer Science,19,6,6,1,0,402,1,SCH0266,Govt. Primary School Varanasi-266,1
TCH03912,Naresh Kaur,45,Social Science,19,16,12,1,1,354,0,SCH0295,Govt. Middle School New-295,1
TCH03913,Shanti Aggarwal,43,Art,5,3,1,0,0,398,1,SCH0362,Govt. High School West-362,0
TCH03914,Radha Dubey,38,Physics,1,1,0,1,0,179,0,SCH0135,Govt. Middle School Central-135,0
TCH03915,Geeta Pandey,49,History,7,5,5,1,0,265,0,SCH0461,Govt. Middle School South-461,1
TCH03916,Vikram Bhat,60,English,27,2,3,1,0,15,0,SCH0183,Govt. Senior Secondary School Jodhpur-183,1
TCH03917,Geeta Aggarwal,36,History,1,1,1,0,1,299,0,SCH0165,Govt. Primary School Gurgaon-165,1
TCH03918,Deepak Singh,38,Art,4,3,1,1,1,172,1,SCH0297,Govt. Middle School East-297,1
TCH03919,Mukesh Menon,32,Physics,1,1,0,0,0,450,0,SCH0260,Govt. High School Lucknow-260,0
TCH03920,Ajay Mishra,55,Physical Education,8,4,3,0,0,297,1,SCH0054,Govt. High School West-54,1
TCH03921,Devika Bansal,36,Hindi,8,7,5,0,0,499,1,SCH0179,Govt. Middle School North-179,1
TCH03922,Seema Pillai,48,Sanskrit,16,10,7,0,0,15,0,SCH0239,Govt. Senior Secondary School Central-239,1
TCH03923,Savita Iyer,57,Biology,30,15,9,0,0,183,1,SCH0028,Govt. High School Varanasi-28,1
TCH03924,Anita Chaudhary,45,Science,16,14,1,1,1,182,0,SCH0255,Govt. High School Varanasi-255,1
TCH03925,Arun Sharma,50,History,23,12,9,0,0,348,0,SCH0489,Govt. Senior Secondary School Kanpur-489,1
TCH03926,Devika Reddy,50,Mathematics,7,4,2,1,0,312,1,SCH0230,Govt. High School West-230,1
TCH03927,Dinesh Rao,52,Sanskrit,14,13,2,0,0,219,0,SCH0459,Govt. Primary School New-459,1
TCH03928,Meena Gupta,61,Computer Science,7,6,2,0,0,497,0,SCH0362,Govt. High School West-362,0
TCH03929,Vikram Kaur,27,Social Science,1,1,1,0,0,27,0,SCH0182,Govt. Senior Secondary School Varanasi-182,0
TCH03930,Mahesh Mittal,55,Physical Education,8,1,3,1,0,436,0,SCH0292,Govt. High School Jodhpur-292,1
TCH03931,Ajay Rao,33,Chemistry,5,3,0,0,1,317,0,SCH0015,Govt. Primary School Noida-15,1
TCH03932,Deepak Shukla,47,Hindi,14,7,10,1,0,386,0,SCH0361,Govt. High School South-361,1
TCH03933,Yogesh Joshi,55,History,20,4,0,0,1,301,0,SCH0339,Govt. Middle School Kota-339,1
TCH03934,Rekha Pandey,34,Hindi,10,6,0,0,0,153,0,SCH0357,Govt. Senior Secondary School Ghaziabad-357,0
TCH03935,Harish Chaudhary,34,English,9,5,5,1,0,154,0,SCH0292,Govt. High School Jodhpur-292,1
TCH03936,Sunil Naidu,54,Geography,1,1,0,0,0,475,0,SCH0393,Govt. Primary School Ajmer-393,0
TCH03937,Rajesh Iyer,41,Mathematics,5,5,2,0,0,388,0,SCH0162,Govt. Middle School Gurgaon-162,0
TCH03938,Dinesh Pillai,41,Science,3,2,2,1,0,382,0,SCH0365,Govt. Senior Secondary School Ajmer-365,1
TCH03939,Vikram Iyer,47,Science,10,6,3,0,0,498,1,SCH0397,Govt. Senior Secondary School Udaipur-397,1
TCH03940,Pankaj Kaur,28,English,3,1,3,0,0,154,0,SCH0272,Govt. Middle School East-272,0
TCH03941,Sanjay Mishra,26,Geography,1,1,0,1,1,486,0,SCH0376,Govt. Middle School Udaipur-376,1
TCH03942,Pooja Bansal,56,English,15,5,11,0,0,112,1,SCH0397,Govt. Senior Secondary School Udaipur-397,1
TCH03943,Pushpa Kaur,43,Science,19,1,3,0,0,388,0,SCH0016,Govt. Middle School Gurgaon-16,1
TCH03944,Anita Singh,53,Chemistry,7,6,3,1,0,226,0,SCH0170,Govt. Primary School Kanpur-170,1
TCH03945,Naresh Aggarwal,34,Chemistry,1,1,0,1,0,92,0,SCH0294,Govt. Middle School East-294,0
TCH03946,Mukesh Kumar,30,Sanskrit,5,5,5,0,1,283,0,SCH0196,Govt. Middle School Jaipur-196,1
TCH03947,Pooja Singh,40,Social Science,11,4,8,1,0,102,0,SCH0176,Govt. Middle School Udaipur-176,1
TCH03948,Pooja Bhat,58,Chemistry,3,2,3,1,0,82,0,SCH0182,Govt. Senior Secondary School Varanasi-182,1
TCH03949,Mahesh Rao,54,Science,5,5,4,0,0,210,0,SCH0451,Govt. Senior Secondary School Kanpur-451,1
TCH03950,Mahesh Shukla,49,Hindi,24,7,7,1,1,146,1,SCH0095,Govt. Primary School New-95,1
TCH03951,Dinesh Reddy,34,Computer Science,6,5,6,0,0,394,1,SCH0117,Govt. Middle School Ghaziabad-117,1
TCH03952,Usha Chauhan,50,Art,17,11,12,1,0,313,0,SCH0042,Govt. High School Jodhpur-42,1
TCH03953,Kamla Tiwari,54,Mathematics,11,9,9,1,0,129,0,SCH0049,Govt. Senior Secondary School Agra-49,1
TCH03954,Ajay Verma,59,History,14,5,0,1,0,5,0,SCH0451,Govt. Senior Secondary School Kanpur-451,1
TCH03955,Shanti Singh,46,English,19,10,1,0,0,281,0,SCH0031,Govt. Senior Secondary School East-31,1
TCH03956,Kamla Sharma,56,Mathematics,18,3,3,0,1,494,0,SCH0001,Govt. Senior Secondary School West-1,1
TCH03957,Naresh Joshi,24,Mathematics,1,1,0,0,0,433,1,SCH0168,Govt. High School Kota-168,0
TCH03958,Vikas Pillai,33,Physics,10,10,9,0,0,342,0,SCH0410,Govt. Senior Secondary School South-410,1
TCH03959,Vikram Patel,40,Hindi,6,3,0,1,0,56,1,SCH0440,Govt. High School Lucknow-440,0
TCH03960,Saroj Rao,47,English,3,2,2,1,1,302,0,SCH0326,Govt. Middle School Varanasi-326,1
TCH03961,Nita Dubey,58,Science,30,18,8,1,0,66,0,SCH0275,Govt. Primary School East-275,1
TCH03962,Meena Iyer,31,Physics,3,2,2,1,0,188,0,SCH0447,Govt. Middle School East-447,0
TCH03963,Pooja Mittal,31,Biology,2,1,0,1,1,433,1,SCH0294,Govt. Middle School East-294,1
TCH03964,Pooja Nair,35,English,7,5,6,1,0,251,1,SCH0362,Govt. High School West-362,1
TCH03965,Yogesh Sharma,57,Geography,10,7,9,0,0,216,0,SCH0417,Govt. Primary School New-417,1
TCH03966,Sunil Mittal,43,Art,7,3,6,1,0,97,0,SCH0020,Govt. Senior Secondary School Kota-20,1
TCH03967,Kavita Aggarwal,28,Social Science,3,1,0,0,0,133,0,SCH0482,Govt. Primary School Jaipur-482,0
TCH03968,Vinod Singh,32,Physics,6,2,4,0,0,84,0,SCH0479,Govt. Middle School Agra-479,0
TCH03969,Pooja Pillai,54,History,26,9,3,1,0,488,0,SCH0350,Govt. Middle School Jaipur-350,1
TCH03970,Suresh Rao,60,Hindi,5,2,5,0,0,326,0,SCH0086,Govt. High School Jaipur-86,0
TCH03971,Meena Iyer,38,Physics,8,5,2,1,0,179,0,SCH0309,Govt. Middle School Agra-309,1
TCH03972,Savita Jain,34,Computer Science,4,3,1,0,0,329,0,SCH0481,Govt. Senior Secondary School Jaipur-481,0
TCH03973,Naresh Aggarwal,41,Biology,12,3,6,1,0,451,0,SCH0281,Govt. Primary School East-281,1
TCH03974,Kavita Naidu,52,History,12,7,5,1,0,168,1,SCH0484,Govt. Middle School Lucknow-484,1
TCH03975,Usha Mishra,50,Physics,21,4,10,1,0,108,0,SCH0034,Govt. Middle School Varanasi-34,1
TCH03976,Geeta Bansal,48,Biology,9,5,9,0,0,377,1,SCH0073,Govt. High School Central-73,1
TCH03977,Lakshmi Verma,47,Physics,17,10,11,0,0,142,0,SCH0097,Govt. Primary School Central-97,1
TCH03978,Mukesh Aggarwal,40,Sanskrit,9,8,4,1,1,291,1,SCH0031,Govt. Senior Secondary School East-31,1
TCH03979,Anita Singh,48,Sanskrit,7,4,6,1,0,201,0,SCH0466,Govt. Senior Secondary School Jodhpur-466,1
TCH03980,Anita Naidu,37,Computer Science,13,5,7,0,0,225,1,SCH0267,Govt. Senior Secondary School Bikaner-267,1
TCH03981,Kamla Pillai,50,Geography,5,3,4,0,0,421,1,SCH0165,Govt. Primary School Gurgaon-165,1
TCH03982,Sunil Nair,38,Chemistry,7,1,7,1,0,478,0,SCH0360,Govt. Senior Secondary School Bikaner-360,1
TCH03983,Sunil Reddy,59,Hindi,26,12,1,0,0,72,1,SCH0388,Govt. Senior Secondary School Noida-388,0
TCH03984,Ashok Kumar,28,Biology,3,3,0,0,0,106,0,SCH0145,Govt. Primary School Bikaner-145,0
TCH03985,Sanjay Joshi,50,Computer Science,18,9,12,0,0,470,0,SCH0391,Govt. Primary School West-391,1
TCH03986,Lakshmi Chaudhary,38,Chemistry,1,1,0,0,0,10,0,SCH0219,Govt. Primary School Ajmer-219,0
TCH03987,Pushpa Sharma,54,Biology,27,14,2,0,0,349,0,SCH0043,Govt. Senior Secondary School Ajmer-43,1
TCH03988,Ashok Menon,42,Biology,16,13,10,0,0,112,0,SCH0054,Govt. High School West-54,1
TCH03989,Naresh Joshi,52,Biology,13,2,5,1,0,313,0,SCH0313,Govt. Middle School Ajmer-313,1
TCH03990,Vinod Malhotra,53,Computer Science,8,8,4,0,0,103,1,SCH0403,Govt. High School Varanasi-403,1
TCH03991,Sunita Nair,60,Sanskrit,32,14,0,0,0,21,0,SCH0358,Govt. Primary School Central-358,0
TCH03992,Sanjay Gupta,31,Social Science,3,3,3,1,0,159,1,SCH0022,Govt. Primary School New-22,1
TCH03993,Anita Kaur,55,Geography,20,11,4,1,1,26,0,SCH0457,Govt. Senior Secondary School Ghaziabad-457,1
TCH03994,Pooja Reddy,24,Physics,1,1,1,0,0,188,0,SCH0278,Govt. Senior Secondary School Lucknow-278,0
TCH03995,Sunita Menon,61,Mathematics,31,10,4,0,0,403,0,SCH0379,Govt. Primary School New-379,1
TCH03996,Rekha Shukla,40,Hindi,4,4,4,1,0,195,1,SCH0025,Govt. Middle School North-25,1
TCH03997,Sunil Verma,37,Sanskrit,4,4,2,0,0,374,0,SCH0181,Govt. Middle School Kota-181,0
TCH03998,Radha Kaur,38,History,4,4,1,1,0,54,0,SCH0423,Govt. Senior Secondary School Lucknow-423,0
TCH03999,Pooja Nair,58,Physics,34,4,1,0,0,340,0,SCH0269,Govt. Middle School East-269,0
TCH04000,Amit Jain,40,Hindi,6,6,4,0,0,456,1,SCH0349,Govt. High School Faridabad-349,1
TCH04001,Savita Patel,40,Hindi,2,2,2,1,0,54,0,SCH0051,Govt. Middle School Udaipur-51,0
TCH04002,Ashok Gupta,45,Physical Education,6,2,6,0,0,235,0,SCH0365,Govt. Senior Secondary School Ajmer-365,0
TCH04003,Pushpa Yadav,28,Geography,5,4,0,0,0,403,1,SCH0105,Govt. Primary School Ajmer-105,0
TCH04004,Saroj Sharma,25,Mathematics,2,1,0,0,0,310,1,SCH0328,Govt. Primary School New-328,0
TCH04005,Naresh Yadav,25,Physical Education,2,2,1,1,0,16,0,SCH0473,Govt. High School Central-473,0
TCH04006,Vinod Sharma,45,Hindi,11,6,3,0,0,336,1,SCH0060,Govt. High School Noida-60,1
TCH04007,Usha Patel,60,Chemistry,23,8,6,0,0,201,0,SCH0338,Govt. Primary School Faridabad-338,1
TCH04008,Ramesh Dubey,54,Sanskrit,1,1,1,0,0,264,0,SCH0424,Govt. Primary School Varanasi-424,0
TCH04009,Amit Kumar,38,English,2,2,1,1,0,371,0,SCH0206,Govt. High School Lucknow-206,1
TCH04010,Geeta Iyer,28,Computer Science,1,1,1,1,0,179,1,SCH0307,Govt. Middle School Kanpur-307,0
TCH04011,Radha Naidu,47,Geography,19,11,8,0,0,330,1,SCH0133,Govt. High School East-133,1
TCH04012,Rekha Yadav,44,Computer Science,5,3,2,1,0,320,1,SCH0364,Govt. Primary School North-364,1
TCH04013,Seema Chaudhary,33,Physical Education,8,3,7,0,0,77,0,SCH0378,Govt. High School Udaipur-378,0
TCH04014,Pankaj Bansal,35,Chemistry,8,7,5,1,0,147,1,SCH0006,Govt. Senior Secondary School West-6,1
TCH04015,Seema Bansal,28,Hindi,2,2,0,0,0,265,0,SCH0194,Govt. Middle School Ajmer-194,0
TCH04016,Pushpa Tiwari,36,Geography,2,2,2,1,0,115,0,SCH0419,Govt. Primary School Central-419,0
TCH04017,Lakshmi Verma,51,Physical Education,5,3,2,1,0,1,0,SCH0006,Govt. Senior Secondary School West-6,0
TCH04018,Yogesh Kumar,39,Computer Science,16,3,2,0,1,227,0,SCH0393,Govt. Primary School Ajmer-393,1
TCH04019,Ramesh Gupta,31,Computer Science,8,7,7,0,0,36,0,SCH0354,Govt. Middle School North-354,0
TCH04020,Kavita Patel,43,Art,20,4,13,1,0,420,0,SCH0059,Govt. Senior Secondary School Central-59,1
TCH04021,Vikram Patel,37,History,11,9,7,1,0,164,0,SCH0251,Govt. Primary School New-251,1
TCH04022,Arun Kaur,55,Social Science,20,14,5,0,0,9,0,SCH0168,Govt. High School Kota-168,1
TCH04023,Lakshmi Joshi,39,History,7,2,0,0,0,430,0,SCH0490,Govt. Middle School Lucknow-490,0
TCH04024,Vinod Garg,41,Geography,3,1,0,1,1,71,1,SCH0147,Govt. High School Gurgaon-147,1
TCH04025,Suresh Malhotra,46,Science,17,14,0,0,0,83,1,SCH0134,Govt. Primary School Noida-134,0
TCH04026,Sanjay Gupta,49,History,8,5,0,0,0,74,0,SCH0203,Govt. Primary School Kanpur-203,0
TCH04027,Pushpa Yadav,38,English,10,9,2,1,0,362,1,SCH0434,Govt. High School West-434,1
TCH04028,Amit Rao,43,Biology,15,13,4,1,0,351,0,SCH0266,Govt. Primary School Varanasi-266,1
TCH04029,Kavita Mishra,60,Mathematics,32,11,14,1,0,107,0,SCH0056,Govt. Senior Secondary School South-56,1
TCH04030,Naresh Patel,32,Science,6,5,5,1,0,262,1,SCH0427,Govt. Primary School Faridabad-427,1
TCH04031,Vikram Mishra,59,Chemistry,16,9,4,0,0,320,0,SCH0391,Govt. Primary School West-391,1
TCH04032,Shanti Chauhan,43,Physical Education,9,8,3,1,0,243,1,SCH0316,Govt. Senior Secondary School South-316,1
TCH04033,Yogesh Iyer,55,Art,14,1,10,0,0,368,1,SCH0074,Govt. Middle School Ajmer-74,1
TCH04034,Harish Malhotra,44,Hindi,1,1,1,0,0,181,0,SCH0022,Govt. Primary School New-22,0
TCH04035,Nita Kaur,37,Physics,14,7,9,0,0,424,0,SCH0394,Govt. High School Kanpur-394,1
TCH04036,Vikas Sharma,25,English,2,1,1,0,0,382,0,SCH0023,Govt. High School Faridabad-23,0
TCH04037,Mahesh Jain,38,English,3,3,2,1,0,268,1,SCH0175,Govt. Middle School Ghaziabad-175,1
TCH04038,Savita Yadav,53,Computer Science,10,2,10,0,0,402,1,SCH0180,Govt. Senior Secondary School Lucknow-180,1
TCH04039,Lakshmi Shukla,61,English,29,10,5,0,0,262,0,SCH0029,Govt. Primary School Lucknow-29,1
TCH04040,Vinod Nair,59,Science,8,4,7,1,0,278,0,SCH0485,Govt. Senior Secondary School New-485,1
TCH04041,Pooja Reddy,47,Hindi,11,10,3,1,0,17,0,SCH0116,Govt. Middle School East-116,1
TCH04042,Yogesh Sharma,43,Sanskrit,3,3,1,1,0,56,0,SCH0172,Govt. Senior Secondary School North-172,0
TCH04043,Vikram Bansal,33,Hindi,5,1,0,1,0,103,0,SCH0226,Govt. Senior Secondary School Kanpur-226,0
TCH04044,Kamla Joshi,57,History,30,4,8,1,0,42,0,SCH0309,Govt. Middle School Agra-309,1
TCH04045,Meena Menon,51,Physics,25,19,3,0,0,213,0,SCH0083,Govt. Primary School Udaipur-83,1
TCH04046,Kavita Naidu,41,Science,7,7,2,1,0,290,0,SCH0030,Govt. High School North-30,1
TCH04047,Kamla Menon,46,Mathematics,1,1,0,1,0,50,0,SCH0210,Govt. Middle School West-210,0
TCH04048,Arun Kaur,44,Physics,13,1,2,0,0,172,0,SCH0317,Govt. Middle School Jodhpur-317,0
TCH04049,Amit Kumar,43,Science,16,5,11,0,0,61,0,SCH0190,Govt. High School Gurgaon-190,1
TCH04050,Ramesh Sharma,24,Chemistry,1,1,0,1,0,59,0,SCH0351,Govt. High School Ghaziabad-351,0
TCH04051,Vikas Verma,32,Sanskrit,4,1,3,0,1,215,1,SCH0002,Govt. Senior Secondary School Kota-2,1
TCH04052,Vikas Singh,53,Sanskrit,22,18,9,0,0,488,1,SCH0199,Govt. High School Bikaner-199,1
TCH04053,Amit Pillai,44,History,17,5,5,0,0,326,1,SCH0115,Govt. High School Jodhpur-115,1
TCH04054,Priya Reddy,60,Sanskrit,19,10,5,0,0,361,0,SCH0038,Govt. Senior Secondary School Kota-38,1
TCH04055,Mukesh Jain,48,Geography,2,1,2,0,0,99,0,SCH0467,Govt. High School Jaipur-467,0
TCH04056,Naresh Joshi,61,Computer Science,27,5,0,1,1,75,0,SCH0331,Govt. Senior Secondary School Jodhpur-331,1
TCH04057,Naresh Chauhan,56,Physical Education,29,6,2,0,1,423,1,SCH0316,Govt. Senior Secondary School South-316,1
TCH04058,Pushpa Iyer,45,Social Science,6,3,4,1,1,476,1,SCH0122,Govt. High School Ghaziabad-122,1
TCH04059,Savita Rao,43,English,15,7,0,0,0,22,0,SCH0177,Govt. Senior Secondary School Agra-177,0
TCH04060,Sunil Mittal,49,Physics,14,14,11,0,0,338,0,SCH0233,Govt. Primary School Jodhpur-233,1
TCH04061,Meena Joshi,28,Computer Science,1,1,1,1,0,13,1,SCH0115,Govt. High School Jodhpur-115,0
TCH04062,Pooja Shukla,49,Social Science,4,3,4,1,0,177,1,SCH0375,Govt. Primary School South-375,1
TCH04063,Arun Dubey,25,Physical Education,2,1,0,0,0,469,1,SCH0452,Govt. High School Noida-452,0
TCH04064,Radha Aggarwal,49,Social Science,6,6,4,0,0,323,0,SCH0011,Govt. Middle School Lucknow-11,1
TCH04065,Amit Chauhan,52,Chemistry,25,13,3,0,0,278,1,SCH0074,Govt. Middle School Ajmer-74,1
TCH04066,Sunil Garg,40,Hindi,6,2,3,0,0,289,0,SCH0364,Govt. Primary School North-364,0
TCH04067,Deepak Bansal,47,Computer Science,18,1,6,0,0,415,0,SCH0206,Govt. High School Lucknow-206,1
TCH04068,Nita Shukla,59,Chemistry,17,11,6,0,0,0,0,SCH0181,Govt. Middle School Kota-181,1
TCH04069,Pankaj Chauhan,39,Physical Education,2,2,2,0,0,490,1,SCH0453,Govt. High School West-453,0
TCH04070,Yogesh Shukla,30,Biology,5,3,0,0,0,336,0,SCH0232,Govt. High School Bikaner-232,0
TCH04071,Usha Pandey,37,Computer Science,5,2,2,0,0,243,0,SCH0187,Govt. Senior Secondary School Lucknow-187,0
TCH04072,Deepak Kaur,24,History,1,1,0,0,0,220,1,SCH0205,Govt. Senior Secondary School East-205,0
TCH04073,Geeta Yadav,25,Physical Education,1,1,1,0,0,306,0,SCH0106,Govt. Middle School West-106,0
TCH04074,Vikas Yadav,27,Sanskrit,4,4,0,0,0,192,0,SCH0098,Govt. High School Agra-98,0
TCH04075,Saroj Dubey,27,Biology,4,2,2,1,0,461,0,SCH0374,Govt. Senior Secondary School Bikaner-374,1
TCH04076,Pankaj Dubey,54,Computer Science,5,1,0,1,0,15,0,SCH0281,Govt. Primary School East-281,0
TCH04077,Nita Shukla,28,English,2,2,0,1,0,180,0,SCH0158,Govt. Primary School West-158,0
TCH04078,Suresh Menon,26,Computer Science,2,2,1,0,0,114,1,SCH0241,Govt. High School Udaipur-241,0
TCH04079,Rekha Mittal,27,Sanskrit,2,2,0,1,1,62,1,SCH0232,Govt. High School Bikaner-232,1
TCH04080,Saroj Chaudhary,55,Mathematics,5,5,0,1,0,55,0,SCH0490,Govt. Middle School Lucknow-490,1
TCH04081,Nita Pandey,37,History,5,2,1,0,0,52,0,SCH0103,Govt. Middle School Faridabad-103,0
TCH04082,Arun Naidu,27,Chemistry,4,2,2,1,0,450,0,SCH0456,Govt. Senior Secondary School Ghaziabad-456,1
TCH04083,Kamla Chaudhary,44,English,19,3,11,0,0,111,1,SCH0480,Govt. Middle School Jodhpur-480,0
TCH04084,Yogesh Sharma,50,Physical Education,6,5,3,0,0,258,1,SCH0483,Govt. Middle School Central-483,1
TCH04085,Naresh Pillai,47,Computer Science,21,5,4,0,0,27,0,SCH0106,Govt. Middle School West-106,1
TCH04086,Seema Kaur,31,Computer Science,8,5,8,0,0,406,0,SCH0089,Govt. High School Central-89,1
TCH04087,Meena Reddy,53,Chemistry,11,5,10,1,0,448,1,SCH0289,Govt. Middle School Central-289,1
TCH04088,Sanjay Kumar,31,Chemistry,8,2,1,0,0,28,0,SCH0295,Govt. Middle School New-295,0
TCH04089,Savita Mishra,34,Sanskrit,8,6,6,1,0,409,0,SCH0163,Govt. Senior Secondary School West-163,1
TCH04090,Deepak Malhotra,50,Biology,11,7,8,1,0,311,1,SCH0379,Govt. Primary School New-379,1
TCH04091,Saroj Jain,51,Art,13,5,7,0,0,160,0,SCH0162,Govt. Middle School Gurgaon-162,1
TCH04092,Kamla Kaur,35,Computer Science,7,5,3,1,0,23,0,SCH0314,Govt. Primary School Udaipur-314,1
TCH04093,Amit Naidu,42,Science,1,1,1,0,0,221,0,SCH0449,Govt. High School Gurgaon-449,0
TCH04094,Vikram Gupta,55,Mathematics,30,5,10,1,0,321,0,SCH0403,Govt. High School Varanasi-403,1
TCH04095,Sunita Pandey,33,Sanskrit,6,3,6,0,0,370,0,SCH0005,Govt. Primary School New-5,0
TCH04096,Ashok Jain,46,Physics,18,11,10,0,0,140,1,SCH0047,Govt. Middle School Agra-47,1
TCH04097,Meena Yadav,43,Social Science,19,10,11,0,0,220,0,SCH0104,Govt. High School West-104,1
TCH04098,Vikram Dubey,28,Geography,1,1,1,1,0,112,0,SCH0431,Govt. High School Bikaner-431,0
TCH04099,Ashok Pillai,30,Sanskrit,6,3,4,1,0,254,0,SCH0466,Govt. Senior Secondary School Jodhpur-466,1
TCH04100,Mukesh Pandey,55,Physical Education,16,7,0,0,0,214,1,SCH0229,Govt. High School Agra-229,1
TCH04101,Vinod Joshi,43,Science,18,18,9,0,0,177,1,SCH0090,Govt. Senior Secondary School Noida-90,1
TCH04102,Devika Patel,33,English,8,7,7,1,0,258,0,SCH0411,Govt. Middle School New-411,1
TCH04103,Pankaj Singh,55,History,16,6,13,1,0,488,0,SCH0084,Govt. Primary School West-84,1
TCH04104,Saroj Chaudhary,56,English,25,18,13,0,0,450,1,SCH0467,Govt. High School Jaipur-467,1
TCH04105,Devika Reddy,37,Biology,2,2,0,0,0,144,0,SCH0288,Govt. Primary School Central-288,0
TCH04106,Seema Bhat,36,Sanskrit,9,6,5,1,0,308,0,SCH0359,Govt. Primary School Lucknow-359,1
TCH04107,Geeta Singh,27,Computer Science,2,2,2,0,0,319,0,SCH0463,Govt. Primary School Jaipur-463,0
TCH04108,Meena Jain,53,Biology,11,7,8,0,0,147,0,SCH0485,Govt. Senior Secondary School New-485,1
TCH04109,Amit Kumar,40,Chemistry,17,14,14,1,0,303,0,SCH0050,Govt. Senior Secondary School Ajmer-50,1
TCH04110,Naresh Rao,51,English,15,14,8,0,0,330,0,SCH0243,Govt. Middle School Kanpur-243,1
TCH04111,Priya Pillai,28,Physical Education,4,4,1,0,1,351,0,SCH0393,Govt. Primary School Ajmer-393,1
TCH04112,Shanti Jain,36,Biology,7,4,4,0,0,336,0,SCH0419,Govt. Primary School Central-419,0
TCH04113,Vikas Patel,24,Biology,1,1,0,1,0,477,0,SCH0300,Govt. Primary School Central-300,1
TCH04114,Priya Rao,57,Computer Science,27,12,2,0,1,485,1,SCH0458,Govt. Primary School Udaipur-458,1
TCH04115,Dinesh Mittal,50,Physics,8,3,2,0,0,266,0,SCH0291,Govt. Primary School Faridabad-291,0
TCH04116,Shanti Gupta,61,English,29,10,14,1,0,77,0,SCH0044,Govt. High School Udaipur-44,1
TCH04117,Saroj Joshi,44,Computer Science,9,9,9,0,0,293,0,SCH0070,Govt. High School Kota-70,1
TCH04118,Meena Singh,47,Art,6,6,2,0,0,125,0,SCH0202,Govt. High School West-202,0
TCH04119,Sanjay Reddy,40,Physics,16,10,12,0,0,194,1,SCH0492,Govt. High School Lucknow-492,1
TCH04120,Anita Dubey,25,Geography,2,2,2,0,0,141,1,SCH0150,Govt. Primary School Jodhpur-150,0
TCH04121,Pushpa Sharma,56,Geography,29,12,11,0,0,415,0,SCH0410,Govt. Senior Secondary School South-410,1
TCH04122,Anita Chaudhary,46,English,5,5,1,1,0,262,0,SCH0457,Govt. Senior Secondary School Ghaziabad-457,1
TCH04123,Mahesh Yadav,45,History,22,1,12,1,0,201,0,SCH0187,Govt. Senior Secondary School Lucknow-187,1
TCH04124,Kamla Mittal,27,Mathematics,1,1,0,0,0,246,0,SCH0144,Govt. Senior Secondary School Kanpur-144,0
TCH04125,Ashok Mittal,45,English,7,1,6,0,0,409,1,SCH0251,Govt. Primary School New-251,1
TCH04126,Geeta Bhat,32,Social Science,7,7,2,0,0,178,1,SCH0027,Govt. High School Central-27,0
TCH04127,Yogesh Chaudhary,30,Physics,2,2,1,0,0,121,0,SCH0135,Govt. Middle School Central-135,0
TCH04128,Seema Kaur,60,Art,30,4,13,0,0,39,1,SCH0021,Govt. Middle School Faridabad-21,0
TCH04129,Savita Naidu,55,Science,3,2,0,1,0,331,0,SCH0337,Govt. Senior Secondary School Ghaziabad-337,1
TCH04130,Devika Verma,53,English,8,6,0,0,0,143,1,SCH0171,Govt. Middle School Ajmer-171,0
TCH04131,Saroj Sharma,34,Physical Education,7,3,1,0,0,388,1,SCH0447,Govt. Middle School East-447,0
TCH04132,Priya Joshi,33,Chemistry,2,2,0,1,1,446,0,SCH0294,Govt. Middle School East-294,1
TCH04133,Mukesh Shukla,25,Chemistry,2,2,1,1,0,451,0,SCH0103,Govt. Middle School Faridabad-103,1
TCH04134,Seema Bhat,61,Chemistry,1,1,0,1,0,109,0,SCH0019,Govt. Senior Secondary School Bikaner-19,0
TCH04135,Shanti Aggarwal,25,History,2,1,2,1,0,83,0,SCH0172,Govt. Senior Secondary School North-172,0
TCH04136,Radha Chaudhary,27,Physical Education,4,1,3,0,0,468,0,SCH0438,Govt. Primary School Jodhpur-438,0
TCH04137,Deepak Dubey,54,Physical Education,22,16,13,0,0,28,1,SCH0176,Govt. Middle School Udaipur-176,1
TCH04138,Devika Yadav,36,Biology,9,6,5,0,0,340,1,SCH0134,Govt. Primary School Noida-134,1
TCH04139,Seema Gupta,39,Biology,5,3,0,0,0,442,0,SCH0145,Govt. Primary School Bikaner-145,0
TCH04140,Anita Aggarwal,38,Computer Science,11,9,1,1,0,119,0,SCH0471,Govt. Middle School Ajmer-471,1
TCH04141,Ashok Garg,24,History,1,1,1,1,0,202,0,SCH0468,Govt. Primary School South-468,1
TCH04142,Kavita Sharma,40,Art,2,2,0,1,0,124,1,SCH0459,Govt. Primary School New-459,0
TCH04143,Suresh Mishra,32,Science,5,5,1,0,0,171,1,SCH0066,Govt. Middle School Kanpur-66,0
TCH04144,Shanti Gupta,59,English,27,15,6,1,0,258,1,SCH0091,Govt. High School South-91,1
TCH04145,Geeta Malhotra,48,Science,21,8,8,1,0,160,0,SCH0293,Govt. High School Jaipur-293,1
TCH04146,Vikram Sharma,35,Physical Education,5,2,0,0,0,144,0,SCH0443,Govt. High School Udaipur-443,0
TCH04147,Usha Garg,42,Geography,4,1,0,1,0,459,1,SCH0007,Govt. Primary School South-7,1
TCH04148,Meena Pillai,52,Computer Science,20,5,8,1,0,261,0,SCH0037,Govt. High School Jaipur-37,1
TCH04149,Savita Reddy,35,Sanskrit,9,1,2,0,0,375,0,SCH0495,Govt. Senior Secondary School Faridabad-495,0
TCH04150,Suresh Iyer,31,Science,8,8,0,1,0,147,0,SCH0170,Govt. Primary School Kanpur-170,1
TCH04151,Deepak Yadav,38,Physical Education,11,6,11,1,0,102,0,SCH0029,Govt. Primary School Lucknow-29,1
TCH04152,Anita Patel,58,Science,18,17,14,1,0,124,1,SCH0475,Govt. Primary School Kanpur-475,1
TCH04153,Anita Sharma,58,Chemistry,11,11,1,0,0,453,0,SCH0368,Govt. Middle School Varanasi-368,1
TCH04154,Ramesh Yadav,28,Mathematics,2,1,1,1,0,207,1,SCH0406,Govt. High School Gurgaon-406,1
TCH04155,Anita Shukla,59,Physics,21,14,7,1,0,425,1,SCH0368,Govt. Middle School Varanasi-368,1
TCH04156,Kamla Yadav,25,Biology,1,1,0,1,1,55,0,SCH0321,Govt. Primary School West-321,1
TCH04157,Sanjay Bhat,28,Biology,5,4,0,1,0,468,0,SCH0419,Govt. Primary School Central-419,1
TCH04158,Pooja Rao,24,Social Science,1,1,0,1,0,261,1,SCH0310,Govt. Middle School West-310,1
TCH04159,Anita Garg,49,Sanskrit,10,3,0,0,0,94,0,SCH0375,Govt. Primary School South-375,0
TCH04160,Yogesh Patel,60,History,4,2,2,1,0,7,0,SCH0032,Govt. High School Jodhpur-32,0
TCH04161,Anita Patel,38,Hindi,5,3,1,0,0,499,1,SCH0004,Govt. Middle School Jaipur-4,0
TCH04162,Meena Mittal,42,History,13,11,13,0,0,443,0,SCH0135,Govt. Middle School Central-135,1
TCH04163,Sanjay Bhat,56,Science,19,19,0,0,0,169,1,SCH0295,Govt. Middle School New-295,0
TCH04164,Vikram Yadav,39,English,13,3,10,0,0,179,0,SCH0360,Govt. Senior Secondary School Bikaner-360,0
TCH04165,Ashok Malhotra,41,Hindi,4,4,2,0,0,454,0,SCH0435,Govt. Primary School Noida-435,0
TCH04166,Lakshmi Reddy,58,Sanskrit,30,17,0,1,0,2,1,SCH0084,Govt. Primary School West-84,1
TCH04167,Vinod Iyer,24,Chemistry,1,1,1,0,0,321,0,SCH0304,Govt. Middle School New-304,0
TCH04168,Vinod Yadav,53,Chemistry,18,5,4,0,0,141,1,SCH0260,Govt. High School Lucknow-260,1
TCH04169,Dinesh Kaur,27,Hindi,2,2,2,0,0,285,0,SCH0129,Govt. Senior Secondary School Ghaziabad-129,0
TCH04170,Rajesh Reddy,54,Computer Science,27,19,3,0,1,28,1,SCH0272,Govt. Middle School East-272,1
TCH04171,Vinod Malhotra,33,English,7,6,0,0,0,122,0,SCH0129,Govt. Senior Secondary School Ghaziabad-129,0
TCH04172,Sunita Gupta,60,Biology,28,6,5,1,0,317,0,SCH0034,Govt. Middle School Varanasi-34,1
TCH04173,Sunita Iyer,48,Art,14,8,8,0,0,17,0,SCH0177,Govt. Senior Secondary School Agra-177,1
TCH04174,Radha Gupta,57,Computer Science,17,7,6,0,0,439,0,SCH0419,Govt. Primary School Central-419,1
TCH04175,Yogesh Sharma,44,Physical Education,12,10,8,0,0,111,1,SCH0392,Govt. High School South-392,1
TCH04176,Anita Pandey,44,Geography,13,8,11,1,0,434,0,SCH0346,Govt. Primary School South-346,1
TCH04177,Shanti Bhat,35,Computer Science,9,6,8,1,0,220,1,SCH0395,Govt. Primary School Jodhpur-395,1
TCH04178,Vikram Pillai,44,Social Science,6,2,1,1,1,278,1,SCH0311,Govt. High School Jaipur-311,1
TCH04179,Ashok Chauhan,30,Physics,1,1,1,1,0,136,1,SCH0373,Govt. Senior Secondary School Varanasi-373,0
TCH04180,Mukesh Dubey,53,Biology,12,11,11,0,0,98,0,SCH0381,Govt. High School Jodhpur-381,1
TCH04181,Pushpa Pandey,53,History,3,2,2,0,0,161,1,SCH0154,Govt. Middle School Lucknow-154,0
TCH04182,Sanjay Mishra,51,Geography,3,1,2,0,1,332,0,SCH0382,Govt. Senior Secondary School Jaipur-382,1
TCH04183,Amit Bhat,24,Physics,1,1,1,0,0,318,0,SCH0088,Govt. High School Ghaziabad-88,0
TCH04184,Savita Mittal,48,Biology,16,1,11,0,0,4,0,SCH0210,Govt. Middle School West-210,0
TCH04185,Lakshmi Chauhan,47,Sanskrit,15,4,11,0,0,381,1,SCH0167,Govt. Middle School Jaipur-167,1
TCH04186,Savita Chauhan,54,English,20,10,10,1,0,207,1,SCH0461,Govt. Middle School South-461,1
TCH04187,Naresh Chaudhary,35,Mathematics,2,2,2,0,0,323,0,SCH0073,Govt. High School Central-73,0
TCH04188,Deepak Aggarwal,56,Physics,19,11,14,0,0,88,0,SCH0448,Govt. Senior Secondary School West-448,1
TCH04189,Meena Shukla,41,Physics,3,2,1,1,0,401,1,SCH0196,Govt. Middle School Jaipur-196,1
TCH04190,Radha Aggarwal,26,Sanskrit,1,1,0,1,0,178,0,SCH0008,Govt. High School Ajmer-8,0
TCH04191,Pooja Kumar,44,Geography,21,5,11,0,0,309,0,SCH0339,Govt. Middle School Kota-339,1
TCH04192,Pooja Yadav,46,Science,10,8,8,1,0,439,0,SCH0485,Govt. Senior Secondary School New-485,1
TCH04193,Lakshmi Rao,57,English,8,2,2,0,0,276,0,SCH0009,Govt. Middle School Gurgaon-9,0
TCH04194,Usha Yadav,55,Mathematics,30,18,4,0,0,3,0,SCH0139,Govt. Senior Secondary School Ajmer-139,1
TCH04195,Lakshmi Patel,49,Social Science,23,2,10,0,0,454,0,SCH0255,Govt. High School Varanasi-255,1
TCH04196,Devika Tiwari,37,Hindi,7,7,0,0,0,303,0,SCH0425,Govt. High School Gurgaon-425,0
TCH04197,Pushpa Iyer,54,Physical Education,2,2,1,1,0,476,0,SCH0098,Govt. High School Agra-98,1
TCH04198,Radha Chaudhary,47,Sanskrit,3,2,2,1,0,229,0,SCH0256,Govt. Senior Secondary School Faridabad-256,1
TCH04199,Pushpa Naidu,37,Mathematics,9,2,7,0,0,142,1,SCH0082,Govt. Primary School West-82,0
TCH04200,Suresh Gupta,35,Physics,10,3,7,0,0,179,1,SCH0181,Govt. Middle School Kota-181,0
TCH04201,Mukesh Iyer,57,Social Science,15,13,6,0,0,162,0,SCH0362,Govt. High School West-362,1
TCH04202,Geeta Nair,58,Biology,6,6,1,0,0,28,0,SCH0073,Govt. High School Central-73,0
TCH04203,Nita Chaudhary,45,Biology,22,2,9,1,0,370,0,SCH0412,Govt. Primary School Central-412,1
TCH04204,Rekha Reddy,56,English,26,13,6,1,0,22,0,SCH0007,Govt. Primary School South-7,1
TCH04205,Rekha Naidu,53,Geography,23,15,3,0,0,5,0,SCH0174,Govt. Middle School South-174,1
TCH04206,Saroj Singh,58,Geography,21,1,5,0,0,298,0,SCH0220,Govt. High School North-220,1
TCH04207,Kamla Joshi,36,Physics,6,5,1,1,0,181,1,SCH0067,Govt. Primary School Udaipur-67,1
TCH04208,Shanti Aggarwal,49,Physical Education,14,7,8,0,0,280,0,SCH0372,Govt. High School Lucknow-372,1
TCH04209,Deepak Dubey,52,Geography,27,18,14,0,0,421,0,SCH0443,Govt. High School Udaipur-443,1
TCH04210,Mukesh Gupta,58,Mathematics,33,3,4,1,0,475,0,SCH0497,Govt. High School Ghaziabad-497,1
TCH04211,Shanti Chaudhary,41,Hindi,10,8,1,0,0,458,0,SCH0229,Govt. High School Agra-229,1
TCH04212,Ashok Bhat,41,Hindi,8,3,1,0,0,79,0,SCH0108,Govt. Senior Secondary School Agra-108,0
TCH04213,Ashok Reddy,42,Biology,16,16,11,1,0,32,0,SCH0466,Govt. Senior Secondary School Jodhpur-466,1
TCH04214,Seema Menon,44,Physics,14,2,6,1,0,312,0,SCH0403,Govt. High School Varanasi-403,1
TCH04215,Usha Bhat,42,Hindi,2,1,1,0,0,357,0,SCH0296,Govt. Middle School North-296,0
TCH04216,Deepak Pandey,28,Art,1,1,0,0,0,226,1,SCH0462,Govt. Primary School Noida-462,0
TCH04217,Vikas Jain,24,Hindi,1,1,1,0,0,128,1,SCH0324,Govt. Middle School Central-324,0
TCH04218,Anita Iyer,29,Hindi,4,1,1,0,0,46,0,SCH0363,Govt. Primary School Central-363,0
TCH04219,Geeta Rao,45,Geography,6,6,0,0,0,42,0,SCH0417,Govt. Primary School New-417,0
TCH04220,Priya Pandey,43,History,15,6,8,1,0,63,0,SCH0241,Govt. High School Udaipur-241,1
TCH04221,Suresh Shukla,54,Art,24,13,8,1,1,158,0,SCH0451,Govt. Senior Secondary School Kanpur-451,1
TCH04222,Saroj Pandey,25,Science,2,2,0,1,0,333,1,SCH0076,Govt. High School Jodhpur-76,1
TCH04223,Pushpa Chauhan,59,Geography,10,6,4,0,0,111,0,SCH0271,Govt. Middle School Lucknow-271,1
TCH04224,Seema Gupta,36,Biology,6,2,6,0,0,8,0,SCH0462,Govt. Primary School Noida-462,0
TCH04225,Sanjay Aggarwal,54,Art,21,1,13,0,1,356,0,SCH0200,Govt. Middle School Bikaner-200,1
TCH04226,Meena Dubey,47,Sanskrit,20,19,4,1,0,321,0,SCH0142,Govt. Middle School New-142,1
TCH04227,Sunita Rao,34,Hindi,5,5,4,0,0,42,1,SCH0399,Govt. High School North-399,1
TCH04228,Rajesh Pandey,48,Physics,11,1,6,0,0,31,1,SCH0115,Govt. High School Jodhpur-115,0
TCH04229,Saroj Rao,30,History,3,2,1,1,0,45,1,SCH0423,Govt. Senior Secondary School Lucknow-423,0
TCH04230,Seema Pandey,31,Biology,4,3,3,1,0,75,1,SCH0075,Govt. Middle School Varanasi-75,1
TCH04231,Ajay Mittal,43,History,2,2,0,1,0,53,0,SCH0161,Govt. Middle School Kanpur-161,0
TCH04232,Sanjay Jain,52,Geography,6,6,5,0,0,336,1,SCH0103,Govt. Middle School Faridabad-103,1
TCH04233,Kavita Joshi,50,Physical Education,14,6,14,0,0,482,0,SCH0310,Govt. Middle School West-310,1
TCH04234,Sanjay Nair,50,Art,8,3,1,0,0,327,0,SCH0032,Govt. High School Jodhpur-32,0
TCH04235,Vinod Mishra,60,Art,2,1,0,0,0,72,0,SCH0259,Govt. Primary School North-259,0
TCH04236,Radha Bhat,61,Sanskrit,12,10,5,0,1,204,1,SCH0193,Govt. Senior Secondary School West-193,1
TCH04237,Rajesh Joshi,32,Social Science,7,2,4,0,0,155,0,SCH0437,Govt. Primary School Varanasi-437,0
TCH04238,Meena Joshi,47,Mathematics,6,6,0,0,0,95,0,SCH0105,Govt. Primary School Ajmer-105,0
TCH04239,Pankaj Gupta,47,Physics,3,2,0,1,0,218,0,SCH0015,Govt. Primary School Noida-15,1
TCH04240,Meena Chauhan,27,Computer Science,1,1,1,0,0,445,0,SCH0239,Govt. Senior Secondary School Central-239,0
TCH04241,Devika Patel,59,Geography,30,10,10,1,0,322,0,SCH0196,Govt. Middle School Jaipur-196,1
TCH04242,Ashok Singh,33,Social Science,6,5,6,0,0,335,0,SCH0228,Govt. Senior Secondary School Kanpur-228,1
TCH04243,Seema Yadav,40,Physical Education,10,5,9,0,0,206,0,SCH0234,Govt. High School Agra-234,1
TCH04244,Savita Joshi,27,English,4,4,1,0,0,277,1,SCH0311,Govt. High School Jaipur-311,0
TCH04245,Deepak Pandey,25,Mathematics,1,1,0,1,0,114,0,SCH0301,Govt. High School New-301,0
TCH04246,Sunita Garg,42,Physics,18,7,14,0,0,188,1,SCH0064,Govt. High School Jodhpur-64,1
TCH04247,Mukesh Dubey,46,English,6,2,3,1,0,300,0,SCH0283,Govt. Primary School New-283,1
TCH04248,Naresh Menon,35,Mathematics,3,1,1,1,1,229,1,SCH0162,Govt. Middle School Gurgaon-162,1
TCH04249,Radha Reddy,53,Physics,12,4,4,0,0,129,0,SCH0322,Govt. High School Central-322,0
TCH04250,Pooja Pandey,47,Geography,12,1,5,1,0,188,1,SCH0203,Govt. Primary School Kanpur-203,1
TCH04251,Amit Reddy,50,Social Science,10,9,1,1,1,305,0,SCH0429,Govt. Middle School Central-429,1
TCH04252,Vikas Malhotra,33,Geography,6,1,6,0,0,308,0,SCH0166,Govt. Primary School Bikaner-166,0
TCH04253,Harish Verma,51,Physical Education,3,2,0,0,0,454,0,SCH0021,Govt. Middle School Faridabad-21,0
TCH04254,Deepak Rao,30,Science,4,3,2,0,0,286,0,SCH0368,Govt. Middle School Varanasi-368,0
TCH04255,Vikram Kumar,45,English,21,18,14,1,0,299,0,SCH0475,Govt. Primary School Kanpur-475,1
TCH04256,Kamla Patel,50,Physical Education,23,11,2,1,1,52,0,SCH0053,Govt. Senior Secondary School Ghaziabad-53,1
TCH04257,Anita Malhotra,61,Physics,22,9,14,0,0,441,0,SCH0121,Govt. Middle School Ajmer-121,1
TCH04258,Dinesh Pandey,42,Science,11,7,3,1,0,396,1,SCH0498,Govt. Primary School Gurgaon-498,1
TCH04259,Usha Malhotra,50,Science,6,2,1,0,1,320,0,SCH0212,Govt. Middle School Ghaziabad-212,1
TCH04260,Lakshmi Menon,31,Mathematics,2,2,2,0,0,358,0,SCH0253,Govt. Middle School Gurgaon-253,0
TCH04261,Pankaj Reddy,26,Art,1,1,0,0,0,64,0,SCH0269,Govt. Middle School East-269,0
TCH04262,Meena Menon,50,Sanskrit,13,10,10,0,0,161,1,SCH0203,Govt. Primary School Kanpur-203,1
TCH04263,Nita Chauhan,44,English,19,12,8,0,1,8,1,SCH0046,Govt. Senior Secondary School Ajmer-46,1
TCH04264,Mahesh Mishra,33,Hindi,1,1,1,0,0,311,1,SCH0060,Govt. High School Noida-60,0
TCH04265,Devika Sharma,60,Mathematics,22,16,12,0,0,354,1,SCH0029,Govt. Primary School Lucknow-29,1
TCH04266,Ramesh Rao,43,Mathematics,5,1,4,1,1,89,0,SCH0330,Govt. High School Varanasi-330,1
TCH04267,Ramesh Malhotra,43,Hindi,7,1,5,0,0,267,0,SCH0022,Govt. Primary School New-22,0
TCH04268,Meena Garg,24,English,1,1,1,1,0,74,1,SCH0487,Govt. High School East-487,0
TCH04269,Ashok Pandey,28,Chemistry,2,1,0,0,0,321,0,SCH0257,Govt. Middle School West-257,0
TCH04270,Lakshmi Sharma,51,History,24,8,0,0,0,90,1,SCH0388,Govt. Senior Secondary School Noida-388,0
TCH04271,Vinod Rao,59,Mathematics,21,1,13,0,1,172,0,SCH0392,Govt. High School South-392,1
TCH04272,Pankaj Menon,27,Science,1,1,1,1,0,393,0,SCH0343,Govt. Senior Secondary School Central-343,1
TCH04273,Sanjay Pillai,51,Mathematics,13,2,11,0,0,262,1,SCH0021,Govt. Middle School Faridabad-21,1
TCH04274,Ramesh Pillai,41,Biology,6,2,4,0,0,148,1,SCH0107,Govt. Middle School Varanasi-107,0
TCH04275,Dinesh Bhat,25,Science,2,1,0,0,1,3,1,SCH0004,Govt. Middle School Jaipur-4,0
TCH04276,Shanti Nair,33,Sanskrit,1,1,0,0,0,43,1,SCH0298,Govt. Senior Secondary School Varanasi-298,0
TCH04277,Lakshmi Yadav,48,English,10,1,10,1,1,468,1,SCH0085,Govt. Middle School Udaipur-85,1
TCH04278,Rajesh Jain,33,Computer Science,6,3,0,1,0,227,0,SCH0275,Govt. Primary School East-275,1
TCH04279,Saroj Joshi,33,Social Science,6,2,6,0,0,404,0,SCH0382,Govt. Senior Secondary School Jaipur-382,0
TCH04280,Shanti Nair,56,Chemistry,19,4,11,0,0,325,0,SCH0285,Govt. Middle School Kanpur-285,1
TCH04281,Sanjay Malhotra,38,Geography,1,1,0,0,0,243,0,SCH0082,Govt. Primary School West-82,0
TCH04282,Usha Yadav,49,Physics,14,2,11,0,0,166,0,SCH0132,Govt. High School South-132,0
TCH04283,Mahesh Shukla,53,Science,22,19,9,0,0,376,0,SCH0460,Govt. High School Ghaziabad-460,1
TCH04284,Vinod Chauhan,26,Mathematics,2,1,1,1,0,101,0,SCH0334,Govt. Middle School Faridabad-334,0
TCH04285,Ajay Reddy,50,Computer Science,25,8,14,1,0,357,0,SCH0229,Govt. High School Agra-229,1
TCH04286,Lakshmi Yadav,60,English,29,14,13,0,0,22,0,SCH0263,Govt. High School Faridabad-263,1
TCH04287,Amit Shukla,60,Art,28,10,10,1,0,123,0,SCH0058,Govt. Senior Secondary School Central-58,1
TCH04288,Nita Yadav,56,Art,28,10,6,0,0,118,0,SCH0055,Govt. Middle School Noida-55,1
TCH04289,Rekha Bansal,46,Physical Education,9,2,8,0,0,321,0,SCH0292,Govt. High School Jodhpur-292,0
TCH04290,Nita Mittal,61,Geography,10,5,2,0,0,341,0,SCH0346,Govt. Primary School South-346,1
TCH04291,Rekha Dubey,41,Biology,12,4,1,0,0,380,0,SCH0419,Govt. Primary School Central-419,0
TCH04292,Ramesh Pillai,31,Sanskrit,1,1,0,0,0,124,0,SCH0028,Govt. High School Varanasi-28,0
TCH04293,Nita Nair,46,Mathematics,13,11,13,1,0,207,0,SCH0130,Govt. High School East-130,1
TCH04294,Rajesh Yadav,41,Sanskrit,15,10,6,0,0,166,1,SCH0159,Govt. High School North-159,1
TCH04295,Usha Yadav,41,Biology,18,4,0,1,0,473,0,SCH0093,Govt. Primary School Kanpur-93,1
TCH04296,Naresh Kaur,46,Physics,21,11,9,0,0,224,0,SCH0485,Govt. Senior Secondary School New-485,1
TCH04297,Lakshmi Iyer,39,Art,5,2,0,0,0,225,1,SCH0235,Govt. Senior Secondary School Faridabad-235,0
TCH04298,Pushpa Rao,27,History,1,1,0,0,0,66,0,SCH0085,Govt. Middle School Udaipur-85,0
TCH04299,Vinod Aggarwal,32,Computer Science,6,1,6,0,0,440,1,SCH0306,Govt. Primary School Ghaziabad-306,1
TCH04300,Geeta Gupta,37,Geography,4,4,3,0,0,473,0,SCH0439,Govt. Senior Secondary School Kota-439,0
TCH04301,Rajesh Garg,26,Mathematics,3,1,3,0,0,210,0,SCH0055,Govt. Middle School Noida-55,0
TCH04302,Sunita Garg,61,Mathematics,12,4,3,0,0,389,0,SCH0318,Govt. Middle School Kanpur-318,1
TCH04303,Seema Jain,45,Mathematics,5,4,2,0,0,97,0,SCH0485,Govt. Senior Secondary School New-485,0
TCH04304,Yogesh Shukla,55,Physical Education,11,3,0,0,0,193,1,SCH0156,Govt. Middle School South-156,0
TCH04305,Arun Singh,38,Mathematics,12,3,12,1,0,300,0,SCH0291,Govt. Primary School Faridabad-291,1
TCH04306,Nita Reddy,45,Hindi,20,7,6,1,0,30,0,SCH0189,Govt. Senior Secondary School Noida-189,1
TCH04307,Radha Kaur,27,Physics,3,1,2,0,1,338,0,SCH0498,Govt. Primary School Gurgaon-498,1
TCH04308,Seema Chaudhary,42,Computer Science,13,6,11,1,0,313,0,SCH0039,Govt. Senior Secondary School North-39,1
TCH04309,Rekha Malhotra,26,Mathematics,3,2,1,1,0,303,0,SCH0012,Govt. High School East-12,1
TCH04310,Kavita Joshi,33,English,9,5,1,0,0,468,0,SCH0461,Govt. Middle School South-461,0
TCH04311,Savita Jain,44,Art,21,8,6,0,0,379,0,SCH0135,Govt. Middle School Central-135,1
TCH04312,Nita Singh,30,Computer Science,5,5,1,1,0,498,0,SCH0469,Govt. High School Gurgaon-469,1
TCH04313,Priya Mittal,61,Biology,11,4,1,0,0,44,1,SCH0382,Govt. Senior Secondary School Jaipur-382,0
TCH04314,Rajesh Singh,52,Science,16,3,3,0,0,424,0,SCH0090,Govt. Senior Secondary School Noida-90,1
TCH04315,Geeta Chauhan,51,Sanskrit,4,3,4,0,0,379,0,SCH0372,Govt. High School Lucknow-372,0
TCH04316,Anita Bhat,52,History,19,1,3,0,0,79,0,SCH0454,Govt. Primary School Faridabad-454,0
TCH04317,Seema Sharma,36,Physical Education,1,1,1,0,0,297,1,SCH0140,Govt. Primary School Udaipur-140,0
TCH04318,Mukesh Gupta,35,Physical Education,8,8,8,1,0,27,1,SCH0289,Govt. Middle School Central-289,1
TCH04319,Meena Yadav,29,Science,5,5,5,0,0,248,1,SCH0355,Govt. Senior Secondary School Ajmer-355,1
TCH04320,Naresh Sharma,59,Mathematics,9,4,9,0,0,136,1,SCH0204,Govt. Middle School Agra-204,0
TCH04321,Radha Bansal,60,Biology,30,4,3,1,0,471,1,SCH0255,Govt. High School Varanasi-255,1
TCH04322,Pooja Sharma,28,Geography,4,2,4,0,0,351,0,SCH0212,Govt. Middle School Ghaziabad-212,0
TCH04323,Amit Naidu,49,Science,4,1,2,0,0,373,0,SCH0460,Govt. High School Ghaziabad-460,0
TCH04324,Seema Bhat,61,Social Science,7,3,5,0,0,89,0,SCH0492,Govt. High School Lucknow-492,0
TCH04325,Mukesh Yadav,38,Art,14,8,6,0,0,126,0,SCH0369,Govt. Middle School Central-369,1
TCH04326,Priya Naidu,47,Social Science,18,9,0,0,0,377,1,SCH0137,Govt. Primary School Faridabad-137,1
TCH04327,Sanjay Mishra,38,Physical Education,6,1,4,0,0,355,0,SCH0494,Govt. Primary School West-494,0
TCH04328,Rajesh Reddy,52,Mathematics,12,9,3,0,0,435,0,SCH0230,Govt. High School West-230,1
TCH04329,Vikas Bansal,60,Sanskrit,12,11,9,0,0,326,0,SCH0448,Govt. Senior Secondary School West-448,1
TCH04330,Devika Bhat,25,Biology,2,1,2,0,0,173,0,SCH0223,Govt. Middle School Gurgaon-223,0
TCH04331,Ramesh Bhat,25,Sanskrit,1,1,0,0,0,153,1,SCH0406,Govt. High School Gurgaon-406,0
TCH04332,Sunita Joshi,57,Physics,12,4,12,0,0,367,1,SCH0381,Govt. High School Jodhpur-381,1
TCH04333,Ajay Dubey,27,Biology,1,1,0,1,0,256,1,SCH0046,Govt. Senior Secondary School Ajmer-46,1
TCH04334,Mukesh Menon,26,English,2,1,0,0,0,459,0,SCH0421,Govt. Middle School Jaipur-421,0
TCH04335,Shanti Kaur,58,History,28,4,6,0,0,318,0,SCH0192,Govt. High School Faridabad-192,1
TCH04336,Meena Pandey,48,Physical Education,18,3,3,0,0,26,0,SCH0277,Govt. Primary School Udaipur-277,0
TCH04337,Dinesh Chaudhary,45,English,21,17,12,0,0,414,0,SCH0328,Govt. Primary School New-328,1
TCH04338,Lakshmi Dubey,31,Biology,1,1,0,1,0,387,0,SCH0298,Govt. Senior Secondary School Varanasi-298,1
TCH04339,Vinod Kumar,26,Sanskrit,1,1,1,0,0,488,0,SCH0178,Govt. Middle School Kota-178,0
TCH04340,Pushpa Naidu,58,History,31,13,9,0,1,462,0,SCH0345,Govt. High School Ajmer-345,1
TCH04341,Shanti Chaudhary,39,Science,15,8,11,0,0,499,0,SCH0209,Govt. High School Noida-209,1
TCH04342,Mahesh Mittal,35,English,7,7,2,0,1,453,0,SCH0309,Govt. Middle School Agra-309,1
TCH04343,Dinesh Reddy,31,Biology,4,3,3,1,0,480,0,SCH0171,Govt. Middle School Ajmer-171,1
TCH04344,Sunil Garg,33,Computer Science,1,1,0,0,0,54,0,SCH0231,Govt. Senior Secondary School Gurgaon-231,0
TCH04345,Amit Pandey,43,History,13,9,11,0,0,316,0,SCH0085,Govt. Middle School Udaipur-85,1
TCH04346,Meena Iyer,47,Physics,16,14,10,1,0,492,0,SCH0471,Govt. Middle School Ajmer-471,1
TCH04347,Arun Garg,24,Art,1,1,0,0,0,2,0,SCH0277,Govt. Primary School Udaipur-277,0
TCH04348,Deepak Bansal,49,Art,23,14,5,0,0,282,1,SCH0294,Govt. Middle School East-294,1
TCH04349,Lakshmi Gupta,48,Sanskrit,19,15,6,1,0,336,0,SCH0106,Govt. Middle School West-106,1
TCH04350,Kavita Nair,41,History,17,4,1,0,0,309,0,SCH0215,Govt. Middle School Ghaziabad-215,0
TCH04351,Kamla Singh,38,Geography,13,12,11,0,1,423,0,SCH0022,Govt. Primary School New-22,1
TCH04352,Mahesh Jain,53,History,24,12,13,0,0,289,0,SCH0003,Govt. Senior Secondary School Udaipur-3,1
TCH04353,Arun Kaur,48,Hindi,12,8,12,0,0,239,0,SCH0341,Govt. High School Gurgaon-341,1
TCH04354,Usha Rao,38,Science,9,9,3,0,0,459,0,SCH0351,Govt. High School Ghaziabad-351,1
TCH04355,Shanti Menon,45,Chemistry,2,1,2,0,1,115,0,SCH0167,Govt. Middle School Jaipur-167,0
TCH04356,Lakshmi Mishra,50,Geography,26,12,12,0,0,309,0,SCH0268,Govt. Middle School North-268,1
TCH04357,Pankaj Bhat,30,Art,6,3,3,1,0,200,0,SCH0180,Govt. Senior Secondary School Lucknow-180,1
TCH04358,Ramesh Reddy,51,Computer Science,25,4,1,0,0,334,0,SCH0055,Govt. Middle School Noida-55,0
TCH04359,Meena Bansal,39,Physical Education,2,2,0,0,0,218,1,SCH0233,Govt. Primary School Jodhpur-233,0
TCH04360,Sanjay Bhat,38,Mathematics,1,1,0,0,0,415,0,SCH0459,Govt. Primary School New-459,0
TCH04361,Harish Aggarwal,42,Science,14,11,3,0,0,374,0,SCH0458,Govt. Primary School Udaipur-458,1
TCH04362,Meena Jain,25,Science,2,1,1,0,0,372,0,SCH0254,Govt. Primary School Jaipur-254,0
TCH04363,Rekha Mishra,59,Art,23,18,14,0,0,304,0,SCH0356,Govt. Senior Secondary School South-356,1
TCH04364,Rekha Bansal,47,Hindi,3,1,2,0,0,82,0,SCH0208,Govt. Middle School Ghaziabad-208,0
TCH04365,Suresh Bansal,44,Hindi,16,14,4,0,0,340,1,SCH0278,Govt. Senior Secondary School Lucknow-278,1
TCH04366,Priya Sharma,34,Social Science,8,4,7,0,0,50,0,SCH0013,Govt. High School Kota-13,0
TCH04367,Nita Patel,40,Sanskrit,3,3,2,0,0,248,0,SCH0062,Govt. High School North-62,0
TCH04368,Vikram Gupta,31,Social Science,1,1,0,1,0,96,1,SCH0398,Govt. Senior Secondary School South-398,0
TCH04369,Kavita Chaudhary,34,Physics,5,5,4,0,0,336,0,SCH0232,Govt. High School Bikaner-232,1
TCH04370,Lakshmi Sharma,48,Physical Education,20,7,0,1,0,375,0,SCH0339,Govt. Middle School Kota-339,1
TCH04371,Rekha Pandey,36,Chemistry,8,5,8,0,0,437,0,SCH0306,Govt. Primary School Ghaziabad-306,1
TCH04372,Nita Joshi,52,Chemistry,13,6,0,1,1,442,0,SCH0192,Govt. High School Faridabad-192,1
TCH04373,Anita Jain,40,Biology,2,2,1,1,0,213,0,SCH0318,Govt. Middle School Kanpur-318,1
TCH04374,Saroj Pillai,61,Mathematics,13,13,10,1,0,288,0,SCH0326,Govt. Middle School Varanasi-326,1
TCH04375,Pushpa Verma,52,Biology,26,11,1,1,1,102,0,SCH0348,Govt. Primary School Udaipur-348,1
TCH04376,Dinesh Sharma,50,Social Science,24,7,1,1,0,287,0,SCH0164,Govt. Senior Secondary School Agra-164,1
TCH04377,Mukesh Garg,36,Art,7,4,0,0,0,306,0,SCH0359,Govt. Primary School Lucknow-359,0
TCH04378,Sunil Malhotra,25,Science,2,2,1,0,0,206,1,SCH0197,Govt. Middle School Udaipur-197,0
TCH04379,Anita Iyer,35,Physics,9,6,3,1,0,372,0,SCH0217,Govt. Middle School Varanasi-217,1
TCH04380,Pushpa Sharma,37,Chemistry,13,3,13,0,0,407,0,SCH0486,Govt. Senior Secondary School East-486,1
TCH04381,Pushpa Malhotra,32,Science,2,1,1,0,0,360,0,SCH0020,Govt. Senior Secondary School Kota-20,0
TCH04382,Mahesh Menon,27,Science,4,4,4,0,1,78,0,SCH0244,Govt. Senior Secondary School Agra-244,0
TCH04383,Geeta Kaur,29,Sanskrit,2,1,2,1,0,95,0,SCH0043,Govt. Senior Secondary School Ajmer-43,0
TCH04384,Suresh Chauhan,47,Chemistry,14,10,14,1,0,203,0,SCH0367,Govt. Primary School Ghaziabad-367,1
TCH04385,Usha Mishra,36,Geography,13,9,11,1,0,454,0,SCH0384,Govt. Middle School Jaipur-384,1
TCH04386,Amit Pandey,38,Social Science,7,7,2,0,0,70,1,SCH0241,Govt. High School Udaipur-241,0
TCH04387,Yogesh Yadav,53,Geography,27,18,13,0,0,379,1,SCH0283,Govt. Primary School New-283,1
TCH04388,Suresh Sharma,61,Computer Science,29,2,11,1,0,172,0,SCH0211,Govt. Middle School North-211,1
TCH04389,Anita Garg,41,Computer Science,15,11,8,0,0,272,0,SCH0066,Govt. Middle School Kanpur-66,1
TCH04390,Priya Jain,47,History,7,5,3,0,0,143,0,SCH0400,Govt. Senior Secondary School Jodhpur-400,0
TCH04391,Vikram Nair,57,English,25,2,1,0,0,389,1,SCH0228,Govt. Senior Secondary School Kanpur-228,0
TCH04392,Seema Bhat,32,Geography,6,5,0,0,0,337,0,SCH0238,Govt. Primary School South-238,0
TCH04393,Sunil Reddy,57,Physical Education,1,1,0,0,0,85,0,SCH0199,Govt. High School Bikaner-199,0
TCH04394,Mahesh Pillai,24,Science,1,1,1,0,1,227,0,SCH0025,Govt. Middle School North-25,1
TCH04395,Kamla Rao,48,English,16,4,5,1,0,406,0,SCH0358,Govt. Primary School Central-358,1
TCH04396,Yogesh Joshi,28,Sanskrit,5,1,2,0,0,433,0,SCH0462,Govt. Primary School Noida-462,0
TCH04397,Amit Joshi,27,Geography,2,2,0,0,0,95,0,SCH0084,Govt. Primary School West-84,0
TCH04398,Radha Singh,24,Computer Science,1,1,0,1,0,316,0,SCH0170,Govt. Primary School Kanpur-170,1
TCH04399,Vikram Yadav,53,Biology,29,15,11,1,0,174,0,SCH0080,Govt. Primary School Jaipur-80,1
TCH04400,Geeta Sharma,25,Chemistry,1,1,1,0,0,18,1,SCH0249,Govt. Senior Secondary School West-249,0
TCH04401,Pooja Malhotra,54,Chemistry,16,6,5,0,0,164,0,SCH0398,Govt. Senior Secondary School South-398,1
TCH04402,Rekha Patel,28,Hindi,1,1,1,0,0,21,1,SCH0023,Govt. High School Faridabad-23,0
TCH04403,Anita Garg,51,Biology,9,7,9,0,0,244,1,SCH0175,Govt. Middle School Ghaziabad-175,1
TCH04404,Yogesh Aggarwal,34,Physical Education,6,4,4,0,0,452,0,SCH0118,Govt. Middle School Agra-118,0
TCH04405,Kavita Singh,26,English,3,2,3,0,0,197,0,SCH0486,Govt. Senior Secondary School East-486,0
TCH04406,Deepak Kaur,40,Geography,1,1,1,0,0,461,1,SCH0072,Govt. Middle School Udaipur-72,0
TCH04407,Priya Chauhan,30,Biology,2,2,2,0,0,292,1,SCH0289,Govt. Middle School Central-289,0
TCH04408,Radha Sharma,33,Physical Education,2,2,0,1,0,395,0,SCH0188,Govt. Middle School Kanpur-188,1
TCH04409,Shanti Reddy,42,History,12,6,11,1,0,228,1,SCH0269,Govt. Middle School East-269,1
TCH04410,Pankaj Rao,51,Mathematics,25,19,11,0,0,441,0,SCH0055,Govt. Middle School Noida-55,1
TCH04411,Radha Menon,60,Physical Education,11,1,11,1,0,498,1,SCH0143,Govt. Senior Secondary School Kota-143,1
TCH04412,Vikram Gupta,57,Science,14,10,0,1,0,1,0,SCH0217,Govt. Middle School Varanasi-217,1
TCH04413,Dinesh Rao,54,Chemistry,21,17,12,0,0,481,1,SCH0135,Govt. Middle School Central-135,1
TCH04414,Geeta Jain,33,English,1,1,1,0,0,108,0,SCH0260,Govt. High School Lucknow-260,0
TCH04415,Priya Patel,58,Science,8,5,5,0,0,308,0,SCH0062,Govt. High School North-62,1
TCH04416,Pooja Naidu,49,Hindi,12,7,0,1,0,30,1,SCH0293,Govt. High School Jaipur-293,1
TCH04417,Sunil Dubey,59,History,23,6,2,0,0,485,0,SCH0229,Govt. High School Agra-229,1
TCH04418,Mukesh Gupta,49,Art,2,1,2,0,0,243,0,SCH0135,Govt. Middle School Central-135,0
TCH04419,Pooja Pillai,32,Chemistry,3,1,2,1,0,205,1,SCH0337,Govt. Senior Secondary School Ghaziabad-337,1
TCH04420,Devika Verma,46,Hindi,11,4,10,0,1,16,1,SCH0060,Govt. High School Noida-60,1
TCH04421,Meena Joshi,29,English,6,4,3,0,0,17,1,SCH0104,Govt. High School West-104,0
TCH04422,Lakshmi Sharma,44,Physics,16,13,8,0,0,198,1,SCH0383,Govt. Middle School Gurgaon-383,1
TCH04423,Harish Aggarwal,43,Mathematics,10,7,2,1,0,69,0,SCH0031,Govt. Senior Secondary School East-31,1
TCH04424,Kamla Naidu,46,Social Science,8,5,1,0,0,449,1,SCH0058,Govt. Senior Secondary School Central-58,1
TCH04425,Kamla Sharma,44,Social Science,2,2,1,0,1,279,0,SCH0300,Govt. Primary School Central-300,1
TCH04426,Deepak Pandey,57,Hindi,23,9,2,0,0,421,0,SCH0451,Govt. Senior Secondary School Kanpur-451,1
TCH04427,Mukesh Aggarwal,61,Hindi,27,19,0,0,0,407,1,SCH0441,Govt. Senior Secondary School Varanasi-441,1
TCH04428,Mukesh Rao,43,Biology,15,8,2,1,1,183,0,SCH0097,Govt. Primary School Central-97,1
TCH04429,Suresh Patel,41,Chemistry,17,8,9,1,0,474,0,SCH0110,Govt. Primary School Bikaner-110,1
TCH04430,Sunil Garg,38,Art,12,4,0,0,1,25,0,SCH0284,Govt. Primary School Bikaner-284,0
TCH04431,Meena Naidu,48,English,11,4,8,0,1,242,1,SCH0037,Govt. High School Jaipur-37,1
TCH04432,Harish Kumar,24,Sanskrit,1,1,0,1,0,29,1,SCH0440,Govt. High School Lucknow-440,0
TCH04433,Vikram Rao,52,History,25,8,9,0,0,68,1,SCH0390,Govt. Middle School Lucknow-390,1
TCH04434,Vikas Patel,59,Hindi,7,6,3,1,0,474,0,SCH0038,Govt. Senior Secondary School Kota-38,1
TCH04435,Pankaj Bansal,25,Computer Science,2,1,2,1,0,332,0,SCH0321,Govt. Primary School West-321,1
TCH04436,Ramesh Bansal,53,Social Science,30,13,7,0,0,316,1,SCH0186,Govt. Senior Secondary School Faridabad-186,1
TCH04437,Sunita Malhotra,39,Chemistry,8,7,5,0,0,8,0,SCH0209,Govt. High School Noida-209,0
TCH04438,Ashok Malhotra,53,Chemistry,7,4,2,0,0,400,0,SCH0022,Govt. Primary School New-22,0
TCH04439,Sanjay Naidu,39,Physical Education,1,1,1,0,0,112,0,SCH0015,Govt. Primary School Noida-15,0
TCH04440,Shanti Shukla,47,Biology,12,5,9,1,0,5,0,SCH0477,Govt. Senior Secondary School Agra-477,1
TCH04441,Ramesh Kaur,37,English,8,2,1,1,0,210,0,SCH0311,Govt. High School Jaipur-311,1
TCH04442,Saroj Aggarwal,61,History,9,9,0,0,0,426,0,SCH0246,Govt. Senior Secondary School Central-246,0
TCH04443,Pankaj Reddy,27,Sanskrit,1,1,1,0,0,80,0,SCH0456,Govt. Senior Secondary School Ghaziabad-456,0
TCH04444,Arun Mishra,37,Geography,4,3,4,0,0,387,0,SCH0387,Govt. High School Kota-387,0
TCH04445,Vinod Rao,38,Art,4,4,1,1,0,72,1,SCH0267,Govt. Senior Secondary School Bikaner-267,0
TCH04446,Radha Iyer,24,Mathematics,1,1,1,0,1,229,0,SCH0039,Govt. Senior Secondary School North-39,1
TCH04447,Vikram Menon,42,Science,9,3,5,1,0,255,1,SCH0214,Govt. High School East-214,1
TCH04448,Meena Malhotra,48,Computer Science,25,18,0,0,0,295,0,SCH0361,Govt. High School South-361,1
TCH04449,Shanti Tiwari,56,Chemistry,9,4,6,1,0,92,0,SCH0021,Govt. Middle School Faridabad-21,1
TCH04450,Savita Reddy,37,Art,4,2,4,1,0,217,0,SCH0144,Govt. Senior Secondary School Kanpur-144,1
TCH04451,Usha Joshi,56,Sanskrit,23,3,3,1,0,109,0,SCH0470,Govt. High School Bikaner-470,1
TCH04452,Ajay Pandey,45,Social Science,13,1,8,1,0,342,0,SCH0275,Govt. Primary School East-275,1
TCH04453,Mukesh Nair,43,Biology,15,3,5,0,0,381,0,SCH0438,Govt. Primary School Jodhpur-438,1
TCH04454,Anita Bhat,41,History,13,12,1,1,0,348,0,SCH0198,Govt. Senior Secondary School Varanasi-198,1
TCH04455,Ajay Iyer,50,Computer Science,12,1,11,0,1,148,0,SCH0473,Govt. High School Central-473,1
TCH04456,Vikas Kumar,29,Biology,3,2,0,0,0,167,0,SCH0403,Govt. High School Varanasi-403,0
TCH04457,Anita Bhat,30,Biology,6,5,1,1,0,215,1,SCH0173,Govt. High School Gurgaon-173,1
TCH04458,Usha Menon,48,History,25,18,5,0,0,385,0,SCH0500,Govt. Middle School Varanasi-500,1
TCH04459,Vikram Tiwari,34,Computer Science,3,2,1,1,0,75,0,SCH0316,Govt. Senior Secondary School South-316,0
TCH04460,Seema Garg,54,Social Science,21,4,12,1,0,299,0,SCH0138,Govt. Middle School Bikaner-138,1
TCH04461,Harish Mishra,52,Physics,16,4,11,0,0,461,1,SCH0305,Govt. Primary School Noida-305,1
TCH04462,Ashok Jain,33,Hindi,10,8,5,1,0,99,0,SCH0475,Govt. Primary School Kanpur-475,1
TCH04463,Sanjay Dubey,53,Social Science,5,2,2,1,0,139,0,SCH0290,Govt. High School North-290,0
TCH04464,Usha Nair,31,Computer Science,4,4,2,1,0,100,0,SCH0099,Govt. Senior Secondary School Faridabad-99,0
TCH04465,Seema Tiwari,41,Geography,16,9,13,0,0,267,1,SCH0211,Govt. Middle School North-211,1
TCH04466,Sanjay Malhotra,25,Geography,1,1,1,0,0,394,1,SCH0218,Govt. Primary School Lucknow-218,0
TCH04467,Deepak Aggarwal,51,Art,25,5,5,0,0,369,1,SCH0456,Govt. Senior Secondary School Ghaziabad-456,1
TCH04468,Vinod Yadav,31,Computer Science,1,1,0,0,0,61,0,SCH0353,Govt. High School West-353,0
TCH04469,Shanti Bhat,26,History,1,1,1,0,0,341,0,SCH0352,Govt. Middle School Varanasi-352,0
TCH04470,Ashok Yadav,41,Art,3,1,3,0,0,45,0,SCH0284,Govt. Primary School Bikaner-284,0
TCH04471,Anita Nair,39,English,9,6,1,0,0,346,1,SCH0237,Govt. Senior Secondary School East-237,1
TCH04472,Vinod Reddy,57,Hindi,16,5,6,0,0,278,0,SCH0061,Govt. Primary School Kota-61,1
TCH04473,Ajay Aggarwal,52,Computer Science,8,5,1,0,0,36,0,SCH0106,Govt. Middle School West-106,0
TCH04474,Usha Patel,27,Computer Science,3,3,1,0,0,467,1,SCH0426,Govt. High School Jodhpur-426,0
TCH04475,Pushpa Dubey,36,Hindi,11,7,2,0,1,198,0,SCH0415,Govt. Middle School East-415,1
TCH04476,Mukesh Bhat,46,Social Science,2,1,1,0,1,375,0,SCH0201,Govt. Primary School Bikaner-201,1
TCH04477,Vikas Chauhan,39,History,5,3,3,1,0,491,1,SCH0478,Govt. Senior Secondary School Lucknow-478,1
TCH04478,Meena Tiwari,24,Geography,1,1,0,1,0,303,1,SCH0175,Govt. Middle School Ghaziabad-175,1
TCH04479,Mahesh Singh,25,Chemistry,1,1,0,1,0,57,0,SCH0037,Govt. High School Jaipur-37,0
TCH04480,Devika Shukla,47,Mathematics,18,1,7,0,0,387,0,SCH0417,Govt. Primary School New-417,1
TCH04481,Sanjay Aggarwal,29,Social Science,2,2,1,0,0,210,0,SCH0035,Govt. Primary School South-35,0
TCH04482,Pushpa Chauhan,34,History,5,3,1,1,0,225,0,SCH0476,Govt. Primary School East-476,1
TCH04483,Seema Nair,43,Geography,15,13,6,0,0,77,1,SCH0299,Govt. Primary School Jaipur-299,1
TCH04484,Sanjay Tiwari,50,Mathematics,1,1,0,0,0,484,0,SCH0216,Govt. Middle School East-216,0
TCH04485,Pushpa Iyer,43,Science,7,6,7,0,0,410,0,SCH0219,Govt. Primary School Ajmer-219,1
TCH04486,Radha Shukla,33,Physics,10,5,5,1,0,127,0,SCH0244,Govt. Senior Secondary School Agra-244,1
TCH04487,Deepak Patel,51,Science,16,4,7,1,0,6,0,SCH0062,Govt. High School North-62,1
TCH04488,Sunita Verma,51,Sanskrit,4,2,0,0,1,284,0,SCH0186,Govt. Senior Secondary School Faridabad-186,1
TCH04489,Seema Singh,24,History,1,1,0,0,0,348,1,SCH0036,Govt. Primary School Noida-36,0
TCH04490,Seema Kumar,60,Art,24,9,5,0,0,345,0,SCH0275,Govt. Primary School East-275,1
TCH04491,Radha Yadav,47,Mathematics,23,1,0,0,1,268,1,SCH0050,Govt. Senior Secondary School Ajmer-50,1
TCH04492,Vikas Verma,34,Mathematics,7,2,3,0,0,429,1,SCH0457,Govt. Senior Secondary School Ghaziabad-457,1
TCH04493,Usha Iyer,38,Physical Education,5,2,0,0,0,341,0,SCH0058,Govt. Senior Secondary School Central-58,0
TCH04494,Vinod Chaudhary,58,Hindi,19,7,6,0,0,427,1,SCH0142,Govt. Middle School New-142,1
TCH04495,Ramesh Iyer,30,Geography,3,1,1,1,0,423,0,SCH0119,Govt. Middle School Noida-119,1
TCH04496,Seema Jain,51,History,16,1,9,1,0,141,0,SCH0293,Govt. High School Jaipur-293,1
TCH04497,Geeta Kumar,42,Mathematics,13,7,2,1,0,166,0,SCH0182,Govt. Senior Secondary School Varanasi-182,1
TCH04498,Anita Pandey,43,Art,1,1,1,1,0,440,1,SCH0284,Govt. Primary School Bikaner-284,1
TCH04499,Arun Aggarwal,42,Sanskrit,6,4,2,0,0,444,0,SCH0113,Govt. High School Jodhpur-113,0
TCH04500,Nita Menon,48,Geography,20,6,3,0,0,375,0,SCH0197,Govt. Middle School Udaipur-197,1
TCH04501,Arun Gupta,45,Geography,19,12,8,0,0,224,0,SCH0009,Govt. Middle School Gurgaon-9,1
TCH04502,Saroj Tiwari,49,Art,25,3,13,1,0,146,1,SCH0380,Govt. Primary School Agra-380,1
TCH04503,Kavita Singh,44,Hindi,6,3,5,1,0,17,0,SCH0249,Govt. Senior Secondary School West-249,1
TCH04504,Pankaj Mishra,53,Hindi,4,4,2,0,0,298,0,SCH0433,Govt. High School Jodhpur-433,0
TCH04505,Saroj Patel,31,English,5,5,4,1,0,172,1,SCH0236,Govt. Senior Secondary School Jaipur-236,1
TCH04506,Ramesh Tiwari,37,Science,5,3,3,0,0,289,1,SCH0470,Govt. High School Bikaner-470,1
TCH04507,Geeta Naidu,32,Social Science,7,7,6,1,1,126,0,SCH0002,Govt. Senior Secondary School Kota-2,1
TCH04508,Anita Garg,41,Geography,2,2,1,0,0,180,0,SCH0223,Govt. Middle School Gurgaon-223,0
TCH04509,Naresh Chauhan,39,Hindi,16,13,12,1,0,496,0,SCH0435,Govt. Primary School Noida-435,1
TCH04510,Suresh Garg,54,Science,29,7,11,0,0,368,1,SCH0119,Govt. Middle School Noida-119,1
TCH04511,Yogesh Chauhan,29,English,2,1,2,1,0,306,1,SCH0210,Govt. Middle School West-210,1
TCH04512,Naresh Garg,61,Geography,9,6,0,0,0,109,1,SCH0379,Govt. Primary School New-379,0
TCH04513,Naresh Sharma,47,History,9,3,6,0,0,170,0,SCH0385,Govt. Senior Secondary School Noida-385,0
TCH04514,Seema Yadav,48,Computer Science,24,9,10,0,0,314,0,SCH0392,Govt. High School South-392,1
TCH04515,Radha Aggarwal,38,History,6,2,5,1,0,462,0,SCH0252,Govt. Primary School Gurgaon-252,1
TCH04516,Ashok Sharma,52,Biology,15,1,9,1,0,106,0,SCH0176,Govt. Middle School Udaipur-176,1
TCH04517,Saroj Shukla,48,Sanskrit,22,2,0,0,0,184,0,SCH0260,Govt. High School Lucknow-260,0
TCH04518,Ajay Yadav,32,Physics,5,2,2,0,0,430,0,SCH0227,Govt. Senior Secondary School Lucknow-227,0
TCH04519,Vikram Iyer,60,Sanskrit,30,17,14,1,0,55,1,SCH0074,Govt. Middle School Ajmer-74,1
TCH04520,Naresh Patel,45,Art,13,5,11,0,0,184,0,SCH0358,Govt. Primary School Central-358,1
TCH04521,Nita Yadav,58,Physics,1,1,1,0,0,443,0,SCH0207,Govt. Middle School Varanasi-207,0
TCH04522,Lakshmi Tiwari,57,Hindi,24,11,7,0,0,377,0,SCH0181,Govt. Middle School Kota-181,1
TCH04523,Vinod Mittal,29,Hindi,4,4,3,0,0,223,0,SCH0367,Govt. Primary School Ghaziabad-367,0
TCH04524,Ajay Mittal,51,Biology,8,6,2,1,1,340,0,SCH0195,Govt. High School South-195,1
TCH04525,Priya Naidu,30,Geography,6,2,3,0,1,50,1,SCH0492,Govt. High School Lucknow-492,1
TCH04526,Vikram Chauhan,28,Physical Education,3,1,0,0,1,375,0,SCH0125,Govt. Primary School Jodhpur-125,1
TCH04527,Priya Shukla,60,Geography,2,1,1,1,0,102,1,SCH0410,Govt. Senior Secondary School South-410,0
TCH04528,Shanti Shukla,61,Mathematics,16,15,10,0,0,163,0,SCH0177,Govt. Senior Secondary School Agra-177,1
TCH04529,Radha Kaur,25,Biology,1,1,1,0,0,131,1,SCH0252,Govt. Primary School Gurgaon-252,0
TCH04530,Radha Gupta,61,Chemistry,12,11,7,0,0,209,0,SCH0466,Govt. Senior Secondary School Jodhpur-466,1
TCH04531,Dinesh Mishra,41,Social Science,5,1,5,0,0,0,0,SCH0131,Govt. Senior Secondary School New-131,0
TCH04532,Mahesh Rao,55,English,20,13,7,1,0,42,0,SCH0188,Govt. Middle School Kanpur-188,1
TCH04533,Ramesh Garg,49,Geography,8,3,8,1,0,240,0,SCH0087,Govt. Primary School Udaipur-87,1
TCH04534,Kamla Iyer,33,History,4,1,2,1,1,246,0,SCH0331,Govt. Senior Secondary School Jodhpur-331,1
TCH04535,Sanjay Garg,44,Mathematics,19,14,4,0,0,470,0,SCH0415,Govt. Middle School East-415,1
TCH04536,Shanti Verma,35,Art,1,1,1,0,0,454,1,SCH0196,Govt. Middle School Jaipur-196,0
TCH04537,Anita Bhat,41,English,8,1,6,0,0,411,1,SCH0118,Govt. Middle School Agra-118,1
TCH04538,Saroj Bhat,55,History,14,13,4,0,1,275,0,SCH0048,Govt. Middle School Gurgaon-48,1
TCH04539,Mahesh Gupta,37,History,14,4,2,1,1,52,1,SCH0026,Govt. High School South-26,1
TCH04540,Mahesh Chauhan,45,English,11,6,6,0,0,120,0,SCH0478,Govt. Senior Secondary School Lucknow-478,1
TCH04541,Meena Garg,50,Chemistry,26,17,6,0,0,167,1,SCH0151,Govt. High School Kanpur-151,1
TCH04542,Pooja Mishra,56,Chemistry,32,3,1,0,0,273,1,SCH0143,Govt. Senior Secondary School Kota-143,0
TCH04543,Arun Nair,48,Science,2,2,0,0,0,316,0,SCH0160,Govt. Middle School Faridabad-160,0
TCH04544,Anita Iyer,44,Mathematics,13,6,13,1,0,72,0,SCH0119,Govt. Middle School Noida-119,1
TCH04545,Pooja Joshi,45,History,17,4,5,0,0,68,0,SCH0294,Govt. Middle School East-294,0
TCH04546,Radha Mittal,42,English,1,1,0,1,1,118,1,SCH0241,Govt. High School Udaipur-241,1
TCH04547,Priya Aggarwal,55,Hindi,30,17,0,1,0,461,0,SCH0121,Govt. Middle School Ajmer-121,1
TCH04548,Vikram Gupta,57,Art,33,13,14,0,1,405,0,SCH0309,Govt. Middle School Agra-309,1
TCH04549,Seema Bansal,43,Art,2,1,1,1,0,125,0,SCH0052,Govt. Middle School Lucknow-52,0
TCH04550,Sunil Singh,37,Art,10,4,9,0,0,441,1,SCH0092,Govt. Primary School Kanpur-92,1
TCH04551,Devika Malhotra,54,Physics,11,7,2,0,0,454,0,SCH0237,Govt. Senior Secondary School East-237,1
TCH04552,Pooja Kumar,27,History,1,1,0,1,0,304,1,SCH0371,Govt. Primary School Ghaziabad-371,1
TCH04553,Pooja Mishra,47,Art,1,1,0,0,0,429,0,SCH0478,Govt. Senior Secondary School Lucknow-478,0
TCH04554,Ashok Garg,42,English,2,1,1,1,0,114,1,SCH0005,Govt. Primary School New-5,0
TCH04555,Seema Nair,40,Sanskrit,15,8,1,0,1,252,0,SCH0393,Govt. Primary School Ajmer-393,1
TCH04556,Harish Nair,53,Mathematics,22,8,2,1,1,388,1,SCH0011,Govt. Middle School Lucknow-11,1
TCH04557,Deepak Patel,32,Mathematics,6,2,0,1,0,419,0,SCH0202,Govt. High School West-202,1
TCH04558,Meena Garg,33,English,1,1,1,1,1,23,0,SCH0241,Govt. High School Udaipur-241,1
TCH04559,Ajay Bansal,42,Physics,11,3,10,1,0,405,0,SCH0124,Govt. High School Ghaziabad-124,1
TCH04560,Seema Chauhan,31,Hindi,3,1,0,0,0,220,0,SCH0294,Govt. Middle School East-294,0
TCH04561,Pooja Bhat,31,Science,8,5,0,0,0,144,1,SCH0233,Govt. Primary School Jodhpur-233,0
TCH04562,Geeta Patel,61,Computer Science,32,14,11,1,0,160,1,SCH0366,Govt. Senior Secondary School East-366,1
TCH04563,Amit Gupta,30,Chemistry,5,1,0,1,0,360,0,SCH0311,Govt. High School Jaipur-311,1
TCH04564,Rajesh Joshi,30,Biology,1,1,0,1,0,366,0,SCH0070,Govt. High School Kota-70,1
TCH04565,Pushpa Naidu,50,Art,4,1,1,1,0,274,0,SCH0271,Govt. Middle School Lucknow-271,1
TCH04566,Devika Menon,28,Physical Education,1,1,0,0,0,242,0,SCH0203,Govt. Primary School Kanpur-203,0
TCH04567,Kamla Chauhan,36,Computer Science,12,3,12,0,0,140,0,SCH0207,Govt. Middle School Varanasi-207,0
TCH04568,Kamla Dubey,43,Art,4,1,4,1,0,314,1,SCH0483,Govt. Middle School Central-483,1
TCH04569,Vikas Bhat,48,Sanskrit,15,7,0,1,0,128,0,SCH0311,Govt. High School Jaipur-311,1
TCH04570,Lakshmi Malhotra,33,Social Science,6,6,1,0,1,262,0,SCH0384,Govt. Middle School Jaipur-384,1
TCH04571,Pankaj Patel,40,History,3,2,2,0,0,212,0,SCH0269,Govt. Middle School East-269,0
TCH04572,Pushpa Kumar,30,Art,6,5,2,0,0,173,1,SCH0440,Govt. High School Lucknow-440,0
TCH04573,Nita Gupta,25,Geography,1,1,0,1,0,496,0,SCH0019,Govt. Senior Secondary School Bikaner-19,1
TCH04574,Rekha Singh,47,Geography,5,3,3,0,0,100,0,SCH0189,Govt. Senior Secondary School Noida-189,0
TCH04575,Pankaj Shukla,24,Chemistry,1,1,0,0,0,176,0,SCH0463,Govt. Primary School Jaipur-463,0
TCH04576,Shanti Sharma,55,Physics,16,2,6,0,0,285,0,SCH0154,Govt. Middle School Lucknow-154,1
TCH04577,Sanjay Malhotra,30,Mathematics,7,6,4,0,0,479,0,SCH0250,Govt. High School Kanpur-250,1
TCH04578,Radha Malhotra,55,Computer Science,27,3,14,0,0,206,0,SCH0111,Govt. Senior Secondary School Gurgaon-111,1
TCH04579,Meena Chauhan,25,Sanskrit,2,2,0,0,0,494,0,SCH0385,Govt. Senior Secondary School Noida-385,0
TCH04580,Deepak Reddy,61,Art,25,15,3,1,0,484,1,SCH0303,Govt. Middle School Central-303,1
TCH04581,Lakshmi Mishra,59,English,28,1,7,0,1,146,1,SCH0155,Govt. Primary School Gurgaon-155,1
TCH04582,Ramesh Mittal,33,Biology,10,5,10,1,1,289,1,SCH0009,Govt. Middle School Gurgaon-9,1
TCH04583,Pushpa Shukla,47,Biology,24,7,3,0,0,313,0,SCH0130,Govt. High School East-130,1
TCH04584,Savita Dubey,28,Hindi,4,4,1,0,0,399,0,SCH0365,Govt. Senior Secondary School Ajmer-365,0
TCH04585,Deepak Chaudhary,53,Mathematics,14,14,2,0,0,432,0,SCH0238,Govt. Primary School South-238,1
TCH04586,Meena Mittal,42,Computer Science,18,17,10,0,0,144,0,SCH0126,Govt. Senior Secondary School West-126,1
TCH04587,Suresh Joshi,28,Physics,5,4,2,1,0,162,0,SCH0473,Govt. High School Central-473,0
TCH04588,Dinesh Chauhan,56,Chemistry,21,6,4,1,0,329,1,SCH0028,Govt. High School Varanasi-28,1
TCH04589,Radha Gupta,55,Geography,18,2,14,1,0,351,1,SCH0455,Govt. Senior Secondary School Ajmer-455,1
TCH04590,Dinesh Bansal,28,History,5,2,0,1,0,384,1,SCH0151,Govt. High School Kanpur-151,1
TCH04591,Mukesh Verma,49,Sanskrit,25,12,5,0,0,95,0,SCH0283,Govt. Primary School New-283,1
TCH04592,Mukesh Gupta,29,Physics,1,1,1,0,0,137,1,SCH0434,Govt. High School West-434,0
TCH04593,Sanjay Joshi,41,History,4,4,1,1,0,452,0,SCH0170,Govt. Primary School Kanpur-170,1
TCH04594,Rajesh Singh,25,English,2,1,2,0,0,419,0,SCH0085,Govt. Middle School Udaipur-85,0
TCH04595,Devika Tiwari,42,Mathematics,9,4,2,1,0,58,0,SCH0382,Govt. Senior Secondary School Jaipur-382,0
TCH04596,Harish Yadav,30,Computer Science,7,1,0,0,0,195,0,SCH0013,Govt. High School Kota-13,0
TCH04597,Shanti Sharma,42,Biology,15,1,4,0,0,315,0,SCH0267,Govt. Senior Secondary School Bikaner-267,1
TCH04598,Usha Aggarwal,37,Geography,14,10,0,0,0,350,0,SCH0207,Govt. Middle School Varanasi-207,1
TCH04599,Dinesh Iyer,48,Physics,4,1,2,1,0,305,0,SCH0236,Govt. Senior Secondary School Jaipur-236,1
TCH04600,Shanti Verma,24,Art,1,1,1,0,0,311,0,SCH0146,Govt. Middle School Central-146,0
TCH04601,Anita Singh,27,Biology,1,1,0,0,0,360,0,SCH0265,Govt. Middle School Gurgaon-265,0
TCH04602,Pushpa Chaudhary,27,Art,3,1,0,1,0,272,1,SCH0389,Govt. Middle School Gurgaon-389,1
TCH04603,Amit Naidu,31,Art,8,8,6,0,0,148,0,SCH0264,Govt. Primary School Udaipur-264,0
TCH04604,Vikas Nair,61,Science,20,18,11,0,1,363,0,SCH0281,Govt. Primary School East-281,1
TCH04605,Meena Jain,56,Sanskrit,29,10,9,1,1,108,0,SCH0496,Govt. Middle School Bikaner-496,1
TCH04606,Usha Naidu,29,Physical Education,3,3,3,0,0,133,0,SCH0194,Govt. Middle School Ajmer-194,0
TCH04607,Seema Kumar,42,English,16,9,6,0,1,58,1,SCH0226,Govt. Senior Secondary School Kanpur-226,1
TCH04608,Sanjay Gupta,43,Geography,18,1,1,0,0,161,0,SCH0391,Govt. Primary School West-391,0
TCH04609,Seema Shukla,59,Hindi,11,10,6,0,0,473,0,SCH0197,Govt. Middle School Udaipur-197,1
TCH04610,Amit Joshi,54,Mathematics,19,13,11,1,0,7,0,SCH0022,Govt. Primary School New-22,1
TCH04611,Deepak Yadav,31,Chemistry,7,5,7,0,0,214,0,SCH0489,Govt. Senior Secondary School Kanpur-489,1
TCH04612,Sanjay Chaudhary,28,Art,5,4,4,1,0,323,0,SCH0292,Govt. High School Jodhpur-292,1
TCH04613,Meena Chaudhary,61,History,9,4,9,1,1,367,0,SCH0423,Govt. Senior Secondary School Lucknow-423,1
TCH04614,Mahesh Jain,61,Hindi,15,3,8,0,0,183,0,SCH0291,Govt. Primary School Faridabad-291,0
TCH04615,Vikram Patel,44,Sanskrit,12,7,1,0,1,152,0,SCH0001,Govt. Senior Secondary School West-1,1
TCH04616,Mahesh Kaur,25,Biology,2,1,0,0,0,256,0,SCH0020,Govt. Senior Secondary School Kota-20,0
TCH04617,Vikram Mishra,29,Biology,1,1,1,1,0,230,0,SCH0403,Govt. High School Varanasi-403,1
TCH04618,Arun Jain,49,Computer Science,24,1,7,1,0,417,1,SCH0469,Govt. High School Gurgaon-469,1
TCH04619,Kavita Gupta,31,Computer Science,5,1,0,1,0,6,1,SCH0253,Govt. Middle School Gurgaon-253,0
TCH04620,Usha Iyer,32,Physical Education,2,1,1,0,0,314,0,SCH0236,Govt. Senior Secondary School Jaipur-236,0
TCH04621,Mukesh Tiwari,44,Geography,12,11,3,1,0,489,0,SCH0191,Govt. Middle School Gurgaon-191,1
TCH04622,Devika Mittal,61,Sanskrit,13,8,9,1,0,320,1,SCH0286,Govt. Primary School Bikaner-286,1
TCH04623,Usha Reddy,53,Computer Science,10,10,3,0,0,447,0,SCH0380,Govt. Primary School Agra-380,1
TCH04624,Kamla Kumar,60,Computer Science,10,9,10,0,0,323,1,SCH0168,Govt. High School Kota-168,1
TCH04625,Anita Nair,37,Computer Science,12,4,12,1,0,20,0,SCH0350,Govt. Middle School Jaipur-350,1
TCH04626,Ajay Malhotra,33,Hindi,1,1,1,1,0,29,0,SCH0143,Govt. Senior Secondary School Kota-143,0
TCH04627,Priya Chaudhary,25,Biology,1,1,1,0,0,300,0,SCH0116,Govt. Middle School East-116,0
TCH04628,Usha Nair,37,Social Science,4,2,1,0,0,273,1,SCH0140,Govt. Primary School Udaipur-140,0
TCH04629,Lakshmi Verma,41,Geography,5,1,2,1,0,74,0,SCH0256,Govt. Senior Secondary School Faridabad-256,0
TCH04630,Mahesh Singh,37,Sanskrit,7,1,1,0,0,306,0,SCH0154,Govt. Middle School Lucknow-154,0
TCH04631,Devika Mishra,28,Sanskrit,5,2,2,0,0,432,0,SCH0076,Govt. High School Jodhpur-76,0
TCH04632,Ramesh Mittal,24,Hindi,1,1,1,0,0,390,0,SCH0402,Govt. Middle School Faridabad-402,0
TCH04633,Meena Jain,60,Science,5,1,3,1,0,174,0,SCH0238,Govt. Primary School South-238,1
TCH04634,Sunil Nair,41,Physics,10,5,9,0,0,404,0,SCH0358,Govt. Primary School Central-358,1
TCH04635,Lakshmi Chaudhary,58,Geography,21,9,10,0,1,40,0,SCH0212,Govt. Middle School Ghaziabad-212,1
TCH04636,Rekha Gupta,55,Hindi,10,5,8,0,0,319,0,SCH0170,Govt. Primary School Kanpur-170,1
TCH04637,Saroj Rao,32,Computer Science,7,4,3,1,0,26,0,SCH0084,Govt. Primary School West-84,1
TCH04638,Ashok Jain,26,Mathematics,3,2,1,0,0,370,0,SCH0034,Govt. Middle School Varanasi-34,0
TCH04639,Lakshmi Bansal,25,Chemistry,1,1,1,1,0,288,1,SCH0224,Govt. Primary School South-224,1
TCH04640,Pankaj Rao,26,Mathematics,2,1,0,1,0,117,0,SCH0079,Govt. Senior Secondary School North-79,0
TCH04641,Shanti Singh,43,Social Science,1,1,0,1,0,230,0,SCH0171,Govt. Middle School Ajmer-171,1
TCH04642,Pushpa Mittal,43,Biology,6,1,5,1,0,197,0,SCH0121,Govt. Middle School Ajmer-121,1
TCH04643,Lakshmi Pillai,29,Hindi,4,1,2,0,0,15,1,SCH0476,Govt. Primary School East-476,0
TCH04644,Radha Garg,46,Hindi,9,4,7,1,0,389,0,SCH0208,Govt. Middle School Ghaziabad-208,1
TCH04645,Geeta Iyer,37,Art,14,2,12,0,0,317,0,SCH0147,Govt. High School Gurgaon-147,1
TCH04646,Usha Patel,43,Geography,16,6,7,1,1,172,0,SCH0085,Govt. Middle School Udaipur-85,1
TCH04647,Anita Shukla,40,Sanskrit,3,1,2,0,0,86,1,SCH0168,Govt. High School Kota-168,0
TCH04648,Suresh Gupta,43,Science,7,4,1,0,0,290,0,SCH0043,Govt. Senior Secondary School Ajmer-43,0
TCH04649,Rajesh Kumar,58,History,29,9,4,0,0,88,0,SCH0408,Govt. High School North-408,1
TCH04650,Pushpa Mittal,30,Science,7,7,3,0,0,433,0,SCH0220,Govt. High School North-220,1
TCH04651,Meena Verma,33,Mathematics,7,2,6,1,0,170,0,SCH0479,Govt. Middle School Agra-479,1
TCH04652,Pooja Verma,52,English,24,10,2,0,0,259,1,SCH0242,Govt. Senior Secondary School Agra-242,1
TCH04653,Shanti Naidu,38,Computer Science,5,2,3,1,0,381,1,SCH0150,Govt. Primary School Jodhpur-150,1
TCH04654,Dinesh Naidu,28,Geography,3,2,1,1,0,491,1,SCH0471,Govt. Middle School Ajmer-471,1
TCH04655,Amit Patel,61,Social Science,6,2,1,0,0,1,0,SCH0045,Govt. Senior Secondary School New-45,0
TCH04656,Suresh Verma,40,Geography,16,10,1,0,0,369,0,SCH0170,Govt. Primary School Kanpur-170,1
TCH04657,Amit Iyer,27,Mathematics,2,1,1,1,0,402,1,SCH0043,Govt. Senior Secondary School Ajmer-43,1
TCH04658,Sanjay Aggarwal,31,English,2,1,1,0,0,440,0,SCH0421,Govt. Middle School Jaipur-421,0
TCH04659,Lakshmi Bansal,26,Biology,2,1,2,0,0,121,1,SCH0460,Govt. High School Ghaziabad-460,0
TCH04660,Seema Pillai,30,Social Science,6,3,3,0,0,107,1,SCH0056,Govt. Senior Secondary School South-56,0
TCH04661,Kamla Gupta,50,Sanskrit,10,5,3,0,0,124,1,SCH0316,Govt. Senior Secondary School South-316,1
TCH04662,Vinod Kumar,27,Science,1,1,0,0,0,294,0,SCH0314,Govt. Primary School Udaipur-314,0
TCH04663,Ajay Garg,27,Social Science,3,1,1,0,0,468,0,SCH0237,Govt. Senior Secondary School East-237,0
TCH04664,Harish Singh,31,Biology,1,1,1,1,0,295,1,SCH0081,Govt. High School Gurgaon-81,1
TCH04665,Ramesh Bhat,47,Social Science,21,19,1,0,0,187,0,SCH0311,Govt. High School Jaipur-311,0
TCH04666,Lakshmi Garg,46,Physics,22,10,13,0,0,40,1,SCH0017,Govt. Primary School Udaipur-17,1
TCH04667,Arun Bhat,32,Biology,9,1,1,0,0,199,1,SCH0341,Govt. High School Gurgaon-341,0
TCH04668,Yogesh Dubey,49,History,8,4,3,0,0,118,1,SCH0415,Govt. Middle School East-415,0
TCH04669,Vinod Reddy,49,Physical Education,6,1,3,0,1,341,0,SCH0157,Govt. Senior Secondary School Jodhpur-157,1
TCH04670,Lakshmi Chaudhary,51,Art,18,6,13,0,0,397,0,SCH0418,Govt. High School Ghaziabad-418,1
TCH04671,Geeta Aggarwal,45,Sanskrit,9,2,2,0,0,201,0,SCH0477,Govt. Senior Secondary School Agra-477,0
TCH04672,Ashok Yadav,37,Hindi,14,9,11,1,0,320,0,SCH0159,Govt. High School North-159,1
TCH04673,Meena Bhat,60,English,9,9,0,0,0,94,0,SCH0237,Govt. Senior Secondary School East-237,0
TCH04674,Anita Verma,41,Geography,16,8,2,0,1,318,1,SCH0019,Govt. Senior Secondary School Bikaner-19,1
TCH04675,Kavita Kumar,40,Science,7,3,6,1,0,202,0,SCH0449,Govt. High School Gurgaon-449,1
TCH04676,Deepak Kumar,25,Physical Education,2,2,2,1,0,205,0,SCH0230,Govt. High School West-230,1
TCH04677,Vinod Malhotra,50,Physics,20,17,11,1,0,393,1,SCH0038,Govt. Senior Secondary School Kota-38,1
TCH04678,Ashok Pillai,57,Hindi,18,7,12,1,0,209,1,SCH0353,Govt. High School West-353,1
TCH04679,Mukesh Chaudhary,45,Chemistry,10,8,6,0,0,303,1,SCH0368,Govt. Middle School Varanasi-368,1
TCH04680,Devika Kaur,52,Geography,16,16,7,0,0,209,1,SCH0063,Govt. High School Faridabad-63,1
TCH04681,Nita Mittal,33,Biology,2,1,2,0,0,289,0,SCH0155,Govt. Primary School Gurgaon-155,0
TCH04682,Amit Dubey,40,English,12,5,1,1,0,493,0,SCH0336,Govt. Senior Secondary School Ghaziabad-336,1
TCH04683,Sanjay Dubey,25,Science,2,2,2,1,0,366,0,SCH0201,Govt. Primary School Bikaner-201,1
TCH04684,Amit Bansal,26,Sanskrit,3,3,2,0,0,338,0,SCH0026,Govt. High School South-26,0
TCH04685,Mahesh Shukla,36,English,2,2,1,1,0,448,0,SCH0412,Govt. Primary School Central-412,1
TCH04686,Pushpa Chauhan,61,Computer Science,13,13,5,0,0,365,0,SCH0417,Govt. Primary School New-417,1
TCH04687,Lakshmi Aggarwal,40,Physical Education,5,3,3,1,0,25,0,SCH0495,Govt. Senior Secondary School Faridabad-495,1
TCH04688,Ashok Chauhan,54,English,2,2,2,1,0,90,1,SCH0442,Govt. High School Gurgaon-442,0
TCH04689,Ashok Kaur,26,Physical Education,2,2,0,0,0,175,0,SCH0418,Govt. High School Ghaziabad-418,0
TCH04690,Ashok Jain,29,Art,6,3,6,0,0,242,1,SCH0217,Govt. Middle School Varanasi-217,1
TCH04691,Pooja Sharma,24,Sanskrit,1,1,0,0,1,28,0,SCH0291,Govt. Primary School Faridabad-291,0
TCH04692,Arun Tiwari,24,Chemistry,1,1,0,0,0,293,1,SCH0402,Govt. Middle School Faridabad-402,0
TCH04693,Pushpa Mittal,52,Physics,10,4,3,1,0,361,1,SCH0048,Govt. Middle School Gurgaon-48,1
TCH04694,Amit Mittal,60,English,33,5,2,0,0,457,0,SCH0076,Govt. High School Jodhpur-76,1
TCH04695,Harish Iyer,40,Biology,2,1,0,1,0,428,1,SCH0123,Govt. Middle School Central-123,1
TCH04696,Seema Jain,40,Hindi,5,1,1,0,1,304,1,SCH0491,Govt. Senior Secondary School Central-491,1
TCH04697,Pooja Chaudhary,53,Mathematics,25,5,7,0,0,488,0,SCH0370,Govt. High School Kanpur-370,1
TCH04698,Rajesh Reddy,36,Physics,3,1,1,0,1,285,0,SCH0395,Govt. Primary School Jodhpur-395,1
TCH04699,Usha Aggarwal,39,Geography,11,6,3,0,0,410,1,SCH0365,Govt. Senior Secondary School Ajmer-365,1
TCH04700,Usha Sharma,58,Science,21,4,1,0,0,416,0,SCH0191,Govt. Middle School Gurgaon-191,0
TCH04701,Harish Yadav,31,Hindi,8,4,1,1,0,154,0,SCH0248,Govt. High School Central-248,0
TCH04702,Usha Naidu,51,Computer Science,27,8,8,0,0,434,0,SCH0076,Govt. High School Jodhpur-76,1
TCH04703,Harish Tiwari,47,History,10,6,9,0,0,14,0,SCH0440,Govt. High School Lucknow-440,1
TCH04704,Kamla Pillai,58,Geography,14,7,11,0,0,448,1,SCH0201,Govt. Primary School Bikaner-201,1
TCH04705,Saroj Yadav,25,Chemistry,1,1,1,0,0,284,1,SCH0475,Govt. Primary School Kanpur-475,0
TCH04706,Amit Chauhan,45,Physical Education,21,10,3,0,0,336,1,SCH0395,Govt. Primary School Jodhpur-395,1
TCH04707,Devika Joshi,46,History,7,1,6,0,0,410,0,SCH0303,Govt. Middle School Central-303,0
TCH04708,Savita Verma,54,Social Science,12,10,8,0,0,381,0,SCH0387,Govt. High School Kota-387,1
TCH04709,Priya Chaudhary,54,Geography,22,3,4,0,0,409,1,SCH0171,Govt. Middle School Ajmer-171,1
TCH04710,Vikram Rao,40,Sanskrit,6,2,2,1,0,10,0,SCH0322,Govt. High School Central-322,0
TCH04711,Pankaj Jain,31,Biology,6,6,5,0,0,289,0,SCH0450,Govt. High School Kanpur-450,1
TCH04712,Ajay Pillai,36,Hindi,13,6,4,1,0,346,0,SCH0469,Govt. High School Gurgaon-469,1
TCH04713,Ashok Bansal,54,Geography,3,2,3,0,0,140,0,SCH0473,Govt. High School Central-473,0
TCH04714,Yogesh Tiwari,47,Social Science,19,6,0,1,0,193,1,SCH0115,Govt. High School Jodhpur-115,1
TCH04715,Amit Bansal,52,Hindi,4,2,0,0,1,322,1,SCH0457,Govt. Senior Secondary School Ghaziabad-457,1
TCH04716,Anita Tiwari,37,Chemistry,6,5,4,1,0,212,1,SCH0343,Govt. Senior Secondary School Central-343,1
TCH04717,Rajesh Nair,46,Hindi,14,11,5,1,0,445,0,SCH0136,Govt. Middle School Ghaziabad-136,1
TCH04718,Ramesh Bansal,25,Biology,2,1,0,0,1,183,0,SCH0021,Govt. Middle School Faridabad-21,0
TCH04719,Lakshmi Sharma,28,Chemistry,5,1,5,0,0,308,1,SCH0123,Govt. Middle School Central-123,1
TCH04720,Vikram Aggarwal,31,Art,1,1,0,0,0,167,1,SCH0025,Govt. Middle School North-25,0
TCH04721,Sunil Bansal,39,History,2,2,1,1,0,157,1,SCH0141,Govt. Senior Secondary School Jodhpur-141,0
TCH04722,Pankaj Sharma,33,History,9,2,6,0,1,43,0,SCH0482,Govt. Primary School Jaipur-482,0
TCH04723,Rekha Malhotra,58,Geography,34,7,5,0,0,44,0,SCH0445,Govt. Middle School Central-445,1
TCH04724,Sunita Rao,24,Geography,1,1,0,0,0,151,0,SCH0340,Govt. High School Ajmer-340,0
TCH04725,Sunil Naidu,35,History,6,6,2,0,0,408,0,SCH0110,Govt. Primary School Bikaner-110,0
TCH04726,Kavita Garg,44,Hindi,16,6,10,0,0,275,0,SCH0148,Govt. High School East-148,1
TCH04727,Naresh Menon,53,Physical Education,11,5,8,0,0,94,0,SCH0474,Govt. Primary School Gurgaon-474,1
TCH04728,Pooja Menon,48,Computer Science,13,12,7,0,0,338,0,SCH0169,Govt. Middle School Ajmer-169,1
TCH04729,Rajesh Naidu,42,Chemistry,10,1,4,0,0,201,0,SCH0103,Govt. Middle School Faridabad-103,1
TCH04730,Usha Reddy,29,Hindi,6,5,2,1,0,410,0,SCH0041,Govt. Primary School Faridabad-41,1
TCH04731,Mukesh Sharma,51,Science,27,4,4,1,0,49,0,SCH0485,Govt. Senior Secondary School New-485,1
TCH04732,Mahesh Patel,46,Computer Science,18,11,9,0,0,335,0,SCH0067,Govt. Primary School Udaipur-67,1
TCH04733,Mahesh Chaudhary,50,English,17,7,10,1,0,16,1,SCH0150,Govt. Primary School Jodhpur-150,1
TCH04734,Radha Yadav,58,Physical Education,20,5,8,1,0,234,0,SCH0464,Govt. Middle School Gurgaon-464,1
TCH04735,Shanti Singh,50,Art,2,1,0,0,0,323,0,SCH0084,Govt. Primary School West-84,0
TCH04736,Vinod Joshi,60,History,12,4,4,1,0,110,1,SCH0478,Govt. Senior Secondary School Lucknow-478,1
TCH04737,Devika Reddy,60,Science,21,16,7,0,0,142,1,SCH0355,Govt. Senior Secondary School Ajmer-355,1
TCH04738,Meena Garg,57,Science,8,4,5,1,0,92,0,SCH0040,Govt. High School Jodhpur-40,1
TCH04739,Rajesh Mishra,39,Science,10,10,9,0,0,126,0,SCH0437,Govt. Primary School Varanasi-437,1
TCH04740,Seema Patel,28,Science,1,1,0,0,0,332,0,SCH0399,Govt. High School North-399,0
TCH04741,Yogesh Pandey,32,Science,2,1,1,0,0,273,0,SCH0392,Govt. High School South-392,0
TCH04742,Sunil Chauhan,56,History,14,7,9,0,1,466,1,SCH0257,Govt. Middle School West-257,1
TCH04743,Mukesh Naidu,40,Geography,2,2,1,0,0,210,0,SCH0063,Govt. High School Faridabad-63,0
TCH04744,Anita Dubey,29,Art,4,3,0,1,0,32,0,SCH0143,Govt. Senior Secondary School Kota-143,0
TCH04745,Dinesh Patel,31,Chemistry,5,2,5,0,0,260,1,SCH0048,Govt. Middle School Gurgaon-48,1
TCH04746,Sanjay Menon,38,Social Science,11,2,6,1,0,334,0,SCH0413,Govt. High School Ajmer-413,1
TCH04747,Priya Jain,26,Geography,1,1,1,0,1,392,0,SCH0372,Govt. High School Lucknow-372,1
TCH04748,Anita Gupta,47,English,14,1,8,1,0,385,0,SCH0412,Govt. Primary School Central-412,1
TCH04749,Usha Patel,39,History,11,1,5,1,0,225,1,SCH0075,Govt. Middle School Varanasi-75,1
TCH04750,Sunil Yadav,46,Biology,20,18,11,0,0,362,0,SCH0418,Govt. High School Ghaziabad-418,1
TCH04751,Dinesh Sharma,54,Physics,2,1,0,0,0,453,1,SCH0474,Govt. Primary School Gurgaon-474,0
TCH04752,Naresh Aggarwal,40,Art,6,6,0,1,0,196,0,SCH0437,Govt. Primary School Varanasi-437,1
TCH04753,Suresh Aggarwal,33,History,4,4,1,1,0,407,1,SCH0222,Govt. High School Varanasi-222,1
TCH04754,Lakshmi Yadav,59,English,9,2,2,1,0,168,1,SCH0398,Govt. Senior Secondary School South-398,0
TCH04755,Saroj Reddy,33,Biology,9,9,0,1,0,140,1,SCH0098,Govt. High School Agra-98,1
TCH04756,Anita Kaur,37,Physical Education,8,7,6,1,0,122,0,SCH0397,Govt. Senior Secondary School Udaipur-397,1
TCH04757,Ramesh Bansal,35,Computer Science,11,11,6,1,0,56,1,SCH0035,Govt. Primary School South-35,1
TCH04758,Pushpa Menon,45,Art,13,6,5,1,1,125,0,SCH0479,Govt. Middle School Agra-479,1
TCH04759,Naresh Pandey,57,Computer Science,27,17,9,0,0,288,0,SCH0235,Govt. Senior Secondary School Faridabad-235,1
TCH04760,Sanjay Mittal,40,Mathematics,1,1,0,0,0,207,0,SCH0189,Govt. Senior Secondary School Noida-189,0
TCH04761,Yogesh Yadav,37,Mathematics,12,10,10,0,0,131,0,SCH0019,Govt. Senior Secondary School Bikaner-19,1
TCH04762,Dinesh Sharma,53,Computer Science,25,17,10,1,0,339,0,SCH0293,Govt. High School Jaipur-293,1
TCH04763,Shanti Reddy,51,Physics,9,7,6,1,0,347,0,SCH0479,Govt. Middle School Agra-479,1
TCH04764,Rajesh Pandey,47,Sanskrit,5,5,3,0,1,268,0,SCH0213,Govt. Senior Secondary School Kanpur-213,1
TCH04765,Anita Kumar,25,Sanskrit,1,1,1,1,0,166,0,SCH0238,Govt. Primary School South-238,0
TCH04766,Ajay Nair,31,History,2,2,0,0,1,188,1,SCH0050,Govt. Senior Secondary School Ajmer-50,0
TCH04767,Kavita Pillai,44,English,15,15,1,0,0,132,0,SCH0393,Govt. Primary School Ajmer-393,0
TCH04768,Pushpa Menon,61,History,28,12,7,0,0,422,0,SCH0243,Govt. Middle School Kanpur-243,1
TCH04769,Usha Singh,32,Geography,4,3,3,1,0,155,1,SCH0372,Govt. High School Lucknow-372,1
TCH04770,Amit Aggarwal,52,Sanskrit,5,4,2,0,0,22,0,SCH0416,Govt. Primary School Faridabad-416,0
TCH04771,Ashok Mishra,52,Social Science,22,3,8,0,0,465,0,SCH0327,Govt. High School Faridabad-327,1
TCH04772,Radha Joshi,56,Mathematics,7,2,1,0,0,218,0,SCH0275,Govt. Primary School East-275,0
TCH04773,Suresh Verma,29,Social Science,3,3,0,0,0,353,0,SCH0440,Govt. High School Lucknow-440,0
TCH04774,Deepak Bhat,46,Social Science,13,10,4,1,0,75,0,SCH0341,Govt. High School Gurgaon-341,1
TCH04775,Naresh Kumar,43,Social Science,9,8,9,1,0,360,0,SCH0418,Govt. High School Ghaziabad-418,1
TCH04776,Pankaj Gupta,61,History,2,1,2,0,0,223,0,SCH0175,Govt. Middle School Ghaziabad-175,0
TCH04777,Vikram Rao,34,Social Science,10,7,2,0,0,171,0,SCH0187,Govt. Senior Secondary School Lucknow-187,0
TCH04778,Rekha Chaudhary,37,Mathematics,10,2,6,0,0,221,0,SCH0379,Govt. Primary School New-379,1
TCH04779,Vinod Pandey,49,English,20,1,0,1,0,251,0,SCH0014,Govt. Middle School South-14,1
TCH04780,Anita Garg,38,English,14,7,0,0,0,53,1,SCH0365,Govt. Senior Secondary School Ajmer-365,0
TCH04781,Kamla Iyer,29,Geography,4,1,0,0,0,232,0,SCH0477,Govt. Senior Secondary School Agra-477,0
TCH04782,Suresh Dubey,49,Science,1,1,1,0,0,61,0,SCH0437,Govt. Primary School Varanasi-437,0
TCH04783,Mahesh Malhotra,37,Physics,2,1,2,0,0,169,0,SCH0049,Govt. Senior Secondary School Agra-49,0
TCH04784,Kavita Patel,51,Geography,20,6,10,0,0,437,0,SCH0163,Govt. Senior Secondary School West-163,1
TCH04785,Anita Aggarwal,40,Science,8,2,2,0,0,43,1,SCH0109,Govt. High School Jaipur-109,0
TCH04786,Sunita Tiwari,59,Social Science,19,11,12,0,0,376,1,SCH0119,Govt. Middle School Noida-119,1
TCH04787,Devika Malhotra,46,History,18,17,3,0,0,449,0,SCH0431,Govt. High School Bikaner-431,1
TCH04788,Anita Aggarwal,27,Physical Education,4,1,3,0,0,314,1,SCH0468,Govt. Primary School South-468,1
TCH04789,Vikas Garg,55,Physical Education,25,14,11,0,0,99,1,SCH0282,Govt. Middle School East-282,1
TCH04790,Rekha Jain,57,History,20,15,14,1,0,256,0,SCH0280,Govt. Middle School Udaipur-280,1
TCH04791,Rekha Singh,61,Chemistry,17,9,4,1,0,193,0,SCH0337,Govt. Senior Secondary School Ghaziabad-337,1
TCH04792,Amit Joshi,48,Chemistry,16,1,9,1,0,249,0,SCH0386,Govt. Senior Secondary School South-386,1
TCH04793,Usha Tiwari,56,Physical Education,18,14,5,0,0,311,0,SCH0048,Govt. Middle School Gurgaon-48,1
TCH04794,Deepak Gupta,57,Science,33,9,12,1,0,178,0,SCH0027,Govt. High School Central-27,1
TCH04795,Anita Sharma,28,Science,3,3,3,1,0,192,0,SCH0486,Govt. Senior Secondary School East-486,1
TCH04796,Mukesh Verma,34,Biology,2,2,0,1,1,318,1,SCH0457,Govt. Senior Secondary School Ghaziabad-457,1
TCH04797,Shanti Shukla,36,History,12,1,2,0,1,185,0,SCH0415,Govt. Middle School East-415,0
TCH04798,Mahesh Patel,24,Geography,1,1,1,1,0,479,0,SCH0055,Govt. Middle School Noida-55,1
TCH04799,Devika Mittal,25,Art,1,1,0,0,0,306,0,SCH0482,Govt. Primary School Jaipur-482,0
TCH04800,Anita Pandey,31,English,5,4,3,0,0,103,1,SCH0127,Govt. High School Central-127,0
TCH04801,Vikas Bhat,44,Sanskrit,16,6,0,0,0,100,1,SCH0095,Govt. Primary School New-95,0
TCH04802,Priya Rao,36,Hindi,4,3,1,0,1,60,0,SCH0054,Govt. High School West-54,0
TCH04803,Deepak Patel,52,Physical Education,15,12,13,1,0,400,1,SCH0374,Govt. Senior Secondary School Bikaner-374,1
TCH04804,Harish Mishra,59,Chemistry,19,13,12,0,0,470,0,SCH0491,Govt. Senior Secondary School Central-491,1
TCH04805,Kamla Mittal,49,Social Science,20,17,6,1,1,408,1,SCH0003,Govt. Senior Secondary School Udaipur-3,1
TCH04806,Sanjay Rao,49,History,12,10,11,1,0,461,0,SCH0296,Govt. Middle School North-296,1
TCH04807,Sunita Chaudhary,40,Hindi,15,5,5,0,0,213,0,SCH0122,Govt. High School Ghaziabad-122,1
TCH04808,Naresh Yadav,61,Sanskrit,1,1,0,0,0,163,0,SCH0314,Govt. Primary School Udaipur-314,0
TCH04809,Vinod Dubey,45,English,21,9,10,0,0,177,0,SCH0271,Govt. Middle School Lucknow-271,1
TCH04810,Anita Chaudhary,36,Geography,7,1,5,0,0,17,0,SCH0208,Govt. Middle School Ghaziabad-208,0
TCH04811,Seema Mishra,38,Geography,11,11,10,0,0,78,0,SCH0148,Govt. High School East-148,1
TCH04812,Kavita Bhat,39,Chemistry,8,7,7,0,1,477,0,SCH0439,Govt. Senior Secondary School Kota-439,1
TCH04813,Ajay Rao,52,Mathematics,17,15,8,0,0,148,0,SCH0131,Govt. Senior Secondary School New-131,1
TCH04814,Lakshmi Pillai,29,Hindi,4,1,2,0,0,145,0,SCH0059,Govt. Senior Secondary School Central-59,0
TCH04815,Mahesh Bhat,59,English,28,19,13,0,0,427,1,SCH0383,Govt. Middle School Gurgaon-383,1
TCH04816,Pooja Bansal,25,Computer Science,1,1,0,0,0,94,0,SCH0296,Govt. Middle School North-296,0
TCH04817,Kavita Naidu,60,Hindi,7,6,7,0,0,444,0,SCH0298,Govt. Senior Secondary School Varanasi-298,1
TCH04818,Amit Mishra,55,Hindi,6,2,6,0,0,406,1,SCH0068,Govt. Senior Secondary School South-68,1
TCH04819,Amit Kaur,44,Science,9,3,8,1,0,182,0,SCH0382,Govt. Senior Secondary School Jaipur-382,1
TCH04820,Lakshmi Kumar,60,Hindi,13,9,11,1,0,69,0,SCH0351,Govt. High School Ghaziabad-351,1
TCH04821,Kavita Pillai,46,Mathematics,21,13,13,0,0,262,1,SCH0142,Govt. Middle School New-142,1
TCH04822,Nita Bhat,56,Science,4,2,3,0,0,392,0,SCH0334,Govt. Middle School Faridabad-334,0
TCH04823,Rajesh Chaudhary,30,Science,5,4,2,0,0,366,0,SCH0425,Govt. High School Gurgaon-425,0
TCH04824,Nita Chauhan,50,English,8,7,0,0,0,283,1,SCH0175,Govt. Middle School Ghaziabad-175,1
TCH04825,Kavita Garg,59,Physics,3,2,2,0,0,356,1,SCH0076,Govt. High School Jodhpur-76,0
TCH04826,Pankaj Shukla,61,Computer Science,27,1,10,1,0,176,0,SCH0167,Govt. Middle School Jaipur-167,1
TCH04827,Seema Chauhan,45,Computer Science,18,10,7,0,0,381,0,SCH0266,Govt. Primary School Varanasi-266,1
TCH04828,Meena Yadav,59,Chemistry,16,5,9,0,0,478,0,SCH0104,Govt. High School West-104,1
TCH04829,Sanjay Garg,30,Computer Science,2,1,1,0,0,380,0,SCH0181,Govt. Middle School Kota-181,0
TCH04830,Geeta Rao,55,Biology,11,4,5,0,1,332,0,SCH0440,Govt. High School Lucknow-440,1
TCH04831,Seema Chaudhary,38,Mathematics,3,2,3,0,0,252,1,SCH0486,Govt. Senior Secondary School East-486,1
TCH04832,Rajesh Chaudhary,29,Biology,2,2,1,1,0,168,1,SCH0130,Govt. High School East-130,0
TCH04833,Sunita Aggarwal,31,Sanskrit,4,2,2,0,0,88,0,SCH0082,Govt. Primary School West-82,0
TCH04834,Savita Nair,32,Social Science,8,5,1,1,0,481,1,SCH0031,Govt. Senior Secondary School East-31,1
TCH04835,Pankaj Singh,50,Social Science,2,2,2,1,0,31,1,SCH0105,Govt. Primary School Ajmer-105,0
TCH04836,Vinod Tiwari,45,English,14,13,4,0,0,64,0,SCH0073,Govt. High School Central-73,1
TCH04837,Rajesh Rao,54,Art,11,3,8,1,0,278,0,SCH0219,Govt. Primary School Ajmer-219,1
TCH04838,Kamla Gupta,41,Geography,4,2,0,0,0,144,0,SCH0391,Govt. Primary School West-391,0
TCH04839,Dinesh Joshi,45,Computer Science,17,3,8,0,0,268,0,SCH0233,Govt. Primary School Jodhpur-233,1
TCH04840,Yogesh Yadav,35,Physical Education,3,1,3,0,0,332,0,SCH0115,Govt. High School Jodhpur-115,0
TCH04841,Seema Bansal,55,Biology,29,13,13,1,0,9,1,SCH0443,Govt. High School Udaipur-443,1
TCH04842,Naresh Tiwari,29,English,3,3,2,0,0,369,0,SCH0494,Govt. Primary School West-494,0
TCH04843,Ramesh Chauhan,41,English,3,1,2,1,0,348,1,SCH0246,Govt. Senior Secondary School Central-246,1
TCH04844,Geeta Reddy,58,Biology,30,3,14,1,0,145,0,SCH0009,Govt. Middle School Gurgaon-9,1
TCH04845,Ramesh Menon,57,History,31,14,0,0,0,19,0,SCH0197,Govt. Middle School Udaipur-197,0
TCH04846,Meena Singh,58,Social Science,4,2,2,0,1,68,0,SCH0329,Govt. Senior Secondary School South-329,0
TCH04847,Shanti Nair,43,Social Science,3,3,1,1,0,179,0,SCH0370,Govt. High School Kanpur-370,0
TCH04848,Suresh Tiwari,44,Sanskrit,10,7,4,0,0,89,0,SCH0354,Govt. Middle School North-354,1
TCH04849,Kamla Aggarwal,40,Social Science,17,17,0,1,0,157,0,SCH0338,Govt. Primary School Faridabad-338,1
TCH04850,Lakshmi Sharma,32,Science,4,3,2,1,0,101,0,SCH0383,Govt. Middle School Gurgaon-383,0
TCH04851,Suresh Mishra,32,Social Science,5,1,4,0,1,100,0,SCH0291,Govt. Primary School Faridabad-291,0
TCH04852,Geeta Malhotra,57,Computer Science,14,11,14,0,0,45,0,SCH0130,Govt. High School East-130,1
TCH04853,Devika Garg,37,Geography,7,6,4,0,0,424,0,SCH0477,Govt. Senior Secondary School Agra-477,1
TCH04854,Kamla Jain,52,English,26,11,9,0,1,248,0,SCH0295,Govt. Middle School New-295,1
TCH04855,Pushpa Nair,32,Mathematics,3,1,3,0,0,263,1,SCH0322,Govt. High School Central-322,1
TCH04856,Priya Pandey,55,Art,5,2,4,0,1,142,0,SCH0077,Govt. Middle School Bikaner-77,0
TCH04857,Devika Chaudhary,52,Geography,25,1,8,0,0,475,1,SCH0354,Govt. Middle School North-354,1
TCH04858,Rajesh Rao,56,Hindi,13,4,11,0,0,431,0,SCH0175,Govt. Middle School Ghaziabad-175,1
TCH04859,Suresh Kaur,40,Social Science,2,2,2,0,0,384,0,SCH0096,Govt. Senior Secondary School Kanpur-96,0
TCH04860,Radha Tiwari,43,Physical Education,5,5,4,0,0,263,1,SCH0370,Govt. High School Kanpur-370,1
TCH04861,Seema Pillai,30,Hindi,5,2,0,0,0,53,1,SCH0412,Govt. Primary School Central-412,0
TCH04862,Lakshmi Naidu,25,Sanskrit,1,1,0,0,0,28,0,SCH0322,Govt. High School Central-322,0
TCH04863,Ajay Pillai,56,Geography,10,6,8,0,0,352,0,SCH0492,Govt. High School Lucknow-492,1
TCH04864,Suresh Shukla,25,Biology,1,1,0,0,0,385,0,SCH0183,Govt. Senior Secondary School Jodhpur-183,0
TCH04865,Sanjay Mittal,48,Hindi,6,5,4,0,0,417,1,SCH0320,Govt. Primary School Udaipur-320,1
TCH04866,Amit Garg,27,Physics,4,2,3,0,0,267,0,SCH0167,Govt. Middle School Jaipur-167,0
TCH04867,Mukesh Malhotra,58,Hindi,6,3,3,0,0,118,0,SCH0183,Govt. Senior Secondary School Jodhpur-183,0
TCH04868,Usha Rao,32,Hindi,6,5,3,0,1,34,0,SCH0273,Govt. Middle School West-273,1
TCH04869,Devika Sharma,37,Physical Education,11,9,7,0,0,262,0,SCH0221,Govt. Middle School Ghaziabad-221,1
TCH04870,Suresh Pillai,58,English,20,16,5,0,0,97,0,SCH0040,Govt. High School Jodhpur-40,1
TCH04871,Pankaj Garg,37,Mathematics,11,1,4,0,0,159,0,SCH0119,Govt. Middle School Noida-119,0
TCH04872,Savita Chaudhary,25,History,1,1,1,0,0,288,0,SCH0105,Govt. Primary School Ajmer-105,0
TCH04873,Vikram Singh,56,Computer Science,31,5,13,1,0,151,1,SCH0379,Govt. Primary School New-379,1
TCH04874,Devika Chauhan,27,Physical Education,3,1,0,0,0,163,0,SCH0500,Govt. Middle School Varanasi-500,0
TCH04875,Ramesh Kaur,36,Hindi,13,6,8,0,0,356,0,SCH0070,Govt. High School Kota-70,1
TCH04876,Shanti Singh,37,Mathematics,8,6,3,0,0,122,1,SCH0112,Govt. Primary School Bikaner-112,1
TCH04877,Rajesh Jain,42,Geography,12,10,12,1,0,336,1,SCH0132,Govt. High School South-132,1
TCH04878,Kavita Tiwari,44,Computer Science,1,1,0,0,0,401,0,SCH0210,Govt. Middle School West-210,0
TCH04879,Yogesh Mittal,31,Hindi,7,7,3,0,0,322,0,SCH0302,Govt. Senior Secondary School Ghaziabad-302,1
TCH04880,Usha Jain,27,Hindi,3,3,1,1,0,131,1,SCH0048,Govt. Middle School Gurgaon-48,0
TCH04881,Kavita Gupta,41,Art,10,1,6,1,0,262,1,SCH0314,Govt. Primary School Udaipur-314,1
TCH04882,Ajay Menon,34,Physical Education,4,3,0,0,0,243,0,SCH0129,Govt. Senior Secondary School Ghaziabad-129,0
TCH04883,Geeta Verma,37,Biology,8,3,6,1,0,164,0,SCH0323,Govt. Middle School Central-323,1
TCH04884,Seema Menon,49,English,25,8,0,0,1,58,1,SCH0353,Govt. High School West-353,1
TCH04885,Rajesh Jain,32,Sanskrit,7,2,0,0,0,175,0,SCH0337,Govt. Senior Secondary School Ghaziabad-337,0
TCH04886,Nita Aggarwal,26,Chemistry,2,2,2,0,1,431,1,SCH0251,Govt. Primary School New-251,1
TCH04887,Usha Singh,31,Science,3,3,1,1,0,59,1,SCH0455,Govt. Senior Secondary School Ajmer-455,0
TCH04888,Anita Mishra,61,Geography,5,3,3,0,0,394,0,SCH0258,Govt. Primary School Faridabad-258,0
TCH04889,Rajesh Chaudhary,54,Physical Education,12,10,7,0,0,499,1,SCH0143,Govt. Senior Secondary School Kota-143,1
TCH04890,Dinesh Malhotra,45,Biology,9,3,3,0,0,336,1,SCH0179,Govt. Middle School North-179,1
TCH04891,Arun Sharma,25,Physical Education,2,2,2,1,0,92,1,SCH0285,Govt. Middle School Kanpur-285,0
TCH04892,Vikas Sharma,53,Computer Science,30,19,8,1,0,346,0,SCH0050,Govt. Senior Secondary School Ajmer-50,1
TCH04893,Sanjay Patel,38,Sanskrit,15,7,11,0,0,10,0,SCH0141,Govt. Senior Secondary School Jodhpur-141,1
TCH04894,Ramesh Kaur,26,Mathematics,2,1,0,0,0,126,1,SCH0081,Govt. High School Gurgaon-81,0
TCH04895,Pooja Yadav,59,Sanskrit,21,16,10,0,0,219,0,SCH0376,Govt. Middle School Udaipur-376,1
TCH04896,Sanjay Kumar,46,Social Science,22,15,2,0,0,66,0,SCH0108,Govt. Senior Secondary School Agra-108,0
TCH04897,Sunita Naidu,36,Biology,10,1,7,1,0,443,0,SCH0236,Govt. Senior Secondary School Jaipur-236,1
TCH04898,Saroj Kumar,32,Mathematics,6,1,1,0,0,96,0,SCH0116,Govt. Middle School East-116,0
TCH04899,Nita Dubey,33,Computer Science,4,1,0,0,0,111,0,SCH0061,Govt. Primary School Kota-61,0
TCH04900,Rekha Bansal,38,Computer Science,4,4,3,0,0,422,0,SCH0388,Govt. Senior Secondary School Noida-388,0
TCH04901,Meena Bhat,29,Science,5,2,1,0,0,61,0,SCH0222,Govt. High School Varanasi-222,0
TCH04902,Arun Rao,39,Chemistry,15,9,3,1,0,59,0,SCH0427,Govt. Primary School Faridabad-427,1
TCH04903,Arun Dubey,53,Mathematics,3,2,1,0,0,43,0,SCH0004,Govt. Middle School Jaipur-4,0
TCH04904,Pooja Naidu,31,Sanskrit,7,7,3,0,0,271,0,SCH0273,Govt. Middle School West-273,1
TCH04905,Pankaj Singh,24,Science,1,1,0,0,0,49,0,SCH0458,Govt. Primary School Udaipur-458,0
TCH04906,Arun Yadav,50,Science,17,15,5,1,0,63,0,SCH0392,Govt. High School South-392,1
TCH04907,Pankaj Singh,43,Chemistry,15,9,4,0,1,59,0,SCH0079,Govt. Senior Secondary School North-79,1
TCH04908,Arun Tiwari,34,Physical Education,8,1,3,0,0,286,0,SCH0118,Govt. Middle School Agra-118,0
TCH04909,Devika Mittal,51,Computer Science,26,6,1,1,0,8,0,SCH0267,Govt. Senior Secondary School Bikaner-267,1
TCH04910,Anita Mittal,35,Geography,7,7,0,0,0,4,0,SCH0272,Govt. Middle School East-272,0
TCH04911,Yogesh Patel,61,Sanskrit,15,3,7,0,0,148,0,SCH0169,Govt. Middle School Ajmer-169,0
TCH04912,Sunil Naidu,34,Geography,4,3,3,1,0,179,0,SCH0305,Govt. Primary School Noida-305,1
TCH04913,Yogesh Chaudhary,31,English,5,4,4,0,0,388,0,SCH0111,Govt. Senior Secondary School Gurgaon-111,0
TCH04914,Yogesh Tiwari,46,Physics,19,10,10,0,0,94,1,SCH0313,Govt. Middle School Ajmer-313,1
TCH04915,Ajay Yadav,47,Physical Education,10,3,4,1,0,413,1,SCH0134,Govt. Primary School Noida-134,1
TCH04916,Priya Yadav,60,Chemistry,25,13,0,0,0,430,0,SCH0409,Govt. Senior Secondary School Agra-409,1
TCH04917,Naresh Malhotra,52,History,13,4,7,0,0,54,0,SCH0152,Govt. Middle School Agra-152,0
TCH04918,Anita Garg,54,Geography,2,2,1,0,0,121,0,SCH0239,Govt. Senior Secondary School Central-239,0
TCH04919,Deepak Mittal,34,Mathematics,7,1,3,1,0,133,0,SCH0060,Govt. High School Noida-60,1
TCH04920,Sunil Garg,49,Science,4,2,3,1,0,488,0,SCH0118,Govt. Middle School Agra-118,1
TCH04921,Mukesh Shukla,56,Computer Science,31,7,5,1,0,44,0,SCH0287,Govt. Middle School Gurgaon-287,1
TCH04922,Deepak Verma,53,History,30,17,11,1,0,428,0,SCH0298,Govt. Senior Secondary School Varanasi-298,1
TCH04923,Sunil Mittal,42,Hindi,7,6,4,0,0,382,1,SCH0093,Govt. Primary School Kanpur-93,1
TCH04924,Deepak Mishra,50,Mathematics,16,5,11,0,0,328,0,SCH0410,Govt. Senior Secondary School South-410,1
TCH04925,Ajay Menon,59,Science,25,9,11,0,0,216,0,SCH0261,Govt. Middle School West-261,1
TCH04926,Sunil Menon,34,Science,3,3,0,0,1,332,1,SCH0124,Govt. High School Ghaziabad-124,1
TCH04927,Kamla Menon,42,Science,10,10,10,0,0,30,0,SCH0174,Govt. Middle School South-174,1
TCH04928,Mahesh Pandey,28,History,2,2,1,0,0,314,1,SCH0133,Govt. High School East-133,0
TCH04929,Pooja Verma,40,Chemistry,2,2,0,0,0,271,1,SCH0070,Govt. High School Kota-70,0
TCH04930,Nita Kumar,31,Art,1,1,1,0,0,262,0,SCH0252,Govt. Primary School Gurgaon-252,0
TCH04931,Ramesh Bhat,28,Computer Science,4,3,0,1,0,82,0,SCH0405,Govt. Middle School Lucknow-405,0
TCH04932,Kamla Kumar,48,Geography,19,10,11,0,0,327,0,SCH0046,Govt. Senior Secondary School Ajmer-46,1
TCH04933,Vikram Chaudhary,39,Physical Education,8,4,0,0,0,394,0,SCH0227,Govt. Senior Secondary School Lucknow-227,0
TCH04934,Sunil Gupta,45,Physical Education,14,12,6,1,0,457,1,SCH0325,Govt. Primary School Udaipur-325,1
TCH04935,Ashok Chauhan,29,English,6,1,1,0,0,384,0,SCH0390,Govt. Middle School Lucknow-390,0
TCH04936,Seema Garg,50,Physics,20,2,4,1,0,104,0,SCH0349,Govt. High School Faridabad-349,1
TCH04937,Amit Malhotra,30,Mathematics,6,6,4,0,0,170,0,SCH0016,Govt. Middle School Gurgaon-16,0
TCH04938,Priya Malhotra,41,Computer Science,7,4,5,0,1,206,0,SCH0400,Govt. Senior Secondary School Jodhpur-400,1
TCH04939,Priya Garg,42,Art,6,3,6,0,0,447,0,SCH0354,Govt. Middle School North-354,0
TCH04940,Priya Gupta,60,Physics,1,1,0,0,0,124,0,SCH0371,Govt. Primary School Ghaziabad-371,0
TCH04941,Anita Gupta,43,Science,8,3,5,0,0,367,0,SCH0085,Govt. Middle School Udaipur-85,0
TCH04942,Sanjay Rao,24,Art,1,1,0,0,0,277,0,SCH0353,Govt. High School West-353,0
TCH04943,Yogesh Aggarwal,61,History,16,2,8,0,0,144,0,SCH0051,Govt. Middle School Udaipur-51,0
TCH04944,Shanti Verma,53,Art,27,15,12,1,1,216,0,SCH0332,Govt. Primary School Agra-332,1
TCH04945,Ajay Sharma,51,Physical Education,12,2,1,1,0,202,0,SCH0323,Govt. Middle School Central-323,1
TCH04946,Dinesh Pandey,30,Chemistry,2,1,1,1,0,59,0,SCH0077,Govt. Middle School Bikaner-77,0
TCH04947,Kavita Aggarwal,31,History,5,5,1,0,0,79,1,SCH0345,Govt. High School Ajmer-345,0
TCH04948,Vinod Malhotra,38,Social Science,8,1,2,0,0,352,0,SCH0331,Govt. Senior Secondary School Jodhpur-331,0
TCH04949,Arun Gupta,42,History,15,5,4,1,0,232,1,SCH0134,Govt. Primary School Noida-134,1
TCH04950,Meena Iyer,36,Computer Science,1,1,1,0,0,461,0,SCH0417,Govt. Primary School New-417,0
TCH04951,Sunil Rao,61,Social Science,15,15,6,0,0,435,0,SCH0296,Govt. Middle School North-296,1
TCH04952,Kamla Jain,41,Art,8,7,5,1,0,81,0,SCH0252,Govt. Primary School Gurgaon-252,1
TCH04953,Meena Patel,43,Sanskrit,7,7,7,1,0,110,1,SCH0040,Govt. High School Jodhpur-40,1
TCH04954,Vinod Nair,35,Geography,8,7,4,0,0,262,0,SCH0391,Govt. Primary School West-391,1
TCH04955,Amit Pandey,37,Chemistry,11,3,11,1,0,407,0,SCH0404,Govt. High School Central-404,1
TCH04956,Amit Nair,61,Chemistry,14,3,14,0,0,483,0,SCH0241,Govt. High School Udaipur-241,1
TCH04957,Priya Verma,29,Geography,3,1,3,1,0,275,0,SCH0240,Govt. Senior Secondary School New-240,1
TCH04958,Rajesh Naidu,34,Social Science,5,5,3,1,0,56,1,SCH0026,Govt. High School South-26,1
TCH04959,Geeta Shukla,53,Physics,4,4,1,0,0,398,1,SCH0454,Govt. Primary School Faridabad-454,0
TCH04960,Usha Gupta,31,Physics,6,6,5,1,0,285,1,SCH0326,Govt. Middle School Varanasi-326,1
TCH04961,Kamla Tiwari,56,History,24,19,13,0,1,192,0,SCH0371,Govt. Primary School Ghaziabad-371,1
TCH04962,Lakshmi Shukla,29,Geography,5,4,1,0,0,50,0,SCH0077,Govt. Middle School Bikaner-77,0
TCH04963,Geeta Chaudhary,35,English,2,2,1,1,0,94,0,SCH0063,Govt. High School Faridabad-63,0
TCH04964,Seema Nair,27,Hindi,2,2,0,0,0,36,0,SCH0409,Govt. Senior Secondary School Agra-409,0
TCH04965,Shanti Naidu,61,Mathematics,27,17,6,1,0,186,0,SCH0165,Govt. Primary School Gurgaon-165,1
TCH04966,Rekha Bansal,53,English,19,9,6,0,0,362,0,SCH0188,Govt. Middle School Kanpur-188,1
TCH04967,Vikas Shukla,45,Physical Education,6,4,5,1,0,209,0,SCH0402,Govt. Middle School Faridabad-402,1
TCH04968,Devika Bhat,36,Mathematics,8,5,3,0,0,211,1,SCH0022,Govt. Primary School New-22,1
TCH04969,Mukesh Verma,39,Chemistry,1,1,0,1,0,467,1,SCH0321,Govt. Primary School West-321,1
TCH04970,Geeta Chaudhary,25,Geography,1,1,0,1,0,320,0,SCH0107,Govt. Middle School Varanasi-107,1
TCH04971,Saroj Menon,39,Biology,14,11,2,0,0,409,0,SCH0439,Govt. Senior Secondary School Kota-439,1
TCH04972,Dinesh Aggarwal,32,Mathematics,7,6,4,1,0,409,0,SCH0317,Govt. Middle School Jodhpur-317,1
TCH04973,Saroj Malhotra,34,Computer Science,4,4,3,1,0,120,0,SCH0396,Govt. Primary School Kota-396,1
TCH04974,Kamla Patel,57,English,5,4,3,1,0,454,0,SCH0488,Govt. Senior Secondary School Agra-488,1
TCH04975,Sunita Tiwari,52,Art,6,4,1,1,0,207,0,SCH0034,Govt. Middle School Varanasi-34,1
TCH04976,Kavita Garg,42,Chemistry,7,2,4,0,0,143,0,SCH0025,Govt. Middle School North-25,0
TCH04977,Kamla Singh,44,History,14,12,12,1,0,209,1,SCH0130,Govt. High School East-130,1
TCH04978,Kamla Kaur,51,Mathematics,13,2,10,0,0,28,0,SCH0469,Govt. High School Gurgaon-469,0
TCH04979,Mahesh Garg,49,Computer Science,4,3,4,1,0,325,1,SCH0134,Govt. Primary School Noida-134,1
TCH04980,Devika Rao,29,Biology,5,5,2,0,0,2,0,SCH0091,Govt. High School South-91,0
TCH04981,Geeta Nair,28,Hindi,2,2,1,1,0,2,0,SCH0451,Govt. Senior Secondary School Kanpur-451,0
TCH04982,Sanjay Nair,27,Computer Science,3,3,3,0,1,15,1,SCH0194,Govt. Middle School Ajmer-194,1
TCH04983,Lakshmi Tiwari,25,Hindi,2,1,2,1,0,125,0,SCH0033,Govt. Primary School Jodhpur-33,0
TCH04984,Vikram Kumar,36,Physical Education,1,1,0,0,0,452,0,SCH0080,Govt. Primary School Jaipur-80,0
TCH04985,Saroj Naidu,43,Social Science,13,6,12,0,0,165,0,SCH0205,Govt. Senior Secondary School East-205,1
TCH04986,Arun Nair,53,Geography,18,7,9,0,0,281,1,SCH0372,Govt. High School Lucknow-372,1
TCH04987,Rekha Chaudhary,58,Social Science,25,15,0,1,0,62,0,SCH0331,Govt. Senior Secondary School Jodhpur-331,1
TCH04988,Priya Mishra,44,Chemistry,12,6,10,1,0,137,0,SCH0082,Govt. Primary School West-82,1
TCH04989,Deepak Dubey,43,Physical Education,19,5,1,1,1,161,0,SCH0388,Govt. Senior Secondary School Noida-388,1
TCH04990,Kamla Chaudhary,53,Hindi,12,7,3,0,0,192,0,SCH0372,Govt. High School Lucknow-372,1
TCH04991,Rekha Malhotra,24,Social Science,1,1,0,0,1,259,0,SCH0054,Govt. High School West-54,1
TCH04992,Savita Garg,35,Mathematics,8,1,5,0,0,470,0,SCH0043,Govt. Senior Secondary School Ajmer-43,0
TCH04993,Naresh Joshi,53,Computer Science,12,11,3,0,0,53,0,SCH0421,Govt. Middle School Jaipur-421,1
TCH04994,Arun Dubey,39,Art,3,2,1,1,1,172,0,SCH0200,Govt. Middle School Bikaner-200,1
TCH04995,Vinod Garg,52,Sanskrit,7,4,1,1,0,163,0,SCH0192,Govt. High School Faridabad-192,0
TCH04996,Pooja Shukla,59,Art,8,3,8,0,0,91,0,SCH0022,Govt. Primary School New-22,0
TCH04997,Shanti Pandey,33,History,9,2,0,1,0,441,0,SCH0118,Govt. Middle School Agra-118,1
TCH04998,Pooja Joshi,30,Hindi,5,1,1,0,0,396,1,SCH0350,Govt. Middle School Jaipur-350,0
TCH04999,Priya Naidu,53,Science,18,5,4,0,0,258,0,SCH0492,Govt. High School Lucknow-492,1
TCH05000,Naresh Joshi,44,Chemistry,13,4,10,0,0,23,0,SCH0241,Govt. High School Udaipur-241,0
TCH05001,Seema Garg,55,Social Science,26,5,1,1,1,422,0,SCH0406,Govt. High School Gurgaon-406,1
TCH05002,Vikas Bansal,34,History,4,1,1,0,0,41,0,SCH0263,Govt. High School Faridabad-263,0
TCH05003,Priya Malhotra,45,Hindi,8,6,2,1,1,490,0,SCH0259,Govt. Primary School North-259,1
TCH05004,Suresh Dubey,52,Hindi,28,9,2,0,0,353,0,SCH0375,Govt. Primary School South-375,1
TCH05005,Harish Nair,56,English,16,12,6,1,0,487,0,SCH0285,Govt. Middle School Kanpur-285,1
TCH05006,Seema Pandey,28,Physical Education,1,1,0,1,0,58,1,SCH0426,Govt. High School Jodhpur-426,0
TCH05007,Deepak Chauhan,56,Geography,29,12,6,1,0,491,0,SCH0498,Govt. Primary School Gurgaon-498,1
TCH05008,Sunita Naidu,45,Physical Education,2,2,1,0,0,123,0,SCH0426,Govt. High School Jodhpur-426,0
TCH05009,Amit Joshi,35,Computer Science,10,6,5,0,0,116,1,SCH0175,Govt. Middle School Ghaziabad-175,1
TCH05010,Sunita Garg,61,Social Science,16,10,14,0,0,148,0,SCH0328,Govt. Primary School New-328,1
TCH05011,Nita Jain,57,Hindi,31,10,12,0,0,373,1,SCH0123,Govt. Middle School Central-123,1
TCH05012,Dinesh Yadav,59,Sanskrit,33,1,9,0,0,370,0,SCH0107,Govt. Middle School Varanasi-107,1
TCH05013,Mahesh Pillai,24,Physics,1,1,0,0,0,356,0,SCH0270,Govt. Senior Secondary School Udaipur-270,0
TCH05014,Kavita Shukla,35,Physical Education,2,1,1,0,0,442,0,SCH0453,Govt. High School West-453,0
TCH05015,Meena Aggarwal,38,Science,10,10,2,0,0,413,0,SCH0114,Govt. Middle School Bikaner-114,1
TCH05016,Suresh Bhat,61,Geography,34,19,11,1,0,393,0,SCH0047,Govt. Middle School Agra-47,1
TCH05017,Kamla Chauhan,39,Physical Education,5,4,4,0,0,377,1,SCH0233,Govt. Primary School Jodhpur-233,1
TCH05018,Kavita Menon,54,Mathematics,25,11,4,0,0,7,0,SCH0450,Govt. High School Kanpur-450,1
TCH05019,Sanjay Mishra,50,Geography,19,4,11,1,1,445,0,SCH0311,Govt. High School Jaipur-311,1
TCH05020,Sanjay Rao,25,Hindi,1,1,1,0,0,498,1,SCH0047,Govt. Middle School Agra-47,0
TCH05021,Lakshmi Reddy,33,Physics,7,5,1,0,0,283,0,SCH0069,Govt. Primary School West-69,0
TCH05022,Amit Mittal,58,Chemistry,2,1,2,0,1,253,0,SCH0116,Govt. Middle School East-116,1
TCH05023,Amit Kaur,32,Science,8,4,4,0,0,50,1,SCH0438,Govt. Primary School Jodhpur-438,0
TCH05024,Anita Jain,49,Art,24,6,10,0,0,8,0,SCH0490,Govt. Middle School Lucknow-490,1
TCH05025,Harish Rao,52,Art,7,2,7,0,0,365,0,SCH0314,Govt. Primary School Udaipur-314,0
TCH05026,Ashok Shukla,38,Science,2,2,0,0,0,296,0,SCH0493,Govt. High School Jaipur-493,0
TCH05027,Harish Garg,58,Chemistry,4,2,0,0,0,137,1,SCH0237,Govt. Senior Secondary School East-237,0
TCH05028,Devika Kaur,26,Sanskrit,3,1,2,0,0,101,0,SCH0399,Govt. High School North-399,0
TCH05029,Rajesh Sharma,29,English,6,3,4,1,0,105,0,SCH0269,Govt. Middle School East-269,1
TCH05030,Priya Aggarwal,49,Mathematics,2,2,1,0,0,119,0,SCH0107,Govt. Middle School Varanasi-107,0
TCH05031,Suresh Pandey,47,Art,15,3,1,0,0,103,0,SCH0301,Govt. High School New-301,0
TCH05032,Kavita Menon,55,English,30,8,9,0,0,426,0,SCH0213,Govt. Senior Secondary School Kanpur-213,1
TCH05033,Ajay Nair,26,Mathematics,3,2,1,1,0,261,0,SCH0429,Govt. Middle School Central-429,1
TCH05034,Naresh Pandey,54,Biology,26,1,11,0,0,353,1,SCH0126,Govt. Senior Secondary School West-126,1
TCH05035,Pushpa Tiwari,45,Physical Education,1,1,0,1,0,147,1,SCH0327,Govt. High School Faridabad-327,0
TCH05036,Ajay Singh,60,Physical Education,10,3,1,1,0,33,0,SCH0146,Govt. Middle School Central-146,0
TCH05037,Pankaj Jain,47,Mathematics,9,9,7,0,0,113,1,SCH0465,Govt. Middle School Kota-465,1
TCH05038,Saroj Naidu,48,Hindi,3,2,3,1,0,368,0,SCH0452,Govt. High School Noida-452,1
TCH05039,Shanti Iyer,51,Art,24,3,7,1,0,487,0,SCH0201,Govt. Primary School Bikaner-201,1
TCH05040,Deepak Mittal,55,Mathematics,10,1,2,0,0,92,1,SCH0178,Govt. Middle School Kota-178,0
TCH05041,Rekha Iyer,50,Science,2,2,0,0,1,157,1,SCH0040,Govt. High School Jodhpur-40,0
TCH05042,Kavita Garg,46,History,9,4,6,1,0,273,0,SCH0414,Govt. Senior Secondary School Central-414,1
TCH05043,Vikas Joshi,32,Science,8,1,0,1,1,265,0,SCH0328,Govt. Primary School New-328,1
TCH05044,Vinod Mishra,50,Hindi,8,4,3,0,0,474,1,SCH0277,Govt. Primary School Udaipur-277,1
TCH05045,Kamla Rao,45,Physics,8,7,6,0,0,6,0,SCH0204,Govt. Middle School Agra-204,0
TCH05046,Priya Pillai,57,English,9,1,1,0,0,427,0,SCH0430,Govt. Primary School Bikaner-430,0
TCH05047,Pankaj Yadav,30,English,4,1,3,0,0,94,0,SCH0388,Govt. Senior Secondary School Noida-388,0
TCH05048,Arun Yadav,56,Geography,13,4,3,0,0,485,1,SCH0418,Govt. High School Ghaziabad-418,1
TCH05049,Harish Kumar,46,Science,16,1,7,1,0,205,1,SCH0309,Govt. Middle School Agra-309,1
TCH05050,Yogesh Tiwari,31,Physics,1,1,0,0,0,242,1,SCH0123,Govt. Middle School Central-123,0
TCH05051,Pankaj Gupta,57,Science,22,8,7,0,0,38,1,SCH0173,Govt. High School Gurgaon-173,1
TCH05052,Amit Bhat,40,Physical Education,3,1,3,0,0,164,1,SCH0131,Govt. Senior Secondary School New-131,0
TCH05053,Vinod Kumar,33,History,7,2,1,0,0,30,0,SCH0439,Govt. Senior Secondary School Kota-439,0
TCH05054,Pankaj Kaur,25,Mathematics,1,1,1,1,0,171,0,SCH0275,Govt. Primary School East-275,0
TCH05055,Shanti Reddy,43,Mathematics,5,3,0,0,0,234,0,SCH0425,Govt. High School Gurgaon-425,0
TCH05056,Usha Mishra,50,Biology,25,2,2,0,1,468,0,SCH0399,Govt. High School North-399,1
TCH05057,Lakshmi Chaudhary,32,Chemistry,3,2,3,0,0,498,0,SCH0480,Govt. Middle School Jodhpur-480,0
TCH05058,Amit Nair,54,Physical Education,29,17,0,1,1,496,0,SCH0495,Govt. Senior Secondary School Faridabad-495,1
TCH05059,Kavita Kaur,47,English,2,2,2,1,0,385,0,SCH0050,Govt. Senior Secondary School Ajmer-50,1
TCH05060,Priya Verma,41,Hindi,18,10,9,1,0,271,0,SCH0219,Govt. Primary School Ajmer-219,1
TCH05061,Sunita Nair,29,Hindi,4,4,3,0,0,184,0,SCH0448,Govt. Senior Secondary School West-448,0
TCH05062,Naresh Shukla,34,Geography,1,1,0,0,0,104,0,SCH0185,Govt. High School Ajmer-185,0
TCH05063,Priya Shukla,25,English,1,1,1,1,1,226,0,SCH0046,Govt. Senior Secondary School Ajmer-46,1
TCH05064,Savita Gupta,41,Physics,6,2,5,0,1,260,0,SCH0351,Govt. High School Ghaziabad-351,1
TCH05065,Nita Singh,32,English,5,2,0,0,0,318,0,SCH0482,Govt. Primary School Jaipur-482,0
TCH05066,Nita Tiwari,27,Physics,2,1,2,1,0,350,0,SCH0394,Govt. High School Kanpur-394,1
TCH05067,Sunita Bansal,53,Chemistry,20,5,14,1,0,387,1,SCH0183,Govt. Senior Secondary School Jodhpur-183,1
TCH05068,Devika Patel,37,Chemistry,13,1,9,1,0,276,0,SCH0261,Govt. Middle School West-261,1
TCH05069,Suresh Rao,61,Computer Science,26,6,1,0,0,312,1,SCH0293,Govt. High School Jaipur-293,1
TCH05070,Pushpa Chaudhary,47,Art,23,13,10,1,0,200,0,SCH0434,Govt. High School West-434,1
TCH05071,Meena Iyer,56,Hindi,7,2,1,0,0,217,0,SCH0288,Govt. Primary School Central-288,0
TCH05072,Mahesh Joshi,53,Physical Education,11,8,4,0,0,229,1,SCH0269,Govt. Middle School East-269,1
TCH05073,Amit Singh,26,Hindi,1,1,1,0,0,343,0,SCH0494,Govt. Primary School West-494,0
TCH05074,Devika Sharma,31,Art,7,4,4,0,1,61,0,SCH0156,Govt. Middle School South-156,0
TCH05075,Yogesh Malhotra,59,Hindi,31,6,1,0,1,99,0,SCH0271,Govt. Middle School Lucknow-271,1
TCH05076,Rekha Mishra,47,Biology,18,18,14,0,0,4,1,SCH0176,Govt. Middle School Udaipur-176,1
TCH05077,Devika Kaur,57,History,17,1,1,1,1,114,1,SCH0442,Govt. High School Gurgaon-442,1
TCH05078,Pankaj Verma,53,Hindi,13,8,6,0,0,364,1,SCH0070,Govt. High School Kota-70,1
TCH05079,Shanti Iyer,53,Physical Education,29,4,8,0,0,423,0,SCH0120,Govt. High School New-120,1
TCH05080,Sunita Singh,54,Computer Science,22,11,14,0,0,13,0,SCH0064,Govt. High School Jodhpur-64,1
TCH05081,Yogesh Bhat,42,Physical Education,4,4,1,1,0,172,0,SCH0190,Govt. High School Gurgaon-190,0
TCH05082,Ajay Bansal,56,Mathematics,25,8,1,0,0,474,0,SCH0010,Govt. Primary School West-10,1
TCH05083,Shanti Pillai,38,Geography,11,2,0,0,0,204,0,SCH0260,Govt. High School Lucknow-260,0
TCH05084,Vikram Aggarwal,32,Social Science,1,1,0,0,0,472,0,SCH0363,Govt. Primary School Central-363,0
TCH05085,Vikas Patel,49,Mathematics,19,8,12,1,1,359,1,SCH0147,Govt. High School Gurgaon-147,1
TCH05086,Yogesh Tiwari,61,Geography,5,4,0,1,0,227,1,SCH0366,Govt. Senior Secondary School East-366,1
TCH05087,Arun Shukla,59,Art,32,14,13,0,0,434,0,SCH0414,Govt. Senior Secondary School Central-414,1
TCH05088,Vikas Iyer,48,Computer Science,17,15,7,0,0,9,1,SCH0307,Govt. Middle School Kanpur-307,1
TCH05089,Saroj Pillai,50,Art,13,11,13,0,0,101,0,SCH0216,Govt. Middle School East-216,1
TCH05090,Vinod Bansal,28,History,3,3,3,1,0,210,0,SCH0193,Govt. Senior Secondary School West-193,1
TCH05091,Ajay Malhotra,35,Geography,3,2,3,1,1,17,0,SCH0329,Govt. Senior Secondary School South-329,1
TCH05092,Savita Gupta,29,History,2,1,1,1,0,42,0,SCH0382,Govt. Senior Secondary School Jaipur-382,0
TCH05093,Meena Menon,28,Art,2,1,0,0,1,15,0,SCH0152,Govt. Middle School Agra-152,0
TCH05094,Anita Shukla,30,Computer Science,4,4,3,0,0,346,0,SCH0188,Govt. Middle School Kanpur-188,0
TCH05095,Vikas Mishra,47,English,10,8,8,0,1,266,1,SCH0488,Govt. Senior Secondary School Agra-488,1
TCH05096,Vikas Singh,59,Social Science,8,2,0,0,0,291,0,SCH0170,Govt. Primary School Kanpur-170,0
TCH05097,Harish Mittal,45,Social Science,13,3,10,1,0,101,0,SCH0011,Govt. Middle School Lucknow-11,1
TCH05098,Saroj Aggarwal,33,Sanskrit,10,6,6,0,0,342,0,SCH0292,Govt. High School Jodhpur-292,1
TCH05099,Pooja Mittal,26,Hindi,1,1,0,0,0,120,0,SCH0100,Govt. Senior Secondary School Gurgaon-100,0
TCH05100,Pooja Bansal,51,Art,7,6,3,0,0,116,0,SCH0056,Govt. Senior Secondary School South-56,0
TCH05101,Ramesh Joshi,27,Art,4,4,2,0,1,241,0,SCH0414,Govt. Senior Secondary School Central-414,1
TCH05102,Radha Shukla,34,Geography,8,3,6,1,0,449,1,SCH0073,Govt. High School Central-73,1
TCH05103,Sunita Chaudhary,47,Geography,21,4,7,0,0,443,1,SCH0287,Govt. Middle School Gurgaon-287,1
TCH05104,Priya Menon,25,Biology,1,1,0,1,0,217,0,SCH0359,Govt. Primary School Lucknow-359,1
TCH05105,Lakshmi Reddy,49,Science,13,2,2,0,0,319,1,SCH0080,Govt. Primary School Jaipur-80,0
TCH05106,Pankaj Mittal,36,Mathematics,11,7,9,1,0,357,0,SCH0235,Govt. Senior Secondary School Faridabad-235,1
TCH05107,Yogesh Patel,55,Physical Education,22,2,1,1,0,398,0,SCH0329,Govt. Senior Secondary School South-329,1
TCH05108,Rekha Menon,31,Physical Education,3,2,0,1,0,311,1,SCH0111,Govt. Senior Secondary School Gurgaon-111,1
TCH05109,Kamla Iyer,33,Hindi,8,8,7,0,0,89,1,SCH0117,Govt. Middle School Ghaziabad-117,1
TCH05110,Ajay Jain,43,Physics,9,8,3,1,0,21,1,SCH0167,Govt. Middle School Jaipur-167,1
TCH05111,Geeta Mittal,34,History,4,3,4,1,0,122,0,SCH0333,Govt. Middle School Kota-333,1
TCH05112,Devika Malhotra,40,Mathematics,6,5,5,0,0,361,0,SCH0071,Govt. Middle School Bikaner-71,1
TCH05113,Vinod Bansal,60,Mathematics,21,19,11,0,0,180,1,SCH0429,Govt. Middle School Central-429,1
TCH05114,Dinesh Chaudhary,49,Computer Science,17,5,5,1,0,498,0,SCH0460,Govt. High School Ghaziabad-460,1
TCH05115,Meena Mittal,33,Physical Education,10,5,7,0,0,207,0,SCH0061,Govt. Primary School Kota-61,1
TCH05116,Saroj Chaudhary,49,Physics,9,8,9,1,0,61,0,SCH0290,Govt. High School North-290,1
TCH05117,Devika Aggarwal,29,Sanskrit,5,3,1,0,0,276,0,SCH0016,Govt. Middle School Gurgaon-16,0
TCH05118,Meena Shukla,46,Geography,20,10,1,1,0,347,1,SCH0402,Govt. Middle School Faridabad-402,1
TCH05119,Dinesh Menon,30,Computer Science,3,1,3,0,0,496,0,SCH0391,Govt. Primary School West-391,0
TCH05120,Radha Naidu,41,Social Science,13,2,0,0,0,215,0,SCH0076,Govt. High School Jodhpur-76,0
TCH05121,Devika Shukla,34,Geography,10,6,9,0,0,264,0,SCH0048,Govt. Middle School Gurgaon-48,1
TCH05122,Dinesh Chaudhary,26,Computer Science,1,1,0,0,1,253,0,SCH0194,Govt. Middle School Ajmer-194,1
TCH05123,Nita Sharma,41,History,6,6,0,1,0,259,0,SCH0038,Govt. Senior Secondary School Kota-38,1
TCH05124,Radha Singh,24,Computer Science,1,1,0,0,0,402,1,SCH0247,Govt. High School New-247,0
TCH05125,Meena Malhotra,53,Hindi,20,7,4,0,1,450,0,SCH0426,Govt. High School Jodhpur-426,1
TCH05126,Kamla Pandey,60,Geography,10,9,6,0,1,224,0,SCH0414,Govt. Senior Secondary School Central-414,1
TCH05127,Kavita Tiwari,31,Sanskrit,1,1,1,1,0,135,0,SCH0173,Govt. High School Gurgaon-173,0
TCH05128,Seema Shukla,36,History,2,2,0,0,0,11,0,SCH0099,Govt. Senior Secondary School Faridabad-99,0
TCH05129,Geeta Pillai,34,Art,10,7,10,1,0,464,1,SCH0077,Govt. Middle School Bikaner-77,1
TCH05130,Rekha Garg,53,History,5,3,5,0,0,66,1,SCH0396,Govt. Primary School Kota-396,0
TCH05131,Amit Garg,51,Mathematics,5,1,5,0,0,370,1,SCH0140,Govt. Primary School Udaipur-140,1
TCH05132,Arun Rao,30,Art,2,2,2,0,0,117,0,SCH0427,Govt. Primary School Faridabad-427,0
TCH05133,Rajesh Sharma,47,Computer Science,1,1,0,0,0,419,0,SCH0115,Govt. High School Jodhpur-115,0
TCH05134,Harish Chaudhary,41,Geography,10,1,9,0,1,302,0,SCH0437,Govt. Primary School Varanasi-437,1
TCH05135,Naresh Gupta,28,Mathematics,2,2,2,0,1,307,1,SCH0201,Govt. Primary School Bikaner-201,1
TCH05136,Naresh Nair,45,Hindi,5,4,4,1,0,144,0,SCH0060,Govt. High School Noida-60,1
TCH05137,Anita Naidu,50,Hindi,8,5,2,0,0,315,1,SCH0039,Govt. Senior Secondary School North-39,1
TCH05138,Saroj Pandey,27,Sanskrit,1,1,0,0,0,376,0,SCH0417,Govt. Primary School New-417,0
TCH05139,Priya Verma,24,Science,1,1,1,0,0,254,0,SCH0497,Govt. High School Ghaziabad-497,0
TCH05140,Kamla Verma,45,Geography,9,7,6,0,0,154,0,SCH0193,Govt. Senior Secondary School West-193,0
TCH05141,Seema Gupta,40,Social Science,2,1,1,0,0,366,0,SCH0332,Govt. Primary School Agra-332,0
TCH05142,Ajay Gupta,57,Sanskrit,7,4,0,0,0,207,0,SCH0323,Govt. Middle School Central-323,0
TCH05143,Ashok Verma,36,Biology,3,3,2,1,1,69,0,SCH0378,Govt. High School Udaipur-378,1
TCH05144,Pooja Garg,58,Computer Science,30,11,5,0,1,304,0,SCH0209,Govt. High School Noida-209,1
TCH05145,Sanjay Garg,47,Geography,4,1,4,1,0,211,0,SCH0268,Govt. Middle School North-268,1
TCH05146,Yogesh Reddy,46,Chemistry,14,12,6,0,0,395,0,SCH0487,Govt. High School East-487,1
TCH05147,Meena Verma,25,Physical Education,2,2,2,1,0,492,0,SCH0322,Govt. High School Central-322,1
TCH05148,Ramesh Reddy,43,Social Science,20,19,10,1,0,489,0,SCH0189,Govt. Senior Secondary School Noida-189,1
TCH05149,Priya Mittal,33,Biology,9,3,3,0,0,265,0,SCH0139,Govt. Senior Secondary School Ajmer-139,0
TCH05150,Yogesh Iyer,54,Social Science,16,9,4,1,0,409,0,SCH0226,Govt. Senior Secondary School Kanpur-226,1
TCH05151,Arun Verma,27,Physical Education,4,4,3,0,0,291,1,SCH0201,Govt. Primary School Bikaner-201,1
TCH05152,Yogesh Mittal,28,English,5,4,3,1,0,166,1,SCH0483,Govt. Middle School Central-483,1
TCH05153,Lakshmi Malhotra,33,Sanskrit,3,3,3,1,0,276,1,SCH0372,Govt. High School Lucknow-372,1
TCH05154,Deepak Iyer,38,English,4,2,1,0,0,139,1,SCH0211,Govt. Middle School North-211,0
TCH05155,Priya Menon,52,Art,18,1,2,1,0,366,1,SCH0177,Govt. Senior Secondary School Agra-177,1
TCH05156,Pushpa Kaur,45,Computer Science,5,4,3,1,0,206,0,SCH0048,Govt. Middle School Gurgaon-48,1
TCH05157,Mukesh Jain,60,Chemistry,33,19,10,0,0,16,0,SCH0423,Govt. Senior Secondary School Lucknow-423,1
TCH05158,Sunita Patel,28,Geography,3,2,3,1,0,430,1,SCH0473,Govt. High School Central-473,1
TCH05159,Ajay Gupta,43,Art,7,3,5,0,0,87,0,SCH0359,Govt. Primary School Lucknow-359,0
TCH05160,Mahesh Sharma,48,Chemistry,7,7,3,0,0,395,0,SCH0399,Govt. High School North-399,1
TCH05161,Kamla Naidu,56,History,15,5,5,1,1,426,0,SCH0480,Govt. Middle School Jodhpur-480,1
TCH05162,Vikram Yadav,32,Hindi,3,3,2,0,0,356,0,SCH0135,Govt. Middle School Central-135,0
TCH05163,Savita Mishra,35,Science,4,3,1,0,1,27,1,SCH0104,Govt. High School West-104,0
TCH05164,Deepak Jain,28,Physics,4,1,3,0,0,282,0,SCH0480,Govt. Middle School Jodhpur-480,0
TCH05165,Arun Yadav,51,Physics,18,2,4,1,0,355,0,SCH0184,Govt. Primary School Central-184,1
TCH05166,Lakshmi Singh,53,Biology,16,4,3,0,0,307,0,SCH0469,Govt. High School Gurgaon-469,1
TCH05167,Anita Chauhan,59,Mathematics,31,14,4,0,0,120,0,SCH0279,Govt. Primary School Kanpur-279,1
TCH05168,Arun Naidu,24,Science,1,1,0,0,0,4,0,SCH0105,Govt. Primary School Ajmer-105,0
TCH05169,Ajay Patel,52,Mathematics,3,1,2,0,0,473,0,SCH0041,Govt. Primary School Faridabad-41,0
TCH05170,Kavita Mishra,52,Art,12,4,9,1,0,332,0,SCH0195,Govt. High School South-195,1
TCH05171,Geeta Bansal,25,History,2,2,0,0,0,57,0,SCH0217,Govt. Middle School Varanasi-217,0
TCH05172,Ashok Kumar,27,Biology,2,2,0,0,0,259,0,SCH0343,Govt. Senior Secondary School Central-343,0
TCH05173,Sunil Pillai,49,Physics,16,3,0,0,0,367,0,SCH0254,Govt. Primary School Jaipur-254,0
TCH05174,Kavita Yadav,53,Hindi,6,4,0,0,0,461,1,SCH0193,Govt. Senior Secondary School West-193,0
TCH05175,Vikram Mittal,58,Computer Science,27,2,11,1,0,107,0,SCH0230,Govt. High School West-230,1
TCH05176,Vinod Joshi,34,Social Science,9,9,5,0,0,324,0,SCH0280,Govt. Middle School Udaipur-280,1
TCH05177,Sunita Kaur,40,English,6,6,3,0,0,288,1,SCH0304,Govt. Middle School New-304,1
TCH05178,Anita Pandey,52,Mathematics,23,17,10,0,0,245,0,SCH0443,Govt. High School Udaipur-443,1
TCH05179,Lakshmi Joshi,31,History,1,1,0,0,0,456,0,SCH0073,Govt. High School Central-73,0
TCH05180,Suresh Chaudhary,50,Social Science,18,3,1,0,0,69,0,SCH0023,Govt. High School Faridabad-23,0
TCH05181,Sunita Mishra,25,Biology,2,2,0,0,0,311,0,SCH0146,Govt. Middle School Central-146,0
TCH05182,Mahesh Bansal,43,Science,12,12,5,0,0,450,0,SCH0105,Govt. Primary School Ajmer-105,1
TCH05183,Mukesh Menon,31,Science,7,2,6,0,0,35,0,SCH0204,Govt. Middle School Agra-204,0
TCH05184,Meena Mittal,39,Biology,5,2,5,0,0,15,1,SCH0475,Govt. Primary School Kanpur-475,0
TCH05185,Pushpa Naidu,29,History,6,5,1,0,0,49,0,SCH0380,Govt. Primary School Agra-380,0
TCH05186,Pooja Gupta,35,Mathematics,4,2,4,1,1,363,0,SCH0088,Govt. High School Ghaziabad-88,1
TCH05187,Arun Reddy,45,Science,10,9,8,0,0,40,0,SCH0427,Govt. Primary School Faridabad-427,1
TCH05188,Pushpa Mittal,35,Sanskrit,7,3,5,1,0,221,0,SCH0450,Govt. High School Kanpur-450,1
TCH05189,Sunil Bansal,25,English,2,2,0,0,0,372,1,SCH0302,Govt. Senior Secondary School Ghaziabad-302,0
TCH05190,Sanjay Tiwari,43,History,3,3,3,0,0,241,0,SCH0053,Govt. Senior Secondary School Ghaziabad-53,0
TCH05191,Pankaj Patel,55,Geography,29,13,4,0,0,374,1,SCH0477,Govt. Senior Secondary School Agra-477,1
TCH05192,Usha Kaur,24,Sanskrit,1,1,1,0,0,168,0,SCH0280,Govt. Middle School Udaipur-280,0
TCH05193,Ajay Chauhan,35,Hindi,4,3,1,1,1,230,0,SCH0252,Govt. Primary School Gurgaon-252,1
TCH05194,Radha Garg,41,Sanskrit,10,3,5,0,0,447,0,SCH0389,Govt. Middle School Gurgaon-389,1
TCH05195,Sunil Mishra,54,Science,21,8,0,1,0,480,0,SCH0119,Govt. Middle School Noida-119,1
TCH05196,Harish Patel,24,History,1,1,1,0,0,427,0,SCH0435,Govt. Primary School Noida-435,0
TCH05197,Ashok Chaudhary,42,Mathematics,17,16,2,1,0,4,0,SCH0349,Govt. High School Faridabad-349,1
TCH05198,Ramesh Pillai,47,Art,1,1,1,1,0,18,1,SCH0174,Govt. Middle School South-174,0
TCH05199,Priya Rao,29,Art,2,2,0,1,0,265,1,SCH0231,Govt. Senior Secondary School Gurgaon-231,1
TCH05200,Anita Menon,53,Physical Education,4,1,2,0,0,23,1,SCH0360,Govt. Senior Secondary School Bikaner-360,0
TCH05201,Radha Shukla,53,Computer Science,26,2,3,0,0,426,0,SCH0326,Govt. Middle School Varanasi-326,1
TCH05202,Kavita Chauhan,60,Biology,16,4,3,0,0,16,0,SCH0475,Govt. Primary School Kanpur-475,0
TCH05203,Sunita Shukla,39,Sanskrit,4,2,1,1,0,243,1,SCH0359,Govt. Primary School Lucknow-359,1
TCH05204,Pushpa Mishra,36,Chemistry,9,2,4,0,1,182,0,SCH0481,Govt. Senior Secondary School Jaipur-481,0
TCH05205,Meena Garg,37,Art,4,4,4,1,0,104,0,SCH0266,Govt. Primary School Varanasi-266,1
TCH05206,Shanti Malhotra,36,Mathematics,8,6,8,0,0,224,0,SCH0008,Govt. High School Ajmer-8,1
TCH05207,Sunil Kumar,60,Science,25,14,8,1,0,463,0,SCH0193,Govt. Senior Secondary School West-193,1
TCH05208,Arun Patel,46,Hindi,8,5,4,0,0,23,0,SCH0338,Govt. Primary School Faridabad-338,0
TCH05209,Dinesh Pandey,37,Computer Science,6,2,3,1,0,57,0,SCH0323,Govt. Middle School Central-323,1
TCH05210,Anita Shukla,44,Computer Science,2,1,2,0,0,221,0,SCH0082,Govt. Primary School West-82,0
TCH05211,Shanti Sharma,58,Art,29,12,6,1,0,432,1,SCH0448,Govt. Senior Secondary School West-448,1
TCH05212,Sunil Chauhan,26,Science,2,1,1,1,0,178,0,SCH0172,Govt. Senior Secondary School North-172,0
TCH05213,Mahesh Shukla,28,Geography,1,1,1,1,0,130,1,SCH0352,Govt. Middle School Varanasi-352,0
TCH05214,Vikram Nair,34,Computer Science,10,8,1,1,1,308,1,SCH0077,Govt. Middle School Bikaner-77,1
TCH05215,Pooja Gupta,24,Geography,1,1,0,1,0,258,0,SCH0395,Govt. Primary School Jodhpur-395,1
TCH05216,Ashok Pillai,44,Chemistry,4,1,1,0,0,217,1,SCH0072,Govt. Middle School Udaipur-72,0
TCH05217,Savita Malhotra,39,Geography,3,3,0,0,0,83,0,SCH0497,Govt. High School Ghaziabad-497,0
TCH05218,Amit Menon,44,Geography,2,1,2,0,1,459,1,SCH0489,Govt. Senior Secondary School Kanpur-489,1
TCH05219,Seema Mishra,57,Chemistry,18,16,2,1,0,389,0,SCH0274,Govt. High School Agra-274,1
TCH05220,Ajay Menon,54,Social Science,12,6,11,0,0,378,1,SCH0320,Govt. Primary School Udaipur-320,1
TCH05221,Sunil Garg,33,Mathematics,10,3,6,0,0,48,0,SCH0402,Govt. Middle School Faridabad-402,0
TCH05222,Arun Kumar,50,Mathematics,11,2,1,0,0,207,1,SCH0488,Govt. Senior Secondary School Agra-488,0
TCH05223,Usha Aggarwal,45,Mathematics,17,11,14,1,0,372,0,SCH0436,Govt. High School Jodhpur-436,1
TCH05224,Ajay Bhat,53,Physical Education,20,10,9,0,0,226,0,SCH0488,Govt. Senior Secondary School Agra-488,1
TCH05225,Sunil Chaudhary,30,Physical Education,6,1,4,1,0,283,0,SCH0118,Govt. Middle School Agra-118,1
TCH05226,Mahesh Nair,31,Social Science,1,1,0,0,0,491,0,SCH0307,Govt. Middle School Kanpur-307,0
TCH05227,Deepak Joshi,33,Geography,2,2,0,0,0,412,0,SCH0332,Govt. Primary School Agra-332,0
TCH05228,Saroj Nair,34,History,9,2,8,0,0,293,0,SCH0173,Govt. High School Gurgaon-173,0
TCH05229,Vikram Reddy,24,Science,1,1,1,0,1,252,0,SCH0323,Govt. Middle School Central-323,1
TCH05230,Dinesh Chauhan,57,Computer Science,9,4,3,0,0,393,0,SCH0146,Govt. Middle School Central-146,0
TCH05231,Harish Chauhan,59,Art,1,1,1,0,1,304,1,SCH0280,Govt. Middle School Udaipur-280,1
TCH05232,Amit Bhat,42,Computer Science,10,9,9,0,0,110,0,SCH0385,Govt. Senior Secondary School Noida-385,1
TCH05233,Anita Dubey,55,English,18,10,5,0,0,233,0,SCH0226,Govt. Senior Secondary School Kanpur-226,1
TCH05234,Sunil Shukla,60,Biology,7,3,6,1,0,263,0,SCH0121,Govt. Middle School Ajmer-121,1
TCH05235,Mukesh Yadav,32,History,3,1,1,1,0,90,0,SCH0200,Govt. Middle School Bikaner-200,0
TCH05236,Pooja Sharma,59,Geography,12,2,2,1,0,153,0,SCH0394,Govt. High School Kanpur-394,0
TCH05237,Seema Shukla,27,Art,4,3,4,1,0,204,0,SCH0232,Govt. High School Bikaner-232,1
TCH05238,Saroj Gupta,27,Physical Education,4,4,4,1,0,482,0,SCH0040,Govt. High School Jodhpur-40,1
TCH05239,Savita Rao,40,Geography,4,3,4,0,0,428,1,SCH0322,Govt. High School Central-322,1
TCH05240,Pushpa Shukla,37,History,3,3,1,1,1,457,0,SCH0273,Govt. Middle School West-273,1
TCH05241,Saroj Pillai,34,Chemistry,4,1,4,0,1,45,0,SCH0077,Govt. Middle School Bikaner-77,0
TCH05242,Pushpa Bhat,27,Sanskrit,1,1,1,0,0,129,0,SCH0259,Govt. Primary School North-259,0
TCH05243,Deepak Pandey,40,History,5,4,1,1,1,209,0,SCH0079,Govt. Senior Secondary School North-79,1
TCH05244,Sanjay Rao,59,Physical Education,33,16,0,0,0,169,0,SCH0296,Govt. Middle School North-296,0
TCH05245,Sunil Pandey,51,Computer Science,4,1,4,0,0,207,1,SCH0020,Govt. Senior Secondary School Kota-20,1
TCH05246,Rajesh Shukla,53,Computer Science,5,4,2,0,0,175,1,SCH0269,Govt. Middle School East-269,0
TCH05247,Geeta Dubey,28,Mathematics,1,1,0,0,0,277,0,SCH0096,Govt. Senior Secondary School Kanpur-96,0
TCH05248,Seema Mittal,29,Mathematics,2,2,2,1,0,355,1,SCH0357,Govt. Senior Secondary School Ghaziabad-357,1
TCH05249,Shanti Malhotra,25,Chemistry,1,1,0,1,0,264,1,SCH0340,Govt. High School Ajmer-340,1
TCH05250,Saroj Pandey,40,Computer Science,10,6,10,0,0,218,0,SCH0196,Govt. Middle School Jaipur-196,1
TCH05251,Vikas Verma,57,Mathematics,33,10,11,0,0,106,0,SCH0234,Govt. High School Agra-234,1
TCH05252,Kavita Patel,33,Social Science,3,3,2,0,0,354,0,SCH0345,Govt. High School Ajmer-345,0
TCH05253,Sunil Patel,55,Art,22,10,1,0,0,42,0,SCH0461,Govt. Middle School South-461,0
TCH05254,Usha Garg,38,Physics,6,4,0,0,0,241,0,SCH0383,Govt. Middle School Gurgaon-383,0
TCH05255,Mahesh Patel,25,History,2,2,2,0,0,169,1,SCH0138,Govt. Middle School Bikaner-138,0
TCH05256,Savita Pillai,24,Chemistry,1,1,1,0,0,4,0,SCH0202,Govt. High School West-202,0
TCH05257,Deepak Dubey,33,Sanskrit,5,1,0,0,0,271,1,SCH0101,Govt. High School Gurgaon-101,0
TCH05258,Saroj Joshi,48,English,12,10,3,1,0,345,0,SCH0418,Govt. High School Ghaziabad-418,1
TCH05259,Geeta Reddy,46,English,8,8,2,1,0,176,0,SCH0327,Govt. High School Faridabad-327,1
TCH05260,Sunil Kaur,30,Geography,7,5,4,0,0,111,0,SCH0350,Govt. Middle School Jaipur-350,0
TCH05261,Seema Aggarwal,57,Chemistry,27,8,1,1,0,395,1,SCH0434,Govt. High School West-434,1
TCH05262,Ramesh Garg,45,Hindi,8,2,1,1,0,404,1,SCH0426,Govt. High School Jodhpur-426,1
TCH05263,Vikas Jain,38,Science,14,12,3,0,0,6,0,SCH0280,Govt. Middle School Udaipur-280,1
TCH05264,Lakshmi Patel,24,Social Science,1,1,0,0,0,465,0,SCH0175,Govt. Middle School Ghaziabad-175,0
TCH05265,Ashok Patel,32,History,8,1,0,0,0,82,0,SCH0041,Govt. Primary School Faridabad-41,0
TCH05266,Usha Kaur,49,Biology,1,1,0,0,0,378,0,SCH0390,Govt. Middle School Lucknow-390,0
TCH05267,Usha Shukla,32,English,7,6,4,1,0,123,0,SCH0092,Govt. Primary School Kanpur-92,1
TCH05268,Vikas Patel,33,Chemistry,5,4,2,1,0,4,0,SCH0496,Govt. Middle School Bikaner-496,0
TCH05269,Anita Mishra,51,Sanskrit,23,10,1,1,0,363,0,SCH0485,Govt. Senior Secondary School New-485,1
TCH05270,Ramesh Pandey,51,History,24,4,6,0,0,29,0,SCH0356,Govt. Senior Secondary School South-356,0
TCH05271,Shanti Singh,33,Hindi,6,6,2,0,0,405,0,SCH0312,Govt. Primary School Kanpur-312,0
TCH05272,Harish Singh,38,History,7,6,0,0,0,452,0,SCH0441,Govt. Senior Secondary School Varanasi-441,0
TCH05273,Lakshmi Dubey,41,Physics,8,1,7,1,0,126,0,SCH0364,Govt. Primary School North-364,1
TCH05274,Pushpa Nair,39,Social Science,16,4,4,0,0,7,0,SCH0014,Govt. Middle School South-14,0
TCH05275,Naresh Garg,32,History,2,1,2,0,0,424,0,SCH0490,Govt. Middle School Lucknow-490,0
TCH05276,Priya Iyer,45,Physics,16,14,2,1,0,142,0,SCH0167,Govt. Middle School Jaipur-167,1
TCH05277,Pushpa Malhotra,59,Computer Science,12,7,10,0,0,323,0,SCH0388,Govt. Senior Secondary School Noida-388,1
TCH05278,Mahesh Mishra,43,Mathematics,12,5,0,0,0,164,0,SCH0148,Govt. High School East-148,0
TCH05279,Rekha Reddy,53,Geography,20,5,10,0,0,375,1,SCH0100,Govt. Senior Secondary School Gurgaon-100,1
TCH05280,Harish Bansal,51,Geography,12,4,1,0,0,119,0,SCH0062,Govt. High School North-62,0
TCH05281,Kavita Jain,44,Biology,11,7,4,1,0,217,0,SCH0039,Govt. Senior Secondary School North-39,1
TCH05282,Mukesh Patel,47,Mathematics,1,1,1,0,0,89,0,SCH0307,Govt. Middle School Kanpur-307,0
TCH05283,Kamla Bansal,25,Physical Education,2,2,1,0,0,386,0,SCH0102,Govt. High School Gurgaon-102,0
TCH05284,Anita Mishra,33,Social Science,6,2,6,0,0,313,0,SCH0171,Govt. Middle School Ajmer-171,0
TCH05285,Amit Gupta,43,Sanskrit,10,10,2,0,0,417,0,SCH0407,Govt. Senior Secondary School South-407,1
TCH05286,Nita Shukla,41,Social Science,2,2,2,1,0,25,1,SCH0187,Govt. Senior Secondary School Lucknow-187,0
TCH05287,Ashok Joshi,25,Biology,1,1,0,0,0,467,0,SCH0046,Govt. Senior Secondary School Ajmer-46,0
TCH05288,Ashok Bansal,25,Physics,2,2,1,0,0,311,1,SCH0056,Govt. Senior Secondary School South-56,0
TCH05289,Suresh Yadav,46,Physical Education,22,7,12,0,0,497,0,SCH0104,Govt. High School West-104,1
TCH05290,Shanti Iyer,33,Hindi,1,1,0,0,0,494,1,SCH0089,Govt. High School Central-89,0
TCH05291,Pankaj Rao,34,Physical Education,2,1,1,0,0,188,0,SCH0419,Govt. Primary School Central-419,0
TCH05292,Kamla Singh,26,Hindi,1,1,1,0,0,178,1,SCH0434,Govt. High School West-434,0
TCH05293,Radha Chauhan,48,Sanskrit,12,11,3,1,0,241,0,SCH0409,Govt. Senior Secondary School Agra-409,1
TCH05294,Amit Sharma,55,Geography,12,12,10,0,0,110,0,SCH0163,Govt. Senior Secondary School West-163,1
TCH05295,Meena Bhat,39,Sanskrit,11,3,1,1,0,115,0,SCH0137,Govt. Primary School Faridabad-137,0
TCH05296,Suresh Joshi,59,Art,23,11,9,0,0,6,1,SCH0330,Govt. High School Varanasi-330,1
TCH05297,Anita Verma,45,Art,16,2,14,0,0,386,0,SCH0406,Govt. High School Gurgaon-406,1
TCH05298,Pooja Chauhan,47,Chemistry,3,2,3,1,0,49,0,SCH0182,Govt. Senior Secondary School Varanasi-182,1
TCH05299,Kamla Singh,54,Physical Education,18,9,9,0,0,259,0,SCH0316,Govt. Senior Secondary School South-316,1
TCH05300,Kamla Rao,59,History,21,11,8,1,1,151,0,SCH0303,Govt. Middle School Central-303,1
TCH05301,Ajay Kaur,43,Sanskrit,16,2,12,0,1,234,0,SCH0031,Govt. Senior Secondary School East-31,1
TCH05302,Mukesh Sharma,58,Social Science,9,5,6,1,1,26,0,SCH0068,Govt. Senior Secondary School South-68,1
TCH05303,Deepak Mishra,57,Sanskrit,20,13,14,0,0,63,1,SCH0185,Govt. High School Ajmer-185,1
TCH05304,Kamla Menon,35,Sanskrit,9,4,7,0,0,234,1,SCH0264,Govt. Primary School Udaipur-264,1
TCH05305,Dinesh Shukla,48,English,12,2,2,0,0,434,0,SCH0393,Govt. Primary School Ajmer-393,0
TCH05306,Deepak Jain,43,Physics,10,7,6,0,0,7,0,SCH0456,Govt. Senior Secondary School Ghaziabad-456,1
TCH05307,Radha Chaudhary,35,Mathematics,10,6,5,1,0,180,0,SCH0286,Govt. Primary School Bikaner-286,1
TCH05308,Ashok Garg,60,Art,11,10,5,0,0,406,0,SCH0490,Govt. Middle School Lucknow-490,1
TCH05309,Harish Chaudhary,35,Art,7,5,7,0,0,167,0,SCH0299,Govt. Primary School Jaipur-299,0
TCH05310,Yogesh Menon,40,Biology,14,9,11,0,0,191,1,SCH0387,Govt. High School Kota-387,1
TCH05311,Rekha Garg,44,English,7,1,3,1,0,375,0,SCH0144,Govt. Senior Secondary School Kanpur-144,1
TCH05312,Pushpa Bhat,46,Physics,20,15,4,0,0,444,0,SCH0071,Govt. Middle School Bikaner-71,1
TCH05313,Usha Kaur,55,Computer Science,1,1,0,1,0,292,0,SCH0262,Govt. High School Jodhpur-262,1
TCH05314,Sunil Reddy,28,Physics,2,2,0,1,0,418,0,SCH0144,Govt. Senior Secondary School Kanpur-144,1
TCH05315,Anita Chaudhary,35,Physics,10,1,6,0,0,324,0,SCH0376,Govt. Middle School Udaipur-376,1
TCH05316,Ashok Aggarwal,28,Physical Education,4,4,3,0,0,202,0,SCH0408,Govt. High School North-408,0
TCH05317,Saroj Joshi,41,English,1,1,0,0,0,343,0,SCH0431,Govt. High School Bikaner-431,0
TCH05318,Deepak Joshi,61,Geography,5,5,1,0,0,303,0,SCH0258,Govt. Primary School Faridabad-258,0
TCH05319,Kavita Gupta,49,Art,19,15,8,0,0,341,0,SCH0467,Govt. High School Jaipur-467,1
TCH05320,Radha Pandey,56,Mathematics,5,5,2,0,1,354,0,SCH0355,Govt. Senior Secondary School Ajmer-355,1
TCH05321,Rajesh Mittal,55,Mathematics,29,7,14,1,0,216,0,SCH0070,Govt. High School Kota-70,1
TCH05322,Meena Aggarwal,35,Social Science,3,3,3,0,0,98,0,SCH0022,Govt. Primary School New-22,0
TCH05323,Ramesh Pillai,61,Computer Science,20,15,3,0,0,52,0,SCH0191,Govt. Middle School Gurgaon-191,1
TCH05324,Ramesh Gupta,35,Hindi,11,8,11,0,0,106,0,SCH0450,Govt. High School Kanpur-450,1
TCH05325,Kavita Aggarwal,33,Physics,8,6,2,0,0,467,1,SCH0068,Govt. Senior Secondary School South-68,1
TCH05326,Ashok Gupta,35,Hindi,6,4,5,0,0,435,0,SCH0445,Govt. Middle School Central-445,0
TCH05327,Ashok Pandey,27,Biology,3,3,1,0,0,481,0,SCH0003,Govt. Senior Secondary School Udaipur-3,0
TCH05328,Kamla Yadav,54,Computer Science,10,4,3,0,0,386,1,SCH0018,Govt. High School West-18,1
TCH05329,Radha Menon,33,Physical Education,7,6,6,0,0,378,0,SCH0325,Govt. Primary School Udaipur-325,1
TCH05330,Suresh Joshi,54,Social Science,16,3,11,0,0,381,0,SCH0094,Govt. Middle School Gurgaon-94,1
TCH05331,Kamla Nair,30,Geography,7,2,5,1,0,243,0,SCH0146,Govt. Middle School Central-146,1
TCH05332,Naresh Pillai,44,Geography,19,2,0,0,0,290,0,SCH0197,Govt. Middle School Udaipur-197,0
TCH05333,Pushpa Kumar,52,Biology,6,4,4,0,0,339,0,SCH0367,Govt. Primary School Ghaziabad-367,0
TCH05334,Ramesh Chaudhary,31,Biology,5,3,2,1,0,91,0,SCH0494,Govt. Primary School West-494,0
TCH05335,Yogesh Kaur,54,Social Science,19,2,4,0,0,491,0,SCH0461,Govt. Middle School South-461,1
TCH05336,Pankaj Kumar,37,Physical Education,8,6,2,0,0,78,1,SCH0330,Govt. High School Varanasi-330,0
TCH05337,Deepak Dubey,27,Sanskrit,1,1,0,0,1,137,0,SCH0004,Govt. Middle School Jaipur-4,0
TCH05338,Arun Jain,29,Physics,3,1,0,1,0,498,0,SCH0264,Govt. Primary School Udaipur-264,1
TCH05339,Nita Gupta,60,History,8,6,0,0,0,282,0,SCH0148,Govt. High School East-148,0
TCH05340,Pooja Bhat,39,History,13,3,5,0,0,314,0,SCH0112,Govt. Primary School Bikaner-112,1
TCH05341,Suresh Kaur,26,English,1,1,0,0,0,464,0,SCH0414,Govt. Senior Secondary School Central-414,0
TCH05342,Vikram Kumar,48,Hindi,9,3,6,0,1,143,0,SCH0098,Govt. High School Agra-98,0
TCH05343,Meena Mittal,54,Sanskrit,23,1,2,0,0,317,0,SCH0311,Govt. High School Jaipur-311,0
TCH05344,Rajesh Reddy,58,Social Science,29,16,12,1,0,236,0,SCH0331,Govt. Senior Secondary School Jodhpur-331,1
TCH05345,Anita Verma,55,Chemistry,4,4,0,1,1,101,0,SCH0320,Govt. Primary School Udaipur-320,1
TCH05346,Rajesh Mittal,28,Science,5,3,2,0,0,464,0,SCH0379,Govt. Primary School New-379,0
TCH05347,Geeta Chaudhary,28,Social Science,4,3,1,1,0,188,0,SCH0267,Govt. Senior Secondary School Bikaner-267,0
TCH05348,Arun Yadav,24,Physical Education,1,1,0,0,0,475,1,SCH0251,Govt. Primary School New-251,0
TCH05349,Savita Dubey,24,Mathematics,1,1,0,1,1,108,1,SCH0284,Govt. Primary School Bikaner-284,1
TCH05350,Arun Malhotra,56,Biology,15,8,3,1,0,423,0,SCH0273,Govt. Middle School West-273,1
TCH05351,Kamla Bhat,39,Science,5,3,5,0,0,159,0,SCH0207,Govt. Middle School Varanasi-207,0
TCH05352,Savita Patel,51,Art,15,8,10,0,0,149,0,SCH0341,Govt. High School Gurgaon-341,1
TCH05353,Dinesh Rao,50,Biology,27,13,6,0,0,455,0,SCH0093,Govt. Primary School Kanpur-93,1
TCH05354,Mahesh Kaur,41,Physics,15,12,0,0,0,172,1,SCH0165,Govt. Primary School Gurgaon-165,0
TCH05355,Seema Rao,54,English,21,16,6,1,0,419,0,SCH0288,Govt. Primary School Central-288,1
TCH05356,Meena Garg,60,Geography,11,5,2,0,0,163,1,SCH0195,Govt. High School South-195,0
TCH05357,Amit Pandey,50,English,6,6,5,0,0,457,0,SCH0483,Govt. Middle School Central-483,1
TCH05358,Anita Nair,53,Sanskrit,10,9,3,0,1,394,0,SCH0317,Govt. Middle School Jodhpur-317,1
TCH05359,Savita Shukla,55,Computer Science,24,19,9,1,1,190,0,SCH0398,Govt. Senior Secondary School South-398,1
TCH05360,Geeta Kaur,43,Science,2,2,0,1,1,78,0,SCH0284,Govt. Primary School Bikaner-284,1
TCH05361,Sunita Menon,36,Sanskrit,10,7,5,1,0,275,0,SCH0201,Govt. Primary School Bikaner-201,1
TCH05362,Yogesh Singh,47,Computer Science,19,18,6,0,0,388,0,SCH0094,Govt. Middle School Gurgaon-94,1
TCH05363,Pooja Gupta,33,Biology,5,5,2,0,0,140,0,SCH0241,Govt. High School Udaipur-241,0
TCH05364,Nita Yadav,57,Biology,19,18,9,0,0,75,0,SCH0352,Govt. Middle School Varanasi-352,1
TCH05365,Nita Jain,25,Geography,1,1,0,0,0,487,1,SCH0404,Govt. High School Central-404,0
TCH05366,Anita Patel,30,Sanskrit,4,2,1,1,0,164,0,SCH0336,Govt. Senior Secondary School Ghaziabad-336,0
TCH05367,Priya Pandey,58,English,8,3,2,1,0,492,1,SCH0475,Govt. Primary School Kanpur-475,1
TCH05368,Meena Pillai,49,Geography,6,3,2,1,0,235,1,SCH0089,Govt. High School Central-89,1
TCH05369,Saroj Yadav,36,Physical Education,4,1,3,0,0,116,1,SCH0466,Govt. Senior Secondary School Jodhpur-466,0
TCH05370,Arun Singh,34,Physical Education,8,5,4,0,0,493,1,SCH0211,Govt. Middle School North-211,1
TCH05371,Ashok Naidu,59,Sanskrit,20,10,7,0,0,93,0,SCH0219,Govt. Primary School Ajmer-219,1
TCH05372,Vikram Reddy,29,Social Science,2,1,1,0,0,229,0,SCH0300,Govt. Primary School Central-300,0
TCH05373,Devika Menon,53,English,13,2,11,1,0,150,1,SCH0121,Govt. Middle School Ajmer-121,1
TCH05374,Arun Pandey,34,Computer Science,7,5,1,1,0,388,0,SCH0122,Govt. High School Ghaziabad-122,1
TCH05375,Geeta Aggarwal,51,Geography,14,11,10,0,1,13,0,SCH0187,Govt. Senior Secondary School Lucknow-187,1
TCH05376,Sunil Yadav,49,Physics,8,3,7,0,1,165,1,SCH0439,Govt. Senior Secondary School Kota-439,1
TCH05377,Rekha Tiwari,47,Chemistry,9,2,0,0,0,76,0,SCH0285,Govt. Middle School Kanpur-285,0
TCH05378,Pushpa Kaur,37,Computer Science,11,1,11,0,1,266,0,SCH0063,Govt. High School Faridabad-63,1
TCH05379,Pushpa Mishra,27,English,2,1,1,0,0,140,0,SCH0238,Govt. Primary School South-238,0
TCH05380,Lakshmi Joshi,24,Hindi,1,1,1,0,0,246,0,SCH0414,Govt. Senior Secondary School Central-414,0
TCH05381,Priya Pillai,48,Physics,10,5,0,0,0,97,0,SCH0483,Govt. Middle School Central-483,0
TCH05382,Mahesh Pillai,53,Art,23,3,14,0,0,321,1,SCH0134,Govt. Primary School Noida-134,1
TCH05383,Pushpa Iyer,50,Physical Education,16,7,13,0,0,405,1,SCH0488,Govt. Senior Secondary School Agra-488,1
TCH05384,Kavita Patel,47,Biology,15,1,1,1,0,21,0,SCH0372,Govt. High School Lucknow-372,0
TCH05385,Anita Chauhan,60,Mathematics,7,2,7,0,0,70,0,SCH0310,Govt. Middle School West-310,0
TCH05386,Vikas Patel,31,Biology,4,4,0,0,0,238,0,SCH0096,Govt. Senior Secondary School Kanpur-96,0
TCH05387,Arun Verma,53,Physics,27,16,2,0,0,325,0,SCH0036,Govt. Primary School Noida-36,1
TCH05388,Ajay Chauhan,33,Art,6,2,3,1,0,359,0,SCH0127,Govt. High School Central-127,1
TCH05389,Pushpa Kaur,52,Science,25,19,13,0,1,461,1,SCH0270,Govt. Senior Secondary School Udaipur-270,1
TCH05390,Pushpa Bhat,44,Sanskrit,11,2,9,1,0,80,1,SCH0110,Govt. Primary School Bikaner-110,1
TCH05391,Deepak Pillai,52,History,17,1,5,1,0,265,1,SCH0168,Govt. High School Kota-168,1
TCH05392,Kamla Mishra,46,English,7,7,5,0,0,475,0,SCH0485,Govt. Senior Secondary School New-485,1
TCH05393,Priya Aggarwal,46,Computer Science,7,3,4,1,0,454,0,SCH0077,Govt. Middle School Bikaner-77,1
TCH05394,Suresh Kumar,48,Art,23,14,2,1,0,454,0,SCH0386,Govt. Senior Secondary School South-386,1
TCH05395,Lakshmi Kaur,45,Art,3,1,2,1,1,253,1,SCH0187,Govt. Senior Secondary School Lucknow-187,1
TCH05396,Sunita Menon,36,Hindi,2,2,0,0,0,353,0,SCH0372,Govt. High School Lucknow-372,0
TCH05397,Amit Mittal,47,Mathematics,1,1,1,0,0,6,0,SCH0089,Govt. High School Central-89,0
TCH05398,Devika Rao,47,Geography,9,2,0,0,0,144,1,SCH0136,Govt. Middle School Ghaziabad-136,0
TCH05399,Savita Nair,61,History,19,8,5,0,0,92,0,SCH0416,Govt. Primary School Faridabad-416,1
TCH05400,Vikas Chauhan,55,Physics,6,1,3,1,0,146,1,SCH0260,Govt. High School Lucknow-260,1
TCH05401,Nita Bhat,32,Physical Education,4,4,1,0,0,222,1,SCH0351,Govt. High School Ghaziabad-351,0
TCH05402,Shanti Naidu,56,History,26,13,0,1,0,76,1,SCH0370,Govt. High School Kanpur-370,1
TCH05403,Pooja Mishra,57,Computer Science,32,13,11,0,0,414,0,SCH0183,Govt. Senior Secondary School Jodhpur-183,1
TCH05404,Lakshmi Jain,61,Mathematics,15,14,7,1,0,381,0,SCH0274,Govt. High School Agra-274,1
TCH05405,Amit Yadav,24,Mathematics,1,1,1,0,0,232,0,SCH0409,Govt. Senior Secondary School Agra-409,0
TCH05406,Rekha Mishra,38,Chemistry,14,5,9,0,0,115,0,SCH0143,Govt. Senior Secondary School Kota-143,1
TCH05407,Anita Bansal,48,Geography,19,17,6,0,0,232,0,SCH0331,Govt. Senior Secondary School Jodhpur-331,1
TCH05408,Vikas Pandey,27,Science,1,1,0,1,0,493,0,SCH0438,Govt. Primary School Jodhpur-438,1
TCH05409,Vikram Dubey,33,Sanskrit,3,1,0,1,0,306,0,SCH0236,Govt. Senior Secondary School Jaipur-236,1
TCH05410,Arun Yadav,33,Sanskrit,1,1,0,0,0,257,1,SCH0447,Govt. Middle School East-447,0
TCH05411,Vikas Mittal,48,Sanskrit,25,4,5,0,0,21,1,SCH0373,Govt. Senior Secondary School Varanasi-373,0
TCH05412,Priya Malhotra,44,English,8,3,5,0,0,470,1,SCH0048,Govt. Middle School Gurgaon-48,1
TCH05413,Vikas Patel,46,Art,9,8,3,0,0,491,0,SCH0330,Govt. High School Varanasi-330,1
TCH05414,Anita Kaur,53,Physics,28,17,6,1,0,324,0,SCH0475,Govt. Primary School Kanpur-475,1
TCH05415,Priya Gupta,30,Social Science,6,2,5,1,0,99,0,SCH0340,Govt. High School Ajmer-340,1
TCH05416,Mukesh Tiwari,43,Computer Science,5,1,3,0,1,337,1,SCH0102,Govt. High School Gurgaon-102,1
TCH05417,Harish Yadav,39,Mathematics,11,8,11,1,0,487,0,SCH0445,Govt. Middle School Central-445,1
TCH05418,Sanjay Jain,57,Mathematics,30,15,8,1,0,155,1,SCH0314,Govt. Primary School Udaipur-314,1
TCH05419,Pankaj Rao,25,Science,2,2,0,0,0,406,0,SCH0296,Govt. Middle School North-296,0
TCH05420,Anita Rao,32,Science,7,1,7,1,0,194,1,SCH0108,Govt. Senior Secondary School Agra-108,1
TCH05421,Kavita Kumar,48,Chemistry,4,2,1,0,0,396,0,SCH0312,Govt. Primary School Kanpur-312,0
TCH05422,Meena Kaur,26,English,2,2,1,1,0,137,1,SCH0025,Govt. Middle School North-25,0
TCH05423,Nita Patel,50,Science,7,3,3,0,1,90,1,SCH0060,Govt. High School Noida-60,1
TCH05424,Savita Chaudhary,29,Biology,4,2,3,1,0,363,0,SCH0444,Govt. Senior Secondary School Varanasi-444,1
TCH05425,Deepak Verma,49,Science,22,7,14,1,0,495,1,SCH0386,Govt. Senior Secondary School South-386,1
TCH05426,Anita Singh,54,Science,24,3,14,0,1,117,0,SCH0311,Govt. High School Jaipur-311,1
TCH05427,Lakshmi Singh,38,English,8,3,5,0,0,404,0,SCH0196,Govt. Middle School Jaipur-196,0
TCH05428,Pooja Verma,56,Science,29,15,4,0,0,51,0,SCH0468,Govt. Primary School South-468,1
TCH05429,Amit Chauhan,48,English,13,8,13,1,0,9,0,SCH0317,Govt. Middle School Jodhpur-317,1
TCH05430,Usha Naidu,28,Physical Education,5,4,0,0,0,420,0,SCH0371,Govt. Primary School Ghaziabad-371,0
TCH05431,Kamla Malhotra,36,Biology,7,6,4,0,1,42,0,SCH0474,Govt. Primary School Gurgaon-474,1
TCH05432,Geeta Yadav,27,Geography,2,2,2,0,0,197,0,SCH0478,Govt. Senior Secondary School Lucknow-478,0
TCH05433,Nita Verma,51,Social Science,4,1,3,1,1,254,0,SCH0383,Govt. Middle School Gurgaon-383,1
TCH05434,Sanjay Chaudhary,37,Chemistry,2,2,0,1,0,444,1,SCH0293,Govt. High School Jaipur-293,1
TCH05435,Nita Menon,37,Mathematics,9,7,2,0,0,134,0,SCH0173,Govt. High School Gurgaon-173,0
TCH05436,Pooja Chauhan,48,Computer Science,17,4,0,1,1,46,0,SCH0339,Govt. Middle School Kota-339,1
TCH05437,Rekha Malhotra,48,History,3,3,0,1,0,106,0,SCH0449,Govt. High School Gurgaon-449,0
TCH05438,Meena Malhotra,39,Art,5,3,5,1,0,168,0,SCH0054,Govt. High School West-54,1
TCH05439,Pooja Singh,36,Science,5,4,5,1,0,436,0,SCH0145,Govt. Primary School Bikaner-145,1
TCH05440,Priya Aggarwal,30,History,2,1,0,1,0,19,0,SCH0146,Govt. Middle School Central-146,0
TCH05441,Lakshmi Reddy,42,History,3,3,1,0,0,109,1,SCH0350,Govt. Middle School Jaipur-350,0
TCH05442,Usha Garg,45,Mathematics,8,3,6,0,1,226,0,SCH0072,Govt. Middle School Udaipur-72,1
TCH05443,Ashok Kumar,43,English,8,7,3,0,0,341,0,SCH0296,Govt. Middle School North-296,1
TCH05444,Vinod Shukla,52,English,27,18,4,1,0,302,1,SCH0306,Govt. Primary School Ghaziabad-306,1
TCH05445,Anita Yadav,38,Physical Education,6,2,0,1,0,431,0,SCH0009,Govt. Middle School Gurgaon-9,1
TCH05446,Shanti Dubey,24,Physical Education,1,1,1,0,1,348,1,SCH0434,Govt. High School West-434,1
TCH05447,Vikram Aggarwal,29,Physical Education,3,3,0,1,0,90,0,SCH0195,Govt. High School South-195,0
TCH05448,Rajesh Aggarwal,26,Hindi,1,1,1,1,0,209,1,SCH0377,Govt. Middle School Agra-377,1
TCH05449,Vikas Iyer,48,Physics,13,9,7,1,0,335,0,SCH0367,Govt. Primary School Ghaziabad-367,1
TCH05450,Anita Rao,34,Sanskrit,9,5,5,1,0,163,0,SCH0066,Govt. Middle School Kanpur-66,1
TCH05451,Suresh Mishra,24,Biology,1,1,1,0,0,416,0,SCH0009,Govt. Middle School Gurgaon-9,0
TCH05452,Meena Tiwari,49,Hindi,16,1,8,1,0,238,0,SCH0061,Govt. Primary School Kota-61,1
TCH05453,Dinesh Menon,58,Physics,21,13,12,1,0,193,1,SCH0218,Govt. Primary School Lucknow-218,1
TCH05454,Shanti Shukla,32,Social Science,2,2,0,0,1,493,1,SCH0277,Govt. Primary School Udaipur-277,1
TCH05455,Deepak Yadav,57,Sanskrit,21,7,8,1,0,26,1,SCH0391,Govt. Primary School West-391,1
TCH05456,Mahesh Gupta,40,Physical Education,11,2,11,0,1,367,1,SCH0014,Govt. Middle School South-14,1
TCH05457,Meena Sharma,55,English,5,5,3,0,0,448,1,SCH0399,Govt. High School North-399,1
TCH05458,Sunita Chaudhary,26,Science,3,2,2,0,0,35,0,SCH0247,Govt. High School New-247,0
TCH05459,Saroj Patel,48,Biology,21,16,0,1,0,493,0,SCH0186,Govt. Senior Secondary School Faridabad-186,1
TCH05460,Devika Rao,34,Social Science,10,10,6,1,0,362,0,SCH0119,Govt. Middle School Noida-119,1
TCH05461,Arun Iyer,57,Geography,3,2,3,0,1,372,0,SCH0031,Govt. Senior Secondary School East-31,1
TCH05462,Yogesh Kaur,29,Physical Education,3,3,1,0,0,425,0,SCH0032,Govt. High School Jodhpur-32,0
TCH05463,Anita Chaudhary,31,Chemistry,6,3,1,0,0,208,0,SCH0494,Govt. Primary School West-494,0
TCH05464,Anita Sharma,59,Chemistry,29,17,8,0,0,149,1,SCH0442,Govt. High School Gurgaon-442,1
TCH05465,Deepak Kumar,41,Sanskrit,14,6,3,1,0,412,1,SCH0117,Govt. Middle School Ghaziabad-117,1
TCH05466,Kamla Reddy,40,Science,9,2,9,0,0,385,0,SCH0145,Govt. Primary School Bikaner-145,0
TCH05467,Ashok Tiwari,47,Sanskrit,8,6,1,0,1,60,0,SCH0176,Govt. Middle School Udaipur-176,1
TCH05468,Rajesh Mishra,37,Physical Education,14,7,2,0,0,237,0,SCH0082,Govt. Primary School West-82,1
TCH05469,Vinod Verma,24,Hindi,1,1,0,0,0,297,0,SCH0364,Govt. Primary School North-364,0
TCH05470,Kavita Sharma,37,Geography,4,3,2,0,0,105,0,SCH0031,Govt. Senior Secondary School East-31,0
TCH05471,Lakshmi Rao,30,Geography,1,1,0,1,0,310,0,SCH0186,Govt. Senior Secondary School Faridabad-186,1
TCH05472,Yogesh Dubey,30,Chemistry,2,2,0,0,0,44,0,SCH0469,Govt. High School Gurgaon-469,0
TCH05473,Rekha Iyer,59,Science,9,7,6,1,0,372,0,SCH0458,Govt. Primary School Udaipur-458,1
TCH05474,Yogesh Pillai,30,Computer Science,7,3,6,1,0,78,0,SCH0190,Govt. High School Gurgaon-190,1
TCH05475,Dinesh Dubey,42,Social Science,10,4,7,1,0,73,1,SCH0399,Govt. High School North-399,1
TCH05476,Pooja Mishra,54,Social Science,2,2,0,0,0,231,0,SCH0218,Govt. Primary School Lucknow-218,0
TCH05477,Suresh Kumar,48,Sanskrit,14,11,2,0,0,342,0,SCH0246,Govt. Senior Secondary School Central-246,1
TCH05478,Mahesh Chauhan,24,Chemistry,1,1,1,1,1,189,0,SCH0415,Govt. Middle School East-415,1
TCH05479,Kavita Verma,54,History,29,3,11,0,0,190,0,SCH0002,Govt. Senior Secondary School Kota-2,0
TCH05480,Kavita Aggarwal,30,Art,3,3,2,0,0,90,1,SCH0031,Govt. Senior Secondary School East-31,0
TCH05481,Kavita Verma,37,Hindi,11,1,7,0,1,372,0,SCH0264,Govt. Primary School Udaipur-264,1
TCH05482,Pankaj Menon,58,Hindi,15,3,1,0,0,132,0,SCH0014,Govt. Middle School South-14,0
TCH05483,Yogesh Shukla,54,Social Science,5,5,3,0,0,287,1,SCH0052,Govt. Middle School Lucknow-52,1
TCH05484,Anita Rao,26,English,3,2,3,0,0,277,1,SCH0391,Govt. Primary School West-391,1
TCH05485,Kamla Verma,47,History,3,1,1,1,0,29,1,SCH0217,Govt. Middle School Varanasi-217,0
TCH05486,Kamla Singh,51,Art,1,1,0,0,0,356,1,SCH0007,Govt. Primary School South-7,0
TCH05487,Shanti Chauhan,31,Science,7,5,7,0,0,13,0,SCH0373,Govt. Senior Secondary School Varanasi-373,0
TCH05488,Anita Sharma,43,Sanskrit,4,2,2,0,0,158,0,SCH0076,Govt. High School Jodhpur-76,0
TCH05489,Suresh Pandey,53,Physical Education,27,17,5,0,0,226,1,SCH0369,Govt. Middle School Central-369,1
TCH05490,Savita Gupta,34,Hindi,6,5,1,0,0,375,0,SCH0032,Govt. High School Jodhpur-32,0
TCH05491,Amit Chaudhary,58,Biology,28,16,13,0,0,4,1,SCH0261,Govt. Middle School West-261,1
TCH05492,Geeta Verma,36,Biology,8,4,2,0,0,484,0,SCH0053,Govt. Senior Secondary School Ghaziabad-53,0
TCH05493,Ramesh Pandey,61,Science,13,2,10,0,0,332,1,SCH0365,Govt. Senior Secondary School Ajmer-365,1
TCH05494,Sunita Bansal,31,Sanskrit,7,1,0,1,0,348,1,SCH0497,Govt. High School Ghaziabad-497,1
TCH05495,Shanti Nair,60,Social Science,27,5,10,1,0,399,0,SCH0148,Govt. High School East-148,1
TCH05496,Rekha Yadav,54,Art,27,11,14,1,1,214,1,SCH0252,Govt. Primary School Gurgaon-252,1
TCH05497,Pooja Singh,27,Physical Education,4,1,2,0,0,116,0,SCH0206,Govt. High School Lucknow-206,0
TCH05498,Priya Sharma,26,Geography,3,1,2,1,1,188,0,SCH0101,Govt. High School Gurgaon-101,1
TCH05499,Pooja Dubey,48,History,25,3,3,0,0,387,0,SCH0223,Govt. Middle School Gurgaon-223,1
TCH05500,Kamla Naidu,30,Physics,5,1,3,0,0,42,1,SCH0441,Govt. Senior Secondary School Varanasi-441,0
TCH05501,Radha Bhat,51,Chemistry,10,8,7,0,0,23,0,SCH0229,Govt. High School Agra-229,1
TCH05502,Mahesh Rao,51,Mathematics,7,1,4,0,0,417,1,SCH0306,Govt. Primary School Ghaziabad-306,1
TCH05503,Kavita Menon,52,Mathematics,27,17,11,1,1,180,0,SCH0105,Govt. Primary School Ajmer-105,1
TCH05504,Sanjay Naidu,31,Art,1,1,1,0,0,442,0,SCH0171,Govt. Middle School Ajmer-171,0
TCH05505,Sanjay Iyer,53,Chemistry,25,1,2,1,0,129,0,SCH0447,Govt. Middle School East-447,0
TCH05506,Yogesh Jain,46,Social Science,23,2,1,0,0,184,0,SCH0081,Govt. High School Gurgaon-81,0
TCH05507,Radha Mittal,24,Chemistry,1,1,0,0,1,270,0,SCH0430,Govt. Primary School Bikaner-430,1
TCH05508,Meena Gupta,31,Physics,7,1,1,1,0,495,0,SCH0224,Govt. Primary School South-224,1
TCH05509,Vikram Nair,56,Hindi,6,2,1,0,0,217,1,SCH0300,Govt. Primary School Central-300,0
TCH05510,Deepak Bhat,27,Sanskrit,1,1,0,0,0,343,0,SCH0426,Govt. High School Jodhpur-426,0
TCH05511,Priya Verma,56,Mathematics,27,2,8,0,0,253,0,SCH0244,Govt. Senior Secondary School Agra-244,1
TCH05512,Lakshmi Chaudhary,43,Chemistry,12,4,2,0,0,144,0,SCH0137,Govt. Primary School Faridabad-137,0
TCH05513,Rekha Pandey,35,Computer Science,1,1,0,1,0,271,0,SCH0052,Govt. Middle School Lucknow-52,1
TCH05514,Priya Malhotra,51,Science,9,7,7,1,0,118,0,SCH0302,Govt. Senior Secondary School Ghaziabad-302,1
TCH05515,Kavita Verma,46,Biology,12,8,3,0,0,264,0,SCH0408,Govt. High School North-408,1
TCH05516,Pushpa Naidu,57,Biology,18,2,8,0,0,289,0,SCH0302,Govt. Senior Secondary School Ghaziabad-302,1
TCH05517,Mahesh Verma,54,Mathematics,11,11,2,1,0,464,0,SCH0064,Govt. High School Jodhpur-64,1
TCH05518,Mahesh Pillai,40,Hindi,15,10,12,0,0,479,0,SCH0384,Govt. Middle School Jaipur-384,1
TCH05519,Devika Gupta,27,Sanskrit,2,2,2,0,0,419,1,SCH0279,Govt. Primary School Kanpur-279,0
TCH05520,Vikas Malhotra,50,Physical Education,14,14,7,0,1,394,0,SCH0367,Govt. Primary School Ghaziabad-367,1
TCH05521,Seema Pillai,59,Mathematics,29,9,0,1,0,409,0,SCH0440,Govt. High School Lucknow-440,1
TCH05522,Geeta Naidu,40,Physical Education,15,14,8,0,0,132,0,SCH0162,Govt. Middle School Gurgaon-162,1
TCH05523,Ashok Aggarwal,32,English,4,3,0,0,0,441,0,SCH0034,Govt. Middle School Varanasi-34,0
TCH05524,Mahesh Iyer,37,Geography,6,5,2,0,0,244,0,SCH0022,Govt. Primary School New-22,0
TCH05525,Amit Aggarwal,31,Geography,8,1,7,0,0,488,0,SCH0257,Govt. Middle School West-257,0
TCH05526,Ajay Bansal,29,Biology,1,1,0,0,0,446,0,SCH0153,Govt. Primary School Ghaziabad-153,0
TCH05527,Lakshmi Aggarwal,51,Geography,11,8,6,1,0,265,1,SCH0476,Govt. Primary School East-476,1
TCH05528,Pushpa Reddy,27,Hindi,1,1,0,0,0,467,1,SCH0271,Govt. Middle School Lucknow-271,0
TCH05529,Vikram Yadav,28,Biology,2,2,0,0,0,143,0,SCH0332,Govt. Primary School Agra-332,0
TCH05530,Yogesh Naidu,36,Science,11,2,8,1,0,308,0,SCH0303,Govt. Middle School Central-303,1
TCH05531,Pankaj Shukla,44,Geography,11,10,3,0,0,323,1,SCH0417,Govt. Primary School New-417,1
TCH05532,Vinod Singh,27,Chemistry,2,1,1,0,0,3,1,SCH0285,Govt. Middle School Kanpur-285,0
TCH05533,Naresh Singh,34,English,11,6,5,1,0,127,0,SCH0465,Govt. Middle School Kota-465,1
TCH05534,Pushpa Joshi,52,Mathematics,14,2,10,0,0,105,0,SCH0111,Govt. Senior Secondary School Gurgaon-111,0
TCH05535,Mukesh Pillai,33,Social Science,5,1,5,0,0,255,0,SCH0249,Govt. Senior Secondary School West-249,0
TCH05536,Ramesh Bansal,43,English,3,3,0,0,1,285,1,SCH0128,Govt. High School Bikaner-128,1
TCH05537,Ashok Chaudhary,41,English,11,10,3,0,0,25,1,SCH0391,Govt. Primary School West-391,1
TCH05538,Harish Naidu,38,Geography,10,7,2,0,0,76,0,SCH0108,Govt. Senior Secondary School Agra-108,0
TCH05539,Vinod Pillai,60,Geography,26,11,3,0,0,32,0,SCH0305,Govt. Primary School Noida-305,1
TCH05540,Kavita Iyer,27,Biology,1,1,0,0,0,281,1,SCH0467,Govt. High School Jaipur-467,0
TCH05541,Rajesh Gupta,57,Physical Education,7,3,2,0,0,289,1,SCH0414,Govt. Senior Secondary School Central-414,0
TCH05542,Mahesh Patel,47,Chemistry,15,5,1,0,0,204,0,SCH0422,Govt. Primary School Varanasi-422,1
TCH05543,Deepak Sharma,39,Hindi,2,1,1,0,0,21,0,SCH0435,Govt. Primary School Noida-435,0
TCH05544,Sunita Nair,41,Biology,10,3,5,1,0,340,1,SCH0240,Govt. Senior Secondary School New-240,1
TCH05545,Sunil Garg,54,English,27,8,1,1,0,138,1,SCH0420,Govt. Senior Secondary School Lucknow-420,1
TCH05546,Anita Chaudhary,28,Mathematics,5,2,4,0,0,179,1,SCH0055,Govt. Middle School Noida-55,0
TCH05547,Arun Naidu,30,Computer Science,6,2,5,1,0,284,1,SCH0431,Govt. High School Bikaner-431,1
TCH05548,Priya Reddy,36,Art,4,2,1,1,0,435,1,SCH0338,Govt. Primary School Faridabad-338,1
TCH05549,Mahesh Singh,36,Sanskrit,6,3,5,0,1,345,1,SCH0339,Govt. Middle School Kota-339,1
TCH05550,Sunil Aggarwal,30,Science,2,1,1,0,0,464,0,SCH0477,Govt. Senior Secondary School Agra-477,0
TCH05551,Shanti Naidu,57,Physical Education,29,18,10,0,0,375,0,SCH0121,Govt. Middle School Ajmer-121,1
TCH05552,Saroj Pillai,61,History,33,9,14,1,0,429,0,SCH0385,Govt. Senior Secondary School Noida-385,1
TCH05553,Harish Mittal,31,Art,2,2,1,0,0,76,1,SCH0305,Govt. Primary School Noida-305,0
TCH05554,Yogesh Mittal,44,English,13,10,6,1,0,143,1,SCH0300,Govt. Primary School Central-300,1
TCH05555,Kavita Gupta,30,Biology,1,1,1,1,0,255,1,SCH0460,Govt. High School Ghaziabad-460,1
TCH05556,Priya Kaur,24,Sanskrit,1,1,1,0,0,261,0,SCH0493,Govt. High School Jaipur-493,0
TCH05557,Harish Reddy,50,Geography,16,16,13,1,0,57,0,SCH0276,Govt. High School South-276,1
TCH05558,Vinod Jain,59,Computer Science,28,3,8,1,0,436,1,SCH0494,Govt. Primary School West-494,1
TCH05559,Priya Bansal,49,Sanskrit,9,9,4,0,1,168,0,SCH0261,Govt. Middle School West-261,1
TCH05560,Vikram Menon,55,Chemistry,3,3,2,0,0,135,0,SCH0436,Govt. High School Jodhpur-436,0
TCH05561,Mahesh Joshi,38,History,6,5,3,0,0,284,0,SCH0458,Govt. Primary School Udaipur-458,1
TCH05562,Arun Malhotra,30,Science,5,1,0,0,0,261,0,SCH0071,Govt. Middle School Bikaner-71,0
TCH05563,Dinesh Nair,56,History,20,16,3,0,0,7,0,SCH0232,Govt. High School Bikaner-232,1
TCH05564,Ramesh Pillai,57,Biology,23,13,4,1,0,220,1,SCH0378,Govt. High School Udaipur-378,1
TCH05565,Harish Dubey,47,Biology,13,11,4,0,0,214,1,SCH0498,Govt. Primary School Gurgaon-498,1
TCH05566,Rajesh Menon,36,English,7,7,7,0,0,4,0,SCH0478,Govt. Senior Secondary School Lucknow-478,0
TCH05567,Priya Tiwari,45,History,22,11,7,1,0,394,0,SCH0032,Govt. High School Jodhpur-32,1
TCH05568,Pankaj Rao,52,Physics,22,1,8,0,1,487,1,SCH0024,Govt. Middle School Central-24,1
TCH05569,Anita Bansal,28,Sanskrit,5,4,0,0,0,397,0,SCH0243,Govt. Middle School Kanpur-243,0
TCH05570,Sanjay Shukla,51,Geography,9,3,1,1,0,228,1,SCH0093,Govt. Primary School Kanpur-93,1
TCH05571,Rekha Iyer,24,Chemistry,1,1,0,0,0,36,0,SCH0044,Govt. High School Udaipur-44,0
TCH05572,Anita Jain,26,English,3,1,2,0,0,60,1,SCH0047,Govt. Middle School Agra-47,0
TCH05573,Pushpa Naidu,30,Sanskrit,7,4,5,1,0,288,0,SCH0262,Govt. High School Jodhpur-262,1
TCH05574,Seema Aggarwal,58,English,31,19,2,0,0,12,0,SCH0303,Govt. Middle School Central-303,0
TCH05575,Radha Menon,44,History,2,2,2,0,1,418,0,SCH0308,Govt. Primary School Varanasi-308,1
TCH05576,Savita Kaur,42,Art,19,1,2,0,0,71,0,SCH0078,Govt. Middle School Gurgaon-78,0
TCH05577,Anita Naidu,24,Sanskrit,1,1,1,0,1,155,0,SCH0201,Govt. Primary School Bikaner-201,0
TCH05578,Sunita Tiwari,47,Mathematics,12,5,5,1,0,459,0,SCH0245,Govt. Senior Secondary School Bikaner-245,1
TCH05579,Dinesh Mishra,30,Physical Education,4,1,4,1,1,198,1,SCH0302,Govt. Senior Secondary School Ghaziabad-302,1
TCH05580,Mahesh Mittal,56,Art,18,9,4,0,0,258,1,SCH0061,Govt. Primary School Kota-61,1
TCH05581,Anita Chaudhary,35,Science,4,4,0,1,0,240,0,SCH0046,Govt. Senior Secondary School Ajmer-46,1
TCH05582,Radha Verma,36,Biology,12,1,8,0,0,61,0,SCH0182,Govt. Senior Secondary School Varanasi-182,0
TCH05583,Devika Reddy,39,Hindi,13,4,5,0,0,3,0,SCH0461,Govt. Middle School South-461,0
TCH05584,Pushpa Joshi,37,Computer Science,8,5,4,0,0,28,0,SCH0091,Govt. High School South-91,0
TCH05585,Devika Menon,36,Hindi,1,1,0,0,0,338,1,SCH0458,Govt. Primary School Udaipur-458,0
TCH05586,Naresh Dubey,59,Science,14,7,3,0,0,94,0,SCH0171,Govt. Middle School Ajmer-171,1
TCH05587,Savita Pillai,54,Art,15,12,13,1,0,292,0,SCH0399,Govt. High School North-399,1
TCH05588,Lakshmi Patel,57,Social Science,25,5,9,0,1,182,0,SCH0440,Govt. High School Lucknow-440,1
TCH05589,Amit Mittal,54,Geography,18,9,7,0,0,171,0,SCH0328,Govt. Primary School New-328,1
TCH05590,Pankaj Bhat,55,Computer Science,27,7,4,0,0,230,0,SCH0475,Govt. Primary School Kanpur-475,1
TCH05591,Saroj Shukla,59,Chemistry,8,3,2,1,0,142,0,SCH0145,Govt. Primary School Bikaner-145,0
TCH05592,Geeta Kaur,45,Social Science,16,3,6,0,0,225,0,SCH0280,Govt. Middle School Udaipur-280,1
TCH05593,Saroj Chaudhary,43,Mathematics,19,7,7,0,1,161,0,SCH0480,Govt. Middle School Jodhpur-480,1
TCH05594,Yogesh Nair,46,Social Science,4,1,1,0,0,444,0,SCH0137,Govt. Primary School Faridabad-137,0
TCH05595,Vikram Chauhan,26,Mathematics,3,3,0,0,0,416,0,SCH0078,Govt. Middle School Gurgaon-78,0
TCH05596,Devika Pandey,38,Science,4,4,4,1,0,308,0,SCH0079,Govt. Senior Secondary School North-79,1
TCH05597,Meena Patel,45,Physics,3,2,1,1,0,112,0,SCH0198,Govt. Senior Secondary School Varanasi-198,0
TCH05598,Geeta Bansal,24,Computer Science,1,1,0,1,0,225,1,SCH0297,Govt. Middle School East-297,1
TCH05599,Seema Menon,43,History,10,7,7,0,0,182,1,SCH0209,Govt. High School Noida-209,1
TCH05600,Rajesh Nair,43,Geography,9,9,2,0,0,337,0,SCH0065,Govt. High School Ghaziabad-65,0
TCH05601,Ramesh Tiwari,45,History,8,6,7,1,0,380,0,SCH0492,Govt. High School Lucknow-492,1
TCH05602,Sunil Bhat,57,History,22,18,13,0,0,163,1,SCH0205,Govt. Senior Secondary School East-205,1
TCH05603,Saroj Verma,61,Chemistry,18,11,7,0,0,142,0,SCH0117,Govt. Middle School Ghaziabad-117,1
TCH05604,Mahesh Shukla,53,Biology,4,4,4,0,0,385,0,SCH0071,Govt. Middle School Bikaner-71,0
TCH05605,Kamla Chauhan,56,Geography,18,16,4,1,0,172,1,SCH0078,Govt. Middle School Gurgaon-78,1
TCH05606,Vikram Chaudhary,27,Mathematics,4,2,1,0,0,125,0,SCH0295,Govt. Middle School New-295,0
TCH05607,Vikram Gupta,40,Social Science,10,9,6,0,0,353,0,SCH0320,Govt. Primary School Udaipur-320,1
TCH05608,Nita Bansal,32,Science,1,1,1,0,0,272,0,SCH0038,Govt. Senior Secondary School Kota-38,0
TCH05609,Geeta Dubey,38,Computer Science,3,3,1,0,0,439,0,SCH0301,Govt. High School New-301,0
TCH05610,Ajay Reddy,46,Sanskrit,10,6,6,0,1,499,0,SCH0387,Govt. High School Kota-387,1
TCH05611,Nita Bhat,44,Chemistry,8,4,0,0,0,450,0,SCH0084,Govt. Primary School West-84,0
TCH05612,Ramesh Yadav,54,Biology,21,17,5,0,0,483,1,SCH0056,Govt. Senior Secondary School South-56,1
TCH05613,Pankaj Mittal,31,Mathematics,6,6,5,0,0,467,0,SCH0369,Govt. Middle School Central-369,1
TCH05614,Pooja Mishra,45,Mathematics,9,8,6,1,0,295,1,SCH0175,Govt. Middle School Ghaziabad-175,1
TCH05615,Mahesh Pandey,30,History,7,6,3,0,0,415,1,SCH0471,Govt. Middle School Ajmer-471,1
TCH05616,Suresh Shukla,53,Physics,3,1,2,1,0,478,1,SCH0262,Govt. High School Jodhpur-262,1
TCH05617,Priya Jain,29,English,1,1,1,0,0,463,0,SCH0400,Govt. Senior Secondary School Jodhpur-400,0
TCH05618,Seema Malhotra,38,Social Science,1,1,0,1,0,486,0,SCH0185,Govt. High School Ajmer-185,1
TCH05619,Meena Tiwari,45,Science,2,2,1,1,0,51,0,SCH0254,Govt. Primary School Jaipur-254,0
TCH05620,Suresh Chaudhary,40,Physics,3,1,1,1,0,412,0,SCH0316,Govt. Senior Secondary School South-316,1
TCH05621,Amit Garg,42,Hindi,17,8,1,0,0,321,0,SCH0333,Govt. Middle School Kota-333,1
TCH05622,Vinod Tiwari,51,Mathematics,25,11,7,0,0,232,0,SCH0357,Govt. Senior Secondary School Ghaziabad-357,1
TCH05623,Vikas Chaudhary,48,Chemistry,5,1,3,1,0,64,0,SCH0404,Govt. High School Central-404,1
TCH05624,Vikram Rao,24,Art,1,1,0,0,0,75,0,SCH0433,Govt. High School Jodhpur-433,0
TCH05625,Mukesh Mittal,50,Physical Education,18,5,6,1,0,254,0,SCH0380,Govt. Primary School Agra-380,1
TCH05626,Kamla Kumar,46,Physical Education,3,2,3,1,0,43,0,SCH0034,Govt. Middle School Varanasi-34,1
TCH05627,Ajay Menon,52,Geography,21,13,11,1,0,453,0,SCH0133,Govt. High School East-133,1
TCH05628,Sunil Reddy,58,Mathematics,4,3,1,1,0,63,0,SCH0386,Govt. Senior Secondary School South-386,0
TCH05629,Sunil Jain,29,Physical Education,5,1,5,0,0,478,0,SCH0280,Govt. Middle School Udaipur-280,0
TCH05630,Lakshmi Chauhan,32,Sanskrit,5,5,3,1,0,100,0,SCH0002,Govt. Senior Secondary School Kota-2,1
TCH05631,Meena Singh,54,Social Science,3,1,0,0,0,362,0,SCH0283,Govt. Primary School New-283,0
TCH05632,Yogesh Tiwari,33,Chemistry,5,5,4,0,0,137,0,SCH0041,Govt. Primary School Faridabad-41,0
TCH05633,Suresh Aggarwal,56,Hindi,29,12,3,0,0,53,1,SCH0265,Govt. Middle School Gurgaon-265,1
TCH05634,Ashok Iyer,61,English,3,2,3,0,0,67,0,SCH0430,Govt. Primary School Bikaner-430,0
TCH05635,Lakshmi Reddy,47,Chemistry,16,6,11,0,0,457,1,SCH0471,Govt. Middle School Ajmer-471,1
TCH05636,Mahesh Menon,40,Chemistry,14,3,8,0,0,176,0,SCH0485,Govt. Senior Secondary School New-485,0
TCH05637,Sunil Iyer,55,Art,21,6,2,0,0,232,0,SCH0316,Govt. Senior Secondary School South-316,1
TCH05638,Geeta Bhat,58,Geography,30,7,0,0,0,478,0,SCH0469,Govt. High School Gurgaon-469,1
TCH05639,Saroj Menon,25,Biology,1,1,0,0,0,234,0,SCH0203,Govt. Primary School Kanpur-203,0
TCH05640,Harish Shukla,34,Geography,1,1,0,0,0,364,1,SCH0160,Govt. Middle School Faridabad-160,0
TCH05641,Anita Pandey,43,Physics,17,5,11,1,0,327,0,SCH0160,Govt. Middle School Faridabad-160,1
TCH05642,Mahesh Pandey,45,Art,13,2,6,0,0,269,0,SCH0302,Govt. Senior Secondary School Ghaziabad-302,1
TCH05643,Sunita Singh,61,Science,16,13,3,1,0,348,0,SCH0338,Govt. Primary School Faridabad-338,1
TCH05644,Deepak Kaur,24,Geography,1,1,1,0,0,129,0,SCH0315,Govt. Primary School Udaipur-315,0
TCH05645,Pooja Verma,46,Sanskrit,22,1,11,1,1,56,0,SCH0348,Govt. Primary School Udaipur-348,1
TCH05646,Mukesh Dubey,42,Hindi,15,7,13,1,0,132,1,SCH0352,Govt. Middle School Varanasi-352,1
TCH05647,Naresh Mittal,42,Physical Education,12,8,7,0,0,348,1,SCH0357,Govt. Senior Secondary School Ghaziabad-357,1
TCH05648,Dinesh Singh,41,Science,1,1,0,0,0,499,0,SCH0023,Govt. High School Faridabad-23,0
TCH05649,Anita Chaudhary,39,Computer Science,6,1,5,0,0,153,0,SCH0243,Govt. Middle School Kanpur-243,0
TCH05650,Sunita Mishra,60,Sanskrit,12,6,1,1,1,461,0,SCH0373,Govt. Senior Secondary School Varanasi-373,1
TCH05651,Sunil Malhotra,54,Art,4,2,3,1,0,263,0,SCH0306,Govt. Primary School Ghaziabad-306,1
TCH05652,Lakshmi Yadav,25,Chemistry,1,1,0,0,0,103,1,SCH0285,Govt. Middle School Kanpur-285,0
TCH05653,Geeta Chaudhary,37,Physical Education,13,13,12,0,0,459,0,SCH0161,Govt. Middle School Kanpur-161,1
TCH05654,Deepak Singh,43,History,7,7,0,0,0,373,0,SCH0332,Govt. Primary School Agra-332,0
TCH05655,Mahesh Pandey,32,Physics,3,1,1,0,1,464,1,SCH0297,Govt. Middle School East-297,1
TCH05656,Sunita Shukla,53,Biology,22,7,2,1,0,438,0,SCH0307,Govt. Middle School Kanpur-307,1
TCH05657,Sunita Sharma,47,Geography,10,7,3,0,0,266,0,SCH0004,Govt. Middle School Jaipur-4,1
TCH05658,Vikas Joshi,45,Art,8,6,5,0,0,111,0,SCH0336,Govt. Senior Secondary School Ghaziabad-336,0
TCH05659,Rekha Nair,27,Geography,3,3,2,0,0,84,0,SCH0070,Govt. High School Kota-70,0
TCH05660,Pooja Verma,43,Social Science,4,3,3,0,0,180,1,SCH0129,Govt. Senior Secondary School Ghaziabad-129,0
TCH05661,Naresh Shukla,30,Computer Science,6,6,4,0,0,304,0,SCH0472,Govt. Middle School Ghaziabad-472,1
TCH05662,Seema Aggarwal,60,Physical Education,17,3,11,0,0,368,0,SCH0443,Govt. High School Udaipur-443,1
TCH05663,Devika Iyer,59,Chemistry,21,7,7,0,0,191,1,SCH0442,Govt. High School Gurgaon-442,1
TCH05664,Pushpa Chaudhary,52,Mathematics,29,10,4,0,0,357,0,SCH0221,Govt. Middle School Ghaziabad-221,1
TCH05665,Radha Tiwari,55,English,5,3,2,0,0,147,0,SCH0168,Govt. High School Kota-168,0
TCH05666,Rekha Pandey,49,Chemistry,11,7,7,1,0,344,0,SCH0008,Govt. High School Ajmer-8,1
TCH05667,Shanti Rao,56,Art,16,4,6,0,0,485,0,SCH0443,Govt. High School Udaipur-443,1
TCH05668,Usha Menon,33,Mathematics,6,5,3,1,0,235,1,SCH0227,Govt. Senior Secondary School Lucknow-227,1
TCH05669,Yogesh Aggarwal,48,Social Science,11,6,10,1,0,170,0,SCH0293,Govt. High School Jaipur-293,1
TCH05670,Ashok Mishra,25,Hindi,2,1,1,0,1,401,0,SCH0394,Govt. High School Kanpur-394,1
TCH05671,Harish Aggarwal,59,Geography,21,2,13,0,0,94,0,SCH0401,Govt. Senior Secondary School Varanasi-401,0
TCH05672,Radha Kumar,26,Hindi,1,1,0,1,0,291,1,SCH0015,Govt. Primary School Noida-15,1
TCH05673,Shanti Tiwari,42,Art,6,1,1,0,0,65,0,SCH0439,Govt. Senior Secondary School Kota-439,0
TCH05674,Naresh Aggarwal,51,English,12,2,10,0,0,155,0,SCH0208,Govt. Middle School Ghaziabad-208,0
TCH05675,Pooja Malhotra,26,Chemistry,2,2,0,0,0,475,1,SCH0438,Govt. Primary School Jodhpur-438,0
TCH05676,Vinod Verma,48,Science,25,9,10,0,0,257,0,SCH0173,Govt. High School Gurgaon-173,1
TCH05677,Usha Iyer,36,Geography,5,3,4,1,1,19,0,SCH0204,Govt. Middle School Agra-204,1
TCH05678,Ramesh Jain,33,Mathematics,2,1,0,0,0,398,1,SCH0178,Govt. Middle School Kota-178,0
TCH05679,Radha Patel,29,Sanskrit,6,1,6,0,0,304,0,SCH0005,Govt. Primary School New-5,0
TCH05680,Kavita Patel,26,English,3,1,2,0,1,11,1,SCH0096,Govt. Senior Secondary School Kanpur-96,0
TCH05681,Pooja Malhotra,30,Art,3,1,2,1,0,33,0,SCH0151,Govt. High School Kanpur-151,0
TCH05682,Radha Mittal,56,Biology,33,8,12,0,0,220,1,SCH0232,Govt. High School Bikaner-232,1
TCH05683,Mukesh Joshi,60,Chemistry,1,1,0,1,0,209,0,SCH0356,Govt. Senior Secondary School South-356,1
TCH05684,Ashok Iyer,34,Science,8,4,0,0,0,260,1,SCH0069,Govt. Primary School West-69,0
TCH05685,Priya Singh,25,Science,1,1,1,0,0,57,1,SCH0200,Govt. Middle School Bikaner-200,0
TCH05686,Seema Bhat,31,Science,4,3,4,0,0,231,1,SCH0091,Govt. High School South-91,1
TCH05687,Shanti Jain,37,Sanskrit,2,2,0,0,0,12,0,SCH0048,Govt. Middle School Gurgaon-48,0
TCH05688,Mahesh Menon,50,Art,1,1,0,0,0,226,0,SCH0258,Govt. Primary School Faridabad-258,0
TCH05689,Naresh Verma,39,Mathematics,11,4,9,0,0,425,0,SCH0265,Govt. Middle School Gurgaon-265,1
TCH05690,Sunil Sharma,45,Science,11,1,8,1,0,478,1,SCH0390,Govt. Middle School Lucknow-390,1
TCH05691,Anita Nair,41,Chemistry,6,2,1,1,0,452,0,SCH0243,Govt. Middle School Kanpur-243,1
TCH05692,Pushpa Menon,26,English,2,2,0,0,0,351,0,SCH0247,Govt. High School New-247,0
TCH05693,Anita Patel,52,Geography,1,1,1,0,0,480,0,SCH0101,Govt. High School Gurgaon-101,0
TCH05694,Dinesh Chauhan,24,Art,1,1,1,0,0,65,0,SCH0305,Govt. Primary School Noida-305,0
TCH05695,Rajesh Jain,27,Art,4,3,4,1,0,482,1,SCH0460,Govt. High School Ghaziabad-460,1
TCH05696,Yogesh Kumar,28,Physical Education,2,1,0,1,1,351,1,SCH0140,Govt. Primary School Udaipur-140,1
TCH05697,Mahesh Garg,37,English,9,3,0,0,0,444,0,SCH0210,Govt. Middle School West-210,0
TCH05698,Radha Gupta,24,English,1,1,0,1,1,114,0,SCH0327,Govt. High School Faridabad-327,1
TCH05699,Kavita Jain,50,English,22,19,7,0,0,412,0,SCH0374,Govt. Senior Secondary School Bikaner-374,1
TCH05700,Nita Nair,34,Social Science,8,8,6,0,1,203,0,SCH0028,Govt. High School Varanasi-28,1
TCH05701,Mukesh Pandey,46,Hindi,7,3,5,0,0,75,0,SCH0118,Govt. Middle School Agra-118,0
TCH05702,Dinesh Bhat,44,Geography,9,1,1,1,1,471,1,SCH0221,Govt. Middle School Ghaziabad-221,1
TCH05703,Naresh Garg,29,Art,5,5,4,0,0,98,1,SCH0374,Govt. Senior Secondary School Bikaner-374,1
TCH05704,Sunita Chauhan,28,History,1,1,0,0,0,362,0,SCH0273,Govt. Middle School West-273,0
TCH05705,Arun Dubey,44,Social Science,10,7,9,0,0,72,1,SCH0180,Govt. Senior Secondary School Lucknow-180,1
TCH05706,Harish Patel,43,Social Science,2,2,2,0,0,78,0,SCH0486,Govt. Senior Secondary School East-486,0
TCH05707,Kavita Naidu,43,History,6,4,4,0,0,374,0,SCH0066,Govt. Middle School Kanpur-66,0
TCH05708,Ramesh Nair,32,Physics,7,4,2,1,0,412,0,SCH0356,Govt. Senior Secondary School South-356,1
TCH05709,Mahesh Dubey,57,Art,4,1,0,0,0,324,0,SCH0450,Govt. High School Kanpur-450,0
TCH05710,Seema Verma,50,Mathematics,11,3,4,0,0,79,0,SCH0386,Govt. Senior Secondary School South-386,0
TCH05711,Radha Tiwari,47,Social Science,3,1,1,1,1,284,0,SCH0347,Govt. Senior Secondary School Ghaziabad-347,1
TCH05712,Shanti Joshi,52,Computer Science,8,1,8,0,0,155,1,SCH0335,Govt. Primary School Noida-335,0
TCH05713,Usha Kaur,36,English,5,4,1,1,0,324,0,SCH0240,Govt. Senior Secondary School New-240,1
TCH05714,Sanjay Garg,51,Science,27,16,1,1,0,354,0,SCH0446,Govt. Middle School Jodhpur-446,1
TCH05715,Deepak Yadav,47,English,23,3,3,0,0,431,0,SCH0058,Govt. Senior Secondary School Central-58,1
TCH05716,Yogesh Joshi,55,Art,24,17,12,0,0,215,0,SCH0479,Govt. Middle School Agra-479,1
TCH05717,Saroj Malhotra,25,Physical Education,2,2,1,0,0,45,0,SCH0276,Govt. High School South-276,0
TCH05718,Pushpa Naidu,59,Geography,6,4,5,0,0,405,0,SCH0375,Govt. Primary School South-375,0
TCH05719,Anita Chauhan,54,Biology,21,10,12,0,0,26,0,SCH0376,Govt. Middle School Udaipur-376,1
TCH05720,Lakshmi Malhotra,29,Hindi,6,1,1,1,0,402,1,SCH0462,Govt. Primary School Noida-462,1
TCH05721,Vinod Reddy,47,Computer Science,2,1,1,0,0,88,1,SCH0125,Govt. Primary School Jodhpur-125,0
TCH05722,Arun Rao,44,English,5,1,5,0,0,405,0,SCH0348,Govt. Primary School Udaipur-348,0
TCH05723,Sanjay Garg,60,Sanskrit,26,10,4,1,1,190,1,SCH0016,Govt. Middle School Gurgaon-16,1
TCH05724,Sunil Shukla,32,Computer Science,7,4,5,0,0,499,1,SCH0285,Govt. Middle School Kanpur-285,1
TCH05725,Vikram Mittal,52,Biology,14,9,9,1,0,250,1,SCH0087,Govt. Primary School Udaipur-87,1
TCH05726,Rajesh Reddy,28,History,5,1,2,1,0,340,0,SCH0182,Govt. Senior Secondary School Varanasi-182,1
TCH05727,Vikram Iyer,48,Art,24,10,13,1,0,135,0,SCH0032,Govt. High School Jodhpur-32,1
TCH05728,Geeta Bansal,33,Mathematics,10,3,4,0,0,290,0,SCH0199,Govt. High School Bikaner-199,1
TCH05729,Usha Bhat,49,Computer Science,4,3,3,0,0,389,0,SCH0131,Govt. Senior Secondary School New-131,0
TCH05730,Amit Shukla,47,Geography,20,7,6,1,0,298,0,SCH0100,Govt. Senior Secondary School Gurgaon-100,1
TCH05731,Ramesh Pandey,46,Physical Education,1,1,1,1,1,59,0,SCH0406,Govt. High School Gurgaon-406,1
TCH05732,Harish Bansal,49,English,25,12,12,1,0,223,1,SCH0280,Govt. Middle School Udaipur-280,1
TCH05733,Saroj Mittal,44,Hindi,8,7,3,1,0,280,0,SCH0137,Govt. Primary School Faridabad-137,1
TCH05734,Ramesh Mittal,44,Social Science,10,2,8,1,0,469,0,SCH0170,Govt. Primary School Kanpur-170,1
TCH05735,Amit Garg,57,Sanskrit,13,6,5,0,0,358,0,SCH0007,Govt. Primary School South-7,1
TCH05736,Suresh Nair,30,Science,3,3,0,1,0,97,0,SCH0359,Govt. Primary School Lucknow-359,0
TCH05737,Lakshmi Chauhan,41,Biology,17,3,5,0,0,139,0,SCH0367,Govt. Primary School Ghaziabad-367,0
TCH05738,Vinod Nair,59,Science,30,5,11,0,0,380,0,SCH0259,Govt. Primary School North-259,1
TCH05739,Radha Dubey,33,English,5,4,4,0,0,275,0,SCH0432,Govt. Middle School Jodhpur-432,0
TCH05740,Mahesh Tiwari,55,Computer Science,19,6,7,0,0,370,0,SCH0143,Govt. Senior Secondary School Kota-143,1
TCH05741,Shanti Tiwari,25,Social Science,1,1,0,0,0,495,0,SCH0490,Govt. Middle School Lucknow-490,0
TCH05742,Sunita Bansal,57,History,1,1,1,0,0,432,1,SCH0219,Govt. Primary School Ajmer-219,0
TCH05743,Sunil Mittal,60,Physics,6,1,6,0,0,335,0,SCH0108,Govt. Senior Secondary School Agra-108,0
TCH05744,Vikram Rao,27,Geography,4,2,1,0,0,298,0,SCH0353,Govt. High School West-353,0
TCH05745,Nita Chauhan,48,Physical Education,4,3,2,1,0,293,0,SCH0318,Govt. Middle School Kanpur-318,1
TCH05746,Devika Singh,27,Mathematics,1,1,1,1,1,371,0,SCH0402,Govt. Middle School Faridabad-402,1
TCH05747,Ashok Mishra,61,Computer Science,17,14,2,0,0,428,1,SCH0329,Govt. Senior Secondary School South-329,1
TCH05748,Kavita Kumar,47,History,14,8,10,1,0,489,0,SCH0306,Govt. Primary School Ghaziabad-306,1
TCH05749,Harish Nair,47,Computer Science,13,10,0,1,0,469,0,SCH0234,Govt. High School Agra-234,1
TCH05750,Sunil Kaur,43,Chemistry,1,1,1,0,0,462,0,SCH0131,Govt. Senior Secondary School New-131,0
TCH05751,Saroj Pillai,40,Geography,14,13,11,0,0,257,0,SCH0412,Govt. Primary School Central-412,1
TCH05752,Anita Nair,52,History,23,15,8,0,0,22,0,SCH0218,Govt. Primary School Lucknow-218,1
TCH05753,Meena Mittal,33,Art,4,4,1,1,0,40,1,SCH0398,Govt. Senior Secondary School South-398,0
TCH05754,Ajay Verma,53,Social Science,20,9,7,0,0,163,0,SCH0354,Govt. Middle School North-354,1
TCH05755,Mukesh Pillai,26,Physical Education,1,1,1,0,0,95,1,SCH0162,Govt. Middle School Gurgaon-162,0
TCH05756,Mukesh Singh,30,Social Science,1,1,0,1,0,479,0,SCH0069,Govt. Primary School West-69,1
TCH05757,Yogesh Naidu,59,English,29,3,10,0,0,35,0,SCH0430,Govt. Primary School Bikaner-430,0
TCH05758,Naresh Mishra,55,Mathematics,7,2,3,0,0,458,0,SCH0130,Govt. High School East-130,0
TCH05759,Anita Garg,35,Physical Education,7,5,6,0,0,441,0,SCH0415,Govt. Middle School East-415,1
TCH05760,Sunil Kaur,47,Chemistry,23,12,3,1,0,102,0,SCH0307,Govt. Middle School Kanpur-307,1
TCH05761,Mahesh Patel,30,Social Science,6,4,6,0,0,20,0,SCH0364,Govt. Primary School North-364,0
TCH05762,Nita Bansal,44,History,8,4,1,1,1,284,1,SCH0068,Govt. Senior Secondary School South-68,1
TCH05763,Ramesh Pillai,35,Biology,7,3,4,1,1,94,1,SCH0333,Govt. Middle School Kota-333,1
TCH05764,Kamla Mishra,59,Hindi,26,12,3,0,0,323,0,SCH0084,Govt. Primary School West-84,1
TCH05765,Suresh Kumar,54,Science,2,1,1,0,0,106,1,SCH0291,Govt. Primary School Faridabad-291,0
TCH05766,Devika Rao,39,Mathematics,9,5,8,1,0,259,0,SCH0331,Govt. Senior Secondary School Jodhpur-331,1
TCH05767,Arun Mittal,41,Geography,10,5,0,0,0,485,0,SCH0201,Govt. Primary School Bikaner-201,1
TCH05768,Pooja Nair,34,Sanskrit,1,1,0,0,0,197,1,SCH0108,Govt. Senior Secondary School Agra-108,0
TCH05769,Sunita Bhat,55,Geography,11,11,6,1,0,161,0,SCH0264,Govt. Primary School Udaipur-264,1
TCH05770,Nita Patel,27,English,4,1,0,0,0,218,0,SCH0286,Govt. Primary School Bikaner-286,0
TCH05771,Amit Bansal,39,Science,8,5,0,0,0,410,1,SCH0063,Govt. High School Faridabad-63,1
TCH05772,Pooja Mishra,53,English,5,2,5,0,0,21,0,SCH0008,Govt. High School Ajmer-8,0
TCH05773,Rajesh Sharma,60,Science,31,7,0,1,0,336,0,SCH0456,Govt. Senior Secondary School Ghaziabad-456,1
TCH05774,Kamla Shukla,53,Biology,13,10,13,0,1,54,0,SCH0355,Govt. Senior Secondary School Ajmer-355,1
TCH05775,Naresh Singh,42,Mathematics,6,2,3,0,0,73,0,SCH0223,Govt. Middle School Gurgaon-223,0
TCH05776,Priya Nair,30,Sanskrit,2,2,1,1,0,495,0,SCH0466,Govt. Senior Secondary School Jodhpur-466,1
TCH05777,Ajay Naidu,37,Sanskrit,1,1,0,0,0,0,1,SCH0324,Govt. Middle School Central-324,0
TCH05778,Mukesh Bhat,60,Chemistry,33,17,8,0,1,290,0,SCH0286,Govt. Primary School Bikaner-286,1
TCH05779,Rajesh Menon,60,Science,14,6,9,0,1,432,0,SCH0063,Govt. High School Faridabad-63,1
TCH05780,Vinod Yadav,46,Physics,15,6,8,0,0,390,0,SCH0419,Govt. Primary School Central-419,1
TCH05781,Anita Joshi,48,Mathematics,5,3,5,0,0,320,0,SCH0197,Govt. Middle School Udaipur-197,0
TCH05782,Geeta Mittal,36,History,13,5,13,0,0,54,0,SCH0470,Govt. High School Bikaner-470,1
TCH05783,Ashok Reddy,43,Hindi,15,3,10,0,0,29,1,SCH0149,Govt. Primary School Central-149,0
TCH05784,Anita Pillai,55,History,21,12,2,0,1,488,0,SCH0329,Govt. Senior Secondary School South-329,1
TCH05785,Sunita Aggarwal,51,Biology,26,19,7,0,0,20,0,SCH0387,Govt. High School Kota-387,1
TCH05786,Pankaj Aggarwal,57,Art,33,4,11,0,0,372,0,SCH0142,Govt. Middle School New-142,1
TCH05787,Devika Reddy,50,English,16,10,11,0,1,59,1,SCH0393,Govt. Primary School Ajmer-393,1
TCH05788,Ashok Joshi,48,Chemistry,2,2,2,0,1,426,0,SCH0100,Govt. Senior Secondary School Gurgaon-100,1
TCH05789,Anita Pandey,56,Sanskrit,17,16,10,0,0,86,0,SCH0444,Govt. Senior Secondary School Varanasi-444,1
TCH05790,Suresh Verma,42,Mathematics,12,12,1,1,0,135,0,SCH0347,Govt. Senior Secondary School Ghaziabad-347,1
TCH05791,Priya Chauhan,53,Sanskrit,28,13,6,0,0,80,1,SCH0102,Govt. High School Gurgaon-102,1
TCH05792,Lakshmi Jain,38,English,4,3,1,1,0,406,0,SCH0385,Govt. Senior Secondary School Noida-385,1
TCH05793,Shanti Bansal,57,Sanskrit,22,4,6,0,0,305,0,SCH0002,Govt. Senior Secondary School Kota-2,1
TCH05794,Usha Kaur,26,Geography,3,2,3,0,0,104,0,SCH0143,Govt. Senior Secondary School Kota-143,0
TCH05795,Yogesh Bansal,26,Science,3,1,1,0,0,451,0,SCH0195,Govt. High School South-195,0
TCH05796,Priya Mittal,35,Physical Education,6,2,3,0,1,253,0,SCH0170,Govt. Primary School Kanpur-170,1
TCH05797,Radha Chaudhary,38,Computer Science,6,1,1,0,0,485,0,SCH0024,Govt. Middle School Central-24,0
TCH05798,Radha Tiwari,53,Science,13,2,3,0,0,293,0,SCH0200,Govt. Middle School Bikaner-200,1
TCH05799,Rajesh Mittal,43,Computer Science,3,3,2,1,1,272,0,SCH0038,Govt. Senior Secondary School Kota-38,1
TCH05800,Shanti Joshi,58,Sanskrit,23,8,5,0,0,49,1,SCH0202,Govt. High School West-202,1
TCH05801,Anita Bhat,47,Sanskrit,14,8,12,0,0,184,1,SCH0045,Govt. Senior Secondary School New-45,1
TCH05802,Ramesh Joshi,55,Mathematics,3,1,0,1,1,281,0,SCH0457,Govt. Senior Secondary School Ghaziabad-457,1
TCH05803,Yogesh Menon,49,Physics,8,7,4,0,0,163,1,SCH0414,Govt. Senior Secondary School Central-414,1
TCH05804,Lakshmi Iyer,43,Sanskrit,3,2,1,0,1,325,0,SCH0052,Govt. Middle School Lucknow-52,1
TCH05805,Anita Tiwari,33,Art,8,2,0,1,0,491,0,SCH0473,Govt. High School Central-473,1
TCH05806,Mukesh Verma,61,History,25,17,12,0,0,121,1,SCH0317,Govt. Middle School Jodhpur-317,1
TCH05807,Rajesh Dubey,49,Art,21,11,8,1,0,364,1,SCH0315,Govt. Primary School Udaipur-315,1
TCH05808,Sanjay Chaudhary,27,Chemistry,1,1,1,0,0,283,1,SCH0288,Govt. Primary School Central-288,0
TCH05809,Sanjay Joshi,49,History,17,10,5,0,0,290,0,SCH0281,Govt. Primary School East-281,1
TCH05810,Naresh Menon,44,Physical Education,7,1,0,1,1,303,0,SCH0073,Govt. High School Central-73,1
TCH05811,Vikas Iyer,41,Chemistry,4,1,4,0,0,121,0,SCH0291,Govt. Primary School Faridabad-291,0
TCH05812,Naresh Iyer,56,Biology,28,12,6,0,0,448,0,SCH0082,Govt. Primary School West-82,1
TCH05813,Rajesh Nair,52,Hindi,18,5,14,1,0,111,0,SCH0402,Govt. Middle School Faridabad-402,1
TCH05814,Radha Menon,35,History,1,1,1,1,0,248,1,SCH0277,Govt. Primary School Udaipur-277,1
TCH05815,Vikas Singh,61,Biology,3,2,1,0,0,75,0,SCH0267,Govt. Senior Secondary School Bikaner-267,0
TCH05816,Pushpa Aggarwal,34,Geography,1,1,0,1,0,222,0,SCH0271,Govt. Middle School Lucknow-271,1
TCH05817,Shanti Sharma,50,Physics,8,5,0,1,0,445,0,SCH0038,Govt. Senior Secondary School Kota-38,1
TCH05818,Anita Chaudhary,31,English,3,2,3,1,0,105,0,SCH0412,Govt. Primary School Central-412,1
TCH05819,Savita Garg,26,Science,2,2,1,0,1,228,0,SCH0186,Govt. Senior Secondary School Faridabad-186,1
TCH05820,Savita Mittal,42,Chemistry,5,4,1,0,0,403,0,SCH0292,Govt. High School Jodhpur-292,0
TCH05821,Ajay Mishra,33,English,6,5,1,1,0,146,0,SCH0012,Govt. High School East-12,1
TCH05822,Anita Kumar,39,Chemistry,13,3,3,0,0,4,0,SCH0012,Govt. High School East-12,0
TCH05823,Dinesh Chauhan,36,Sanskrit,9,4,2,1,0,364,0,SCH0452,Govt. High School Noida-452,1
TCH05824,Kamla Pillai,34,History,2,2,1,1,0,341,0,SCH0494,Govt. Primary School West-494,1
TCH05825,Pooja Shukla,42,Mathematics,19,16,14,0,0,123,1,SCH0426,Govt. High School Jodhpur-426,1
TCH05826,Anita Menon,32,Sanskrit,3,1,1,1,0,51,0,SCH0155,Govt. Primary School Gurgaon-155,0
TCH05827,Vikas Dubey,48,English,24,2,12,0,1,371,0,SCH0003,Govt. Senior Secondary School Udaipur-3,1
TCH05828,Vikram Aggarwal,31,Biology,2,1,0,1,0,292,0,SCH0482,Govt. Primary School Jaipur-482,1
TCH05829,Usha Nair,28,Physics,5,2,1,0,0,349,0,SCH0185,Govt. High School Ajmer-185,0
TCH05830,Kavita Chauhan,26,Biology,1,1,0,0,0,269,0,SCH0498,Govt. Primary School Gurgaon-498,0
TCH05831,Vinod Bhat,40,Science,1,1,0,0,0,385,0,SCH0234,Govt. High School Agra-234,0
TCH05832,Deepak Rao,45,Social Science,13,8,2,0,0,3,0,SCH0344,Govt. Middle School Ghaziabad-344,0
TCH05833,Ajay Patel,31,Art,6,2,0,0,0,442,0,SCH0198,Govt. Senior Secondary School Varanasi-198,0
TCH05834,Suresh Menon,57,Computer Science,9,1,5,0,0,249,1,SCH0039,Govt. Senior Secondary School North-39,1
TCH05835,Devika Kumar,30,Social Science,5,5,2,0,0,341,0,SCH0409,Govt. Senior Secondary School Agra-409,0
TCH05836,Ajay Bhat,36,Geography,10,10,6,0,0,218,1,SCH0048,Govt. Middle School Gurgaon-48,1
TCH05837,Deepak Chaudhary,30,Social Science,7,4,0,1,0,131,1,SCH0207,Govt. Middle School Varanasi-207,0
TCH05838,Arun Kumar,46,Geography,19,6,8,0,1,371,1,SCH0091,Govt. High School South-91,1
TCH05839,Mukesh Pandey,59,History,14,1,11,0,0,303,1,SCH0483,Govt. Middle School Central-483,1
TCH05840,Vikram Chauhan,38,Mathematics,7,1,6,1,0,38,0,SCH0301,Govt. High School New-301,1
TCH05841,Mahesh Kaur,43,Physical Education,19,13,10,0,0,386,0,SCH0416,Govt. Primary School Faridabad-416,1
TCH05842,Seema Jain,61,English,2,2,0,0,0,464,0,SCH0188,Govt. Middle School Kanpur-188,0
TCH05843,Devika Dubey,40,Computer Science,15,13,8,1,0,203,0,SCH0054,Govt. High School West-54,1
TCH05844,Shanti Rao,32,Sanskrit,2,2,1,0,1,256,0,SCH0151,Govt. High School Kanpur-151,1
TCH05845,Amit Pandey,55,Chemistry,27,11,4,1,0,254,0,SCH0428,Govt. High School Faridabad-428,1
TCH05846,Harish Kumar,25,Mathematics,2,1,0,1,0,302,0,SCH0400,Govt. Senior Secondary School Jodhpur-400,1
TCH05847,Vikas Kumar,41,English,17,8,10,0,0,101,0,SCH0433,Govt. High School Jodhpur-433,1
TCH05848,Shanti Rao,25,Sanskrit,2,2,0,1,0,199,1,SCH0433,Govt. High School Jodhpur-433,0
TCH05849,Vikas Sharma,57,Physical Education,30,6,7,0,0,196,0,SCH0001,Govt. Senior Secondary School West-1,1
TCH05850,Vikram Reddy,53,Chemistry,27,11,4,1,0,386,0,SCH0026,Govt. High School South-26,1
TCH05851,Usha Chaudhary,27,Social Science,4,3,3,0,0,40,0,SCH0113,Govt. High School Jodhpur-113,0
TCH05852,Sunita Chauhan,61,English,18,13,8,1,0,18,0,SCH0487,Govt. High School East-487,1
TCH05853,Deepak Tiwari,36,Sanskrit,12,9,10,0,0,381,1,SCH0109,Govt. High School Jaipur-109,1
TCH05854,Mukesh Patel,60,History,24,9,9,0,1,176,1,SCH0443,Govt. High School Udaipur-443,1
TCH05855,Devika Iyer,45,Physics,13,8,5,1,1,427,1,SCH0084,Govt. Primary School West-84,1
TCH05856,Seema Sharma,25,Mathematics,2,1,1,0,1,439,0,SCH0455,Govt. Senior Secondary School Ajmer-455,1
TCH05857,Pushpa Nair,45,Computer Science,14,3,8,0,0,307,0,SCH0046,Govt. Senior Secondary School Ajmer-46,1
TCH05858,Kamla Patel,60,English,12,3,12,0,0,327,0,SCH0485,Govt. Senior Secondary School New-485,1
TCH05859,Mahesh Bhat,61,Biology,30,9,14,0,0,449,1,SCH0353,Govt. High School West-353,1
TCH05860,Anita Kumar,48,Chemistry,10,6,2,1,0,342,0,SCH0124,Govt. High School Ghaziabad-124,1
TCH05861,Naresh Jain,56,History,24,12,4,0,0,194,1,SCH0038,Govt. Senior Secondary School Kota-38,1
TCH05862,Shanti Sharma,47,Biology,1,1,1,1,0,295,0,SCH0474,Govt. Primary School Gurgaon-474,1
TCH05863,Sunita Aggarwal,35,Physics,3,3,0,0,0,494,0,SCH0034,Govt. Middle School Varanasi-34,0
TCH05864,Devika Reddy,59,Physical Education,27,13,14,0,0,374,0,SCH0483,Govt. Middle School Central-483,1
TCH05865,Sunita Gupta,30,Science,2,2,1,1,0,251,1,SCH0386,Govt. Senior Secondary School South-386,1
TCH05866,Shanti Sharma,31,Geography,8,3,5,1,0,346,0,SCH0295,Govt. Middle School New-295,1
TCH05867,Savita Mittal,43,Art,4,3,4,1,0,455,1,SCH0092,Govt. Primary School Kanpur-92,1
TCH05868,Anita Pandey,48,English,1,1,1,0,0,312,1,SCH0056,Govt. Senior Secondary School South-56,0
TCH05869,Anita Kaur,52,Mathematics,25,4,6,0,0,85,0,SCH0219,Govt. Primary School Ajmer-219,0
TCH05870,Shanti Mishra,59,Sanskrit,6,3,5,0,0,1,0,SCH0381,Govt. High School Jodhpur-381,0
TCH05871,Yogesh Verma,29,Sanskrit,2,1,2,1,0,303,1,SCH0442,Govt. High School Gurgaon-442,1
TCH05872,Deepak Yadav,33,Mathematics,5,4,5,0,0,417,1,SCH0292,Govt. High School Jodhpur-292,1
TCH05873,Savita Gupta,40,Art,13,3,9,1,0,432,0,SCH0017,Govt. Primary School Udaipur-17,1
TCH05874,Anita Pandey,48,Computer Science,19,14,3,0,0,98,0,SCH0221,Govt. Middle School Ghaziabad-221,1
TCH05875,Rajesh Rao,39,Social Science,12,7,1,1,1,320,1,SCH0008,Govt. High School Ajmer-8,1
TCH05876,Anita Mittal,43,History,6,5,0,1,0,55,0,SCH0464,Govt. Middle School Gurgaon-464,1
TCH05877,Rekha Menon,57,Physical Education,7,4,6,0,0,365,0,SCH0294,Govt. Middle School East-294,0
TCH05878,Vinod Mishra,39,Art,5,5,2,1,0,23,1,SCH0168,Govt. High School Kota-168,1
TCH05879,Meena Aggarwal,25,Geography,1,1,1,1,0,274,0,SCH0331,Govt. Senior Secondary School Jodhpur-331,1
TCH05880,Savita Chaudhary,52,Geography,6,1,3,1,0,261,1,SCH0268,Govt. Middle School North-268,1
TCH05881,Vikas Yadav,61,Sanskrit,12,3,6,0,1,164,0,SCH0285,Govt. Middle School Kanpur-285,1
TCH05882,Pankaj Dubey,41,English,8,6,7,1,0,225,0,SCH0440,Govt. High School Lucknow-440,1
TCH05883,Mahesh Tiwari,27,Biology,3,3,0,1,0,149,0,SCH0305,Govt. Primary School Noida-305,0
TCH05884,Kavita Chaudhary,36,Sanskrit,9,1,2,0,0,323,1,SCH0393,Govt. Primary School Ajmer-393,0
TCH05885,Anita Iyer,56,Art,1,1,0,1,0,418,0,SCH0376,Govt. Middle School Udaipur-376,1
TCH05886,Harish Jain,40,English,3,1,3,0,0,13,0,SCH0370,Govt. High School Kanpur-370,0
TCH05887,Sanjay Aggarwal,46,Social Science,14,6,10,0,0,72,0,SCH0243,Govt. Middle School Kanpur-243,1
TCH05888,Sunil Gupta,48,Hindi,15,10,4,0,0,156,0,SCH0416,Govt. Primary School Faridabad-416,1
TCH05889,Vikram Verma,37,Social Science,1,1,0,1,0,171,1,SCH0462,Govt. Primary School Noida-462,0
TCH05890,Amit Kumar,24,Physics,1,1,1,0,0,56,1,SCH0171,Govt. Middle School Ajmer-171,0
TCH05891,Devika Naidu,37,Geography,14,13,4,1,0,146,0,SCH0397,Govt. Senior Secondary School Udaipur-397,1
TCH05892,Ramesh Naidu,46,English,2,1,2,1,0,50,1,SCH0207,Govt. Middle School Varanasi-207,0
TCH05893,Savita Mittal,43,Social Science,16,3,2,0,0,156,1,SCH0036,Govt. Primary School Noida-36,0
TCH05894,Shanti Chauhan,34,Social Science,11,8,7,0,0,212,0,SCH0110,Govt. Primary School Bikaner-110,1
TCH05895,Geeta Pandey,32,Sanskrit,3,1,2,1,0,177,0,SCH0269,Govt. Middle School East-269,0
TCH05896,Meena Chaudhary,54,History,5,3,4,0,1,381,1,SCH0471,Govt. Middle School Ajmer-471,1
TCH05897,Lakshmi Garg,57,Social Science,1,1,1,0,0,381,1,SCH0031,Govt. Senior Secondary School East-31,0
TCH05898,Radha Verma,51,Physical Education,17,14,10,0,0,429,0,SCH0280,Govt. Middle School Udaipur-280,1
TCH05899,Yogesh Yadav,29,Geography,5,3,2,1,0,24,1,SCH0220,Govt. High School North-220,0
TCH05900,Ramesh Bhat,40,Social Science,9,8,7,0,1,370,0,SCH0281,Govt. Primary School East-281,1
TCH05901,Rekha Jain,56,History,27,13,14,0,0,107,1,SCH0457,Govt. Senior Secondary School Ghaziabad-457,1
TCH05902,Sanjay Menon,24,Social Science,1,1,0,1,0,223,1,SCH0258,Govt. Primary School Faridabad-258,1
TCH05903,Pooja Pandey,56,Art,29,2,7,0,1,497,0,SCH0496,Govt. Middle School Bikaner-496,1
TCH05904,Naresh Jain,26,Art,2,1,1,1,0,8,1,SCH0117,Govt. Middle School Ghaziabad-117,0
TCH05905,Rekha Shukla,35,English,11,2,9,0,0,482,1,SCH0465,Govt. Middle School Kota-465,1
TCH05906,Sunita Pandey,59,Physics,33,11,0,0,0,278,0,SCH0277,Govt. Primary School Udaipur-277,1
TCH05907,Yogesh Bansal,49,Biology,16,15,13,0,0,471,0,SCH0028,Govt. High School Varanasi-28,1
TCH05908,Seema Bhat,36,Mathematics,7,2,5,0,1,81,0,SCH0475,Govt. Primary School Kanpur-475,0
TCH05909,Shanti Chauhan,51,Geography,8,5,4,0,1,313,1,SCH0202,Govt. High School West-202,1
TCH05910,Dinesh Gupta,48,Physics,7,1,3,0,0,3,1,SCH0172,Govt. Senior Secondary School North-172,0
TCH05911,Lakshmi Patel,54,Hindi,12,4,1,0,0,382,0,SCH0492,Govt. High School Lucknow-492,0
TCH05912,Pooja Kaur,40,Sanskrit,10,8,5,0,0,53,0,SCH0290,Govt. High School North-290,1
TCH05913,Ajay Verma,48,History,25,14,12,0,0,35,0,SCH0005,Govt. Primary School New-5,1
TCH05914,Usha Mittal,36,Art,2,2,2,1,1,307,0,SCH0480,Govt. Middle School Jodhpur-480,1
TCH05915,Suresh Verma,57,Biology,5,3,0,1,1,228,0,SCH0167,Govt. Middle School Jaipur-167,1
TCH05916,Rekha Kaur,30,Mathematics,2,2,2,0,0,373,0,SCH0323,Govt. Middle School Central-323,0
TCH05917,Ajay Singh,52,Hindi,16,13,5,0,0,196,0,SCH0342,Govt. Primary School Agra-342,1
TCH05918,Anita Singh,41,Biology,6,5,1,0,1,211,0,SCH0052,Govt. Middle School Lucknow-52,1
TCH05919,Harish Shukla,27,Science,1,1,1,0,0,188,1,SCH0399,Govt. High School North-399,0
TCH05920,Priya Kumar,50,Physics,26,12,1,0,0,418,0,SCH0308,Govt. Primary School Varanasi-308,1
TCH05921,Vinod Bhat,31,Biology,8,6,3,0,0,245,0,SCH0413,Govt. High School Ajmer-413,1
TCH05922,Naresh Verma,47,Computer Science,3,2,0,0,0,98,0,SCH0350,Govt. Middle School Jaipur-350,0
TCH05923,Pooja Patel,39,Computer Science,14,4,1,0,0,209,0,SCH0360,Govt. Senior Secondary School Bikaner-360,0
TCH05924,Lakshmi Bhat,49,Geography,12,5,4,1,0,473,1,SCH0013,Govt. High School Kota-13,1
TCH05925,Ramesh Pandey,44,Sanskrit,4,3,1,1,1,388,0,SCH0190,Govt. High School Gurgaon-190,1
TCH05926,Seema Bhat,34,Science,6,3,1,1,0,230,1,SCH0471,Govt. Middle School Ajmer-471,1
TCH05927,Pooja Sharma,33,Science,5,3,1,0,0,384,0,SCH0350,Govt. Middle School Jaipur-350,0
TCH05928,Deepak Patel,40,Biology,9,6,6,0,0,260,0,SCH0342,Govt. Primary School Agra-342,1
TCH05929,Ashok Aggarwal,51,Art,13,11,5,0,0,286,0,SCH0462,Govt. Primary School Noida-462,1
TCH05930,Vikas Dubey,46,Sanskrit,1,1,1,1,0,426,0,SCH0461,Govt. Middle School South-461,1
TCH05931,Sunita Sharma,35,English,11,5,4,0,0,426,0,SCH0493,Govt. High School Jaipur-493,1
TCH05932,Pankaj Malhotra,36,Art,1,1,1,0,0,142,1,SCH0441,Govt. Senior Secondary School Varanasi-441,0
TCH05933,Sunita Gupta,54,Physics,10,2,8,1,0,451,1,SCH0359,Govt. Primary School Lucknow-359,1
TCH05934,Usha Yadav,40,Sanskrit,4,4,2,1,0,487,1,SCH0057,Govt. Primary School New-57,1
TCH05935,Pooja Jain,57,Physics,20,2,7,0,0,170,0,SCH0369,Govt. Middle School Central-369,0
TCH05936,Anita Tiwari,45,Biology,20,1,8,1,1,279,0,SCH0495,Govt. Senior Secondary School Faridabad-495,1
TCH05937,Saroj Pandey,29,Mathematics,6,2,3,0,0,127,0,SCH0325,Govt. Primary School Udaipur-325,0
TCH05938,Vinod Verma,42,Sanskrit,13,12,8,0,0,398,0,SCH0225,Govt. Primary School Agra-225,1
TCH05939,Suresh Malhotra,26,Biology,1,1,0,1,1,343,0,SCH0253,Govt. Middle School Gurgaon-253,1
TCH05940,Sanjay Garg,27,English,1,1,0,0,0,412,0,SCH0361,Govt. High School South-361,0
TCH05941,Ajay Menon,52,Mathematics,5,3,1,1,0,107,0,SCH0238,Govt. Primary School South-238,0
TCH05942,Dinesh Bhat,46,Physical Education,23,16,1,1,0,73,0,SCH0477,Govt. Senior Secondary School Agra-477,1
TCH05943,Shanti Reddy,40,Mathematics,16,8,8,0,0,291,0,SCH0303,Govt. Middle School Central-303,1
TCH05944,Ramesh Naidu,38,Art,11,3,1,0,1,68,1,SCH0468,Govt. Primary School South-468,1
TCH05945,Vikram Verma,56,Mathematics,1,1,1,0,0,254,0,SCH0425,Govt. High School Gurgaon-425,0
TCH05946,Vinod Naidu,43,Geography,14,10,6,0,0,179,1,SCH0202,Govt. High School West-202,1
TCH05947,Rekha Malhotra,50,Physical Education,3,3,2,0,0,407,0,SCH0111,Govt. Senior Secondary School Gurgaon-111,0
TCH05948,Nita Bhat,34,Geography,11,9,7,0,0,381,0,SCH0007,Govt. Primary School South-7,1
TCH05949,Rajesh Tiwari,49,Physics,17,10,12,0,0,91,1,SCH0061,Govt. Primary School Kota-61,1
TCH05950,Amit Mittal,43,Hindi,7,7,0,0,0,76,0,SCH0065,Govt. High School Ghaziabad-65,0
TCH05951,Amit Nair,31,Geography,5,5,5,0,0,488,0,SCH0220,Govt. High School North-220,1
TCH05952,Vinod Gupta,56,Science,25,19,8,0,0,483,0,SCH0358,Govt. Primary School Central-358,1
TCH05953,Rekha Reddy,38,Geography,5,1,5,1,0,51,1,SCH0278,Govt. Senior Secondary School Lucknow-278,1
TCH05954,Suresh Mishra,29,Computer Science,2,1,0,0,0,210,0,SCH0466,Govt. Senior Secondary School Jodhpur-466,0
TCH05955,Saroj Iyer,35,English,5,4,2,0,0,457,0,SCH0173,Govt. High School Gurgaon-173,0
TCH05956,Sunil Dubey,51,Physics,3,1,0,1,0,344,1,SCH0492,Govt. High School Lucknow-492,1
TCH05957,Geeta Jain,50,Physics,4,1,0,0,0,21,0,SCH0390,Govt. Middle School Lucknow-390,0
TCH05958,Vikas Pandey,60,English,34,11,7,1,0,423,0,SCH0352,Govt. Middle School Varanasi-352,1
TCH05959,Shanti Shukla,41,Science,15,5,6,0,0,435,0,SCH0024,Govt. Middle School Central-24,1
TCH05960,Sunita Chaudhary,37,Biology,11,10,7,0,0,55,1,SCH0018,Govt. High School West-18,1
TCH05961,Vikas Sharma,27,Computer Science,1,1,0,1,0,249,0,SCH0292,Govt. High School Jodhpur-292,1
TCH05962,Lakshmi Pillai,55,Chemistry,31,17,11,1,0,250,1,SCH0010,Govt. Primary School West-10,1
TCH05963,Devika Verma,44,Science,13,10,7,0,1,104,0,SCH0483,Govt. Middle School Central-483,1
TCH05964,Naresh Bhat,60,Biology,12,8,7,1,1,96,1,SCH0280,Govt. Middle School Udaipur-280,1
TCH05965,Mahesh Verma,46,Art,5,5,5,1,0,214,1,SCH0245,Govt. Senior Secondary School Bikaner-245,1
TCH05966,Geeta Rao,47,History,14,9,13,0,0,77,0,SCH0357,Govt. Senior Secondary School Ghaziabad-357,1
TCH05967,Deepak Bhat,32,Hindi,5,2,3,0,1,450,0,SCH0137,Govt. Primary School Faridabad-137,1
TCH05968,Sanjay Pillai,45,Sanskrit,20,13,0,0,0,357,0,SCH0340,Govt. High School Ajmer-340,1
TCH05969,Rekha Pillai,55,Physical Education,29,8,0,1,0,216,0,SCH0148,Govt. High School East-148,1
TCH05970,Shanti Garg,54,Hindi,30,12,5,1,0,291,1,SCH0494,Govt. Primary School West-494,1
TCH05971,Rajesh Shukla,48,Biology,15,9,14,0,0,80,1,SCH0011,Govt. Middle School Lucknow-11,1
TCH05972,Naresh Malhotra,26,Sanskrit,2,2,2,1,0,65,1,SCH0235,Govt. Senior Secondary School Faridabad-235,0
TCH05973,Arun Pandey,53,Physics,26,18,1,0,0,142,0,SCH0434,Govt. High School West-434,0
TCH05974,Nita Patel,28,Computer Science,1,1,1,0,1,4,0,SCH0005,Govt. Primary School New-5,0
TCH05975,Rajesh Gupta,50,Biology,12,2,8,1,1,275,0,SCH0179,Govt. Middle School North-179,1
TCH05976,Naresh Pandey,58,Social Science,15,1,2,0,0,296,1,SCH0109,Govt. High School Jaipur-109,0
TCH05977,Lakshmi Patel,56,Social Science,16,8,7,1,0,394,0,SCH0067,Govt. Primary School Udaipur-67,1
TCH05978,Savita Menon,26,Social Science,2,2,2,0,0,308,0,SCH0055,Govt. Middle School Noida-55,0
TCH05979,Anita Verma,59,Computer Science,3,2,0,0,0,341,0,SCH0095,Govt. Primary School New-95,0
TCH05980,Vikas Bhat,61,Art,18,14,4,1,0,336,0,SCH0096,Govt. Senior Secondary School Kanpur-96,1
TCH05981,Ramesh Aggarwal,49,Hindi,1,1,0,0,0,81,0,SCH0077,Govt. Middle School Bikaner-77,0
TCH05982,Usha Garg,47,Science,22,12,4,0,0,206,0,SCH0158,Govt. Primary School West-158,1
TCH05983,Rajesh Kaur,58,Art,5,1,2,0,0,33,0,SCH0036,Govt. Primary School Noida-36,0
TCH05984,Vikas Verma,37,Computer Science,11,9,3,0,0,289,0,SCH0017,Govt. Primary School Udaipur-17,1
TCH05985,Pankaj Bansal,34,Computer Science,3,2,1,0,0,113,0,SCH0459,Govt. Primary School New-459,0
TCH05986,Dinesh Mishra,46,Mathematics,2,2,0,0,0,123,0,SCH0024,Govt. Middle School Central-24,0
TCH05987,Sunil Menon,53,Chemistry,3,1,2,0,0,293,0,SCH0327,Govt. High School Faridabad-327,0
TCH05988,Mahesh Mishra,24,Mathematics,1,1,1,0,0,305,0,SCH0262,Govt. High School Jodhpur-262,0
TCH05989,Kavita Gupta,55,Chemistry,22,1,5,1,0,235,0,SCH0078,Govt. Middle School Gurgaon-78,1
TCH05990,Yogesh Mishra,57,Art,29,6,0,0,0,79,1,SCH0202,Govt. High School West-202,0
TCH05991,Saroj Jain,34,Mathematics,4,2,3,0,0,449,1,SCH0070,Govt. High School Kota-70,1
TCH05992,Usha Jain,50,Biology,1,1,0,1,0,163,1,SCH0145,Govt. Primary School Bikaner-145,0
TCH05993,Vikas Menon,57,Art,23,2,7,1,0,304,1,SCH0172,Govt. Senior Secondary School North-172,1
TCH05994,Yogesh Pandey,54,Sanskrit,7,1,4,1,0,351,0,SCH0279,Govt. Primary School Kanpur-279,1
TCH05995,Pooja Gupta,47,English,13,4,7,0,0,274,0,SCH0290,Govt. High School North-290,1
TCH05996,Anita Malhotra,48,Chemistry,9,5,6,1,0,112,0,SCH0304,Govt. Middle School New-304,1
TCH05997,Arun Shukla,37,Mathematics,6,3,2,0,0,196,1,SCH0160,Govt. Middle School Faridabad-160,0
TCH05998,Geeta Chaudhary,52,Computer Science,17,14,10,0,0,103,0,SCH0119,Govt. Middle School Noida-119,1
TCH05999,Pooja Aggarwal,59,Mathematics,13,9,4,0,0,340,0,SCH0412,Govt. Primary School Central-412,1
TCH06000,Meena Chauhan,61,Physics,9,5,1,0,0,200,0,SCH0453,Govt. High School West-453,0
TCH06001,Kamla Patel,55,Science,21,2,8,1,0,100,1,SCH0182,Govt. Senior Secondary School Varanasi-182,1
TCH06002,Savita Chauhan,48,Mathematics,1,1,0,0,0,479,1,SCH0131,Govt. Senior Secondary School New-131,0
TCH06003,Ajay Kumar,51,Mathematics,28,19,7,1,0,415,0,SCH0356,Govt. Senior Secondary School South-356,1
TCH06004,Yogesh Singh,24,Science,1,1,0,0,0,359,0,SCH0465,Govt. Middle School Kota-465,0
TCH06005,Dinesh Bansal,33,English,6,3,1,1,0,318,1,SCH0411,Govt. Middle School New-411,1
TCH06006,Devika Sharma,29,English,2,1,1,0,0,173,0,SCH0116,Govt. Middle School East-116,0
TCH06007,Radha Bhat,29,English,6,2,2,1,0,46,0,SCH0097,Govt. Primary School Central-97,0
TCH06008,Ajay Kaur,39,Computer Science,14,13,11,0,0,315,0,SCH0051,Govt. Middle School Udaipur-51,1
TCH06009,Vikram Dubey,27,History,2,2,0,0,0,374,0,SCH0088,Govt. High School Ghaziabad-88,0
TCH06010,Kavita Nair,42,Geography,3,3,2,0,0,163,1,SCH0403,Govt. High School Varanasi-403,0
TCH06011,Pushpa Kaur,38,Mathematics,3,2,1,1,0,189,0,SCH0466,Govt. Senior Secondary School Jodhpur-466,0
TCH06012,Shanti Pillai,38,Science,10,9,7,0,0,43,1,SCH0352,Govt. Middle School Varanasi-352,1
TCH06013,Suresh Malhotra,56,Science,4,1,1,0,0,177,0,SCH0223,Govt. Middle School Gurgaon-223,0
TCH06014,Radha Yadav,46,History,13,5,8,0,1,41,1,SCH0258,Govt. Primary School Faridabad-258,1
TCH06015,Usha Menon,43,History,11,5,4,1,0,300,0,SCH0191,Govt. Middle School Gurgaon-191,1
TCH06016,Anita Mittal,29,Physics,5,1,4,0,0,470,1,SCH0042,Govt. High School Jodhpur-42,1
TCH06017,Savita Bhat,58,Biology,10,5,8,0,0,437,0,SCH0292,Govt. High School Jodhpur-292,1
TCH06018,Suresh Shukla,47,History,22,10,14,1,1,47,1,SCH0086,Govt. High School Jaipur-86,1
TCH06019,Amit Bhat,44,Mathematics,15,1,5,0,1,310,0,SCH0265,Govt. Middle School Gurgaon-265,1
TCH06020,Usha Jain,37,Hindi,14,13,11,0,0,279,0,SCH0385,Govt. Senior Secondary School Noida-385,1
TCH06021,Sunil Malhotra,59,Art,23,8,11,0,0,71,0,SCH0246,Govt. Senior Secondary School Central-246,1
TCH06022,Ajay Garg,34,Hindi,10,5,8,0,0,143,0,SCH0359,Govt. Primary School Lucknow-359,1
TCH06023,Devika Shukla,55,Geography,22,5,3,0,0,412,1,SCH0035,Govt. Primary School South-35,1
TCH06024,Meena Nair,32,Geography,2,1,0,1,0,340,1,SCH0483,Govt. Middle School Central-483,1
TCH06025,Pooja Aggarwal,37,History,11,1,3,0,0,172,1,SCH0246,Govt. Senior Secondary School Central-246,0
TCH06026,Usha Mittal,43,Social Science,2,2,2,0,0,205,0,SCH0142,Govt. Middle School New-142,0
TCH06027,Sunita Naidu,26,Science,1,1,0,1,0,202,0,SCH0444,Govt. Senior Secondary School Varanasi-444,1
TCH06028,Deepak Patel,47,Physical Education,2,1,0,0,0,112,0,SCH0264,Govt. Primary School Udaipur-264,0
TCH06029,Mukesh Patel,48,Mathematics,25,16,0,0,0,384,0,SCH0387,Govt. High School Kota-387,1
TCH06030,Pooja Menon,44,Hindi,2,1,2,0,0,366,1,SCH0028,Govt. High School Varanasi-28,0
TCH06031,Vinod Menon,58,English,24,19,6,0,0,9,0,SCH0315,Govt. Primary School Udaipur-315,1
TCH06032,Ramesh Kumar,55,Computer Science,24,18,9,0,0,488,0,SCH0321,Govt. Primary School West-321,1
TCH06033,Meena Verma,39,Social Science,14,6,4,0,0,317,1,SCH0485,Govt. Senior Secondary School New-485,1
TCH06034,Seema Tiwari,43,Biology,1,1,0,0,0,462,1,SCH0046,Govt. Senior Secondary School Ajmer-46,0
TCH06035,Nita Kaur,25,English,2,1,2,1,0,253,0,SCH0143,Govt. Senior Secondary School Kota-143,1
TCH06036,Kamla Kaur,28,Science,4,4,4,0,0,12,0,SCH0474,Govt. Primary School Gurgaon-474,0
TCH06037,Pankaj Dubey,37,Geography,9,7,5,0,1,425,0,SCH0034,Govt. Middle School Varanasi-34,1
TCH06038,Sanjay Bhat,40,Mathematics,8,6,5,0,0,298,1,SCH0309,Govt. Middle School Agra-309,1
TCH06039,Deepak Kaur,40,Computer Science,7,6,4,1,0,12,0,SCH0345,Govt. High School Ajmer-345,1
TCH06040,Rajesh Kumar,28,Mathematics,3,3,1,1,0,67,0,SCH0377,Govt. Middle School Agra-377,0
TCH06041,Nita Verma,38,Social Science,8,5,2,0,0,152,1,SCH0325,Govt. Primary School Udaipur-325,0
TCH06042,Meena Mishra,46,Sanskrit,11,9,0,1,0,109,0,SCH0480,Govt. Middle School Jodhpur-480,1
TCH06043,Deepak Bhat,24,Biology,1,1,1,0,0,74,0,SCH0068,Govt. Senior Secondary School South-68,0
TCH06044,Dinesh Garg,43,English,6,6,5,0,1,281,0,SCH0255,Govt. High School Varanasi-255,1
TCH06045,Suresh Mishra,37,Physics,5,3,2,0,0,462,0,SCH0357,Govt. Senior Secondary School Ghaziabad-357,0
TCH06046,Sanjay Verma,46,Art,9,1,7,1,0,396,0,SCH0368,Govt. Middle School Varanasi-368,1
TCH06047,Deepak Nair,45,Science,6,3,1,0,0,478,1,SCH0389,Govt. Middle School Gurgaon-389,0
TCH06048,Usha Mittal,33,Mathematics,4,3,3,0,0,232,0,SCH0214,Govt. High School East-214,0
TCH06049,Mahesh Shukla,38,Hindi,9,5,5,0,0,323,0,SCH0209,Govt. High School Noida-209,1
TCH06050,Sunita Dubey,46,Physical Education,13,11,11,1,0,72,0,SCH0002,Govt. Senior Secondary School Kota-2,1
TCH06051,Ajay Mishra,29,Sanskrit,5,1,5,0,1,306,0,SCH0407,Govt. Senior Secondary School South-407,1
TCH06052,Savita Chauhan,61,Physics,28,12,10,0,0,125,0,SCH0226,Govt. Senior Secondary School Kanpur-226,1
TCH06053,Anita Singh,55,Geography,7,3,0,0,0,262,0,SCH0204,Govt. Middle School Agra-204,0
TCH06054,Ramesh Kumar,38,Art,11,1,4,0,0,425,1,SCH0276,Govt. High School South-276,1
TCH06055,Priya Reddy,25,English,1,1,0,1,0,293,1,SCH0037,Govt. High School Jaipur-37,1
TCH06056,Anita Chaudhary,46,Computer Science,19,4,9,1,0,260,0,SCH0307,Govt. Middle School Kanpur-307,1
TCH06057,Vikram Rao,25,Social Science,2,1,1,0,0,254,0,SCH0453,Govt. High School West-453,0
TCH06058,Ajay Verma,29,Sanskrit,5,1,4,0,0,306,0,SCH0194,Govt. Middle School Ajmer-194,0
TCH06059,Arun Pillai,26,Physical Education,1,1,1,1,0,90,1,SCH0484,Govt. Middle School Lucknow-484,0
TCH06060,Kamla Yadav,55,Science,12,7,11,0,1,94,0,SCH0490,Govt. Middle School Lucknow-490,1
TCH06061,Priya Tiwari,48,Hindi,3,3,0,0,1,68,0,SCH0484,Govt. Middle School Lucknow-484,0
TCH06062,Sunil Bansal,43,Social Science,6,5,6,0,0,306,0,SCH0432,Govt. Middle School Jodhpur-432,1
TCH06063,Saroj Shukla,55,Chemistry,8,8,0,1,0,84,0,SCH0035,Govt. Primary School South-35,1
TCH06064,Meena Pillai,43,Science,1,1,0,1,0,392,1,SCH0084,Govt. Primary School West-84,1
TCH06065,Sanjay Singh,42,Chemistry,6,3,4,0,1,192,0,SCH0411,Govt. Middle School New-411,0
TCH06066,Rajesh Nair,41,Mathematics,14,12,5,0,0,226,0,SCH0250,Govt. High School Kanpur-250,1
TCH06067,Lakshmi Menon,33,Physics,3,2,2,0,0,156,0,SCH0188,Govt. Middle School Kanpur-188,0
TCH06068,Pankaj Bansal,29,Chemistry,4,4,0,1,0,461,0,SCH0497,Govt. High School Ghaziabad-497,1
TCH06069,Amit Shukla,59,Hindi,23,15,6,1,0,434,1,SCH0236,Govt. Senior Secondary School Jaipur-236,1
TCH06070,Lakshmi Jain,30,English,3,1,1,0,0,266,0,SCH0359,Govt. Primary School Lucknow-359,0
TCH06071,Vikas Nair,61,Art,12,9,12,1,0,84,1,SCH0044,Govt. High School Udaipur-44,1
TCH06072,Shanti Dubey,40,Mathematics,13,4,5,1,0,93,0,SCH0202,Govt. High School West-202,1
TCH06073,Anita Joshi,52,Art,8,5,0,0,0,346,1,SCH0156,Govt. Middle School South-156,1
TCH06074,Mahesh Joshi,25,Computer Science,2,2,2,1,0,79,1,SCH0391,Govt. Primary School West-391,0
TCH06075,Yogesh Chaudhary,46,Chemistry,8,3,2,0,0,78,1,SCH0019,Govt. Senior Secondary School Bikaner-19,0
TCH06076,Rekha Iyer,52,Art,4,2,1,0,0,96,0,SCH0101,Govt. High School Gurgaon-101,0
TCH06077,Ramesh Pillai,32,Chemistry,4,2,2,1,0,462,0,SCH0097,Govt. Primary School Central-97,1
TCH06078,Rajesh Joshi,58,Computer Science,20,11,8,0,0,24,0,SCH0177,Govt. Senior Secondary School Agra-177,1
TCH06079,Naresh Patel,46,Biology,9,8,8,0,0,300,1,SCH0310,Govt. Middle School West-310,1
TCH06080,Deepak Garg,61,English,6,4,6,0,0,476,1,SCH0098,Govt. High School Agra-98,1
TCH06081,Deepak Chaudhary,57,Sanskrit,30,4,2,1,0,75,0,SCH0198,Govt. Senior Secondary School Varanasi-198,0
TCH06082,Anita Joshi,30,English,4,3,2,0,0,284,0,SCH0061,Govt. Primary School Kota-61,0
TCH06083,Nita Aggarwal,59,Chemistry,3,2,0,0,0,256,0,SCH0131,Govt. Senior Secondary School New-131,0
TCH06084,Deepak Jain,60,Sanskrit,32,18,13,1,0,178,1,SCH0341,Govt. High School Gurgaon-341,1
TCH06085,Usha Reddy,42,History,13,11,11,0,0,320,0,SCH0379,Govt. Primary School New-379,1
TCH06086,Ashok Tiwari,27,Computer Science,2,2,0,0,0,100,1,SCH0357,Govt. Senior Secondary School Ghaziabad-357,0
TCH06087,Suresh Naidu,42,History,6,1,4,0,0,295,0,SCH0078,Govt. Middle School Gurgaon-78,0
TCH06088,Harish Reddy,28,Mathematics,1,1,0,1,0,31,1,SCH0436,Govt. High School Jodhpur-436,0
TCH06089,Pushpa Iyer,45,Computer Science,21,17,1,0,0,485,0,SCH0274,Govt. High School Agra-274,1
TCH06090,Suresh Kaur,52,Geography,5,5,2,0,0,159,0,SCH0317,Govt. Middle School Jodhpur-317,0
TCH06091,Pankaj Kumar,42,Computer Science,4,4,2,0,0,427,0,SCH0477,Govt. Senior Secondary School Agra-477,0
TCH06092,Rekha Jain,47,Sanskrit,6,2,6,1,1,295,0,SCH0123,Govt. Middle School Central-123,1
TCH06093,Anita Naidu,39,Geography,13,9,13,1,1,290,0,SCH0365,Govt. Senior Secondary School Ajmer-365,1
TCH06094,Naresh Tiwari,25,Hindi,2,1,0,0,0,223,0,SCH0293,Govt. High School Jaipur-293,0
TCH06095,Devika Pandey,61,Art,6,3,0,0,0,433,0,SCH0103,Govt. Middle School Faridabad-103,0
TCH06096,Deepak Kaur,29,Social Science,4,1,4,0,0,314,1,SCH0123,Govt. Middle School Central-123,1
TCH06097,Savita Patel,25,Physics,1,1,1,0,0,104,0,SCH0485,Govt. Senior Secondary School New-485,0
TCH06098,Sunita Dubey,57,History,6,5,4,0,0,235,1,SCH0342,Govt. Primary School Agra-342,1
TCH06099,Ramesh Mishra,28,Social Science,5,3,2,1,0,357,0,SCH0121,Govt. Middle School Ajmer-121,1
TCH06100,Sanjay Bansal,41,Mathematics,18,9,1,0,1,467,0,SCH0487,Govt. High School East-487,1
TCH06101,Geeta Gupta,47,Science,13,8,11,1,0,166,1,SCH0415,Govt. Middle School East-415,1
TCH06102,Shanti Garg,25,Computer Science,2,2,0,0,0,369,0,SCH0362,Govt. High School West-362,0
TCH06103,Pushpa Shukla,40,Mathematics,14,2,6,0,0,480,0,SCH0271,Govt. Middle School Lucknow-271,1
TCH06104,Seema Dubey,52,Sanskrit,26,1,13,0,0,166,0,SCH0192,Govt. High School Faridabad-192,0
TCH06105,Naresh Jain,38,Physical Education,6,4,4,0,0,481,1,SCH0240,Govt. Senior Secondary School New-240,1
TCH06106,Seema Rao,25,Physics,1,1,1,1,0,263,0,SCH0289,Govt. Middle School Central-289,1
TCH06107,Savita Shukla,45,Geography,18,5,9,1,0,264,1,SCH0408,Govt. High School North-408,1
TCH06108,Seema Kaur,54,Art,9,3,8,0,0,118,0,SCH0365,Govt. Senior Secondary School Ajmer-365,0
TCH06109,Usha Yadav,33,Physics,6,5,4,1,0,39,0,SCH0483,Govt. Middle School Central-483,1
TCH06110,Geeta Chaudhary,61,Physics,29,19,11,1,0,362,1,SCH0496,Govt. Middle School Bikaner-496,1
TCH06111,Mukesh Garg,34,Social Science,6,1,3,0,0,181,0,SCH0289,Govt. Middle School Central-289,0
TCH06112,Naresh Jain,58,Physical Education,34,19,4,0,0,427,0,SCH0202,Govt. High School West-202,1
TCH06113,Harish Shukla,53,Art,19,2,4,0,0,72,1,SCH0305,Govt. Primary School Noida-305,0
TCH06114,Radha Yadav,35,Social Science,8,8,6,0,0,78,0,SCH0033,Govt. Primary School Jodhpur-33,0
TCH06115,Anita Patel,46,Physics,18,14,11,0,0,276,0,SCH0065,Govt. High School Ghaziabad-65,1
TCH06116,Shanti Sharma,59,History,6,1,4,0,1,376,1,SCH0147,Govt. High School Gurgaon-147,1
TCH06117,Rajesh Pillai,54,Physics,14,11,13,1,0,56,1,SCH0358,Govt. Primary School Central-358,1
TCH06118,Saroj Jain,29,Social Science,1,1,0,0,0,134,0,SCH0474,Govt. Primary School Gurgaon-474,0
TCH06119,Anita Bansal,25,Physics,2,1,1,0,0,80,0,SCH0261,Govt. Middle School West-261,0
TCH06120,Lakshmi Iyer,28,English,5,3,4,1,1,148,0,SCH0095,Govt. Primary School New-95,1
TCH06121,Shanti Pillai,38,Chemistry,4,3,0,0,0,464,0,SCH0166,Govt. Primary School Bikaner-166,0
TCH06122,Rekha Garg,52,Biology,5,1,1,0,0,384,0,SCH0204,Govt. Middle School Agra-204,0
TCH06123,Kavita Garg,37,Hindi,9,5,9,0,1,83,0,SCH0094,Govt. Middle School Gurgaon-94,1
TCH06124,Savita Garg,57,Social Science,31,19,14,0,0,471,1,SCH0007,Govt. Primary School South-7,1
TCH06125,Geeta Dubey,44,Art,7,2,4,1,0,67,1,SCH0070,Govt. High School Kota-70,1
TCH06126,Anita Singh,56,Social Science,20,9,7,0,0,405,0,SCH0368,Govt. Middle School Varanasi-368,1
TCH06127,Naresh Singh,42,Sanskrit,11,8,3,0,0,300,1,SCH0093,Govt. Primary School Kanpur-93,1
TCH06128,Sunita Naidu,25,Social Science,2,1,0,0,0,358,0,SCH0147,Govt. High School Gurgaon-147,0
TCH06129,Sunil Pillai,57,Hindi,9,8,8,0,0,430,0,SCH0334,Govt. Middle School Faridabad-334,1
TCH06130,Arun Chaudhary,29,Sanskrit,1,1,1,0,0,270,0,SCH0127,Govt. High School Central-127,0
TCH06131,Rekha Malhotra,37,Physics,14,2,2,0,0,205,0,SCH0060,Govt. High School Noida-60,0
TCH06132,Rekha Yadav,39,Physical Education,8,8,4,0,0,39,0,SCH0454,Govt. Primary School Faridabad-454,0
TCH06133,Sunita Chauhan,46,Geography,14,8,1,1,0,309,0,SCH0415,Govt. Middle School East-415,1
TCH06134,Ramesh Naidu,41,Art,18,9,4,1,0,361,1,SCH0212,Govt. Middle School Ghaziabad-212,1
TCH06135,Ramesh Singh,50,Computer Science,17,9,8,0,0,126,1,SCH0235,Govt. Senior Secondary School Faridabad-235,1
TCH06136,Priya Sharma,25,History,2,1,2,0,0,246,0,SCH0463,Govt. Primary School Jaipur-463,0
TCH06137,Kavita Rao,34,History,10,7,5,0,0,291,0,SCH0331,Govt. Senior Secondary School Jodhpur-331,1
TCH06138,Dinesh Jain,46,English,23,12,11,0,0,339,0,SCH0421,Govt. Middle School Jaipur-421,1
TCH06139,Kavita Gupta,49,Physics,18,9,10,0,1,17,1,SCH0073,Govt. High School Central-73,1
TCH06140,Devika Chauhan,37,Science,9,3,1,1,0,152,0,SCH0374,Govt. Senior Secondary School Bikaner-374,0
TCH06141,Devika Tiwari,54,Physics,7,7,3,0,0,186,1,SCH0470,Govt. High School Bikaner-470,1
TCH06142,Nita Dubey,58,Sanskrit,7,6,2,0,0,118,0,SCH0081,Govt. High School Gurgaon-81,0
TCH06143,Seema Kaur,55,English,10,2,10,0,0,474,1,SCH0497,Govt. High School Ghaziabad-497,1
TCH06144,Harish Aggarwal,33,Biology,6,6,5,0,0,110,0,SCH0222,Govt. High School Varanasi-222,0
TCH06145,Seema Garg,43,Computer Science,8,5,3,0,0,269,0,SCH0133,Govt. High School East-133,1
TCH06146,Pushpa Verma,42,Science,11,7,0,0,0,315,0,SCH0334,Govt. Middle School Faridabad-334,1
TCH06147,Sanjay Reddy,55,English,4,4,2,1,0,452,0,SCH0255,Govt. High School Varanasi-255,1
TCH06148,Priya Bhat,49,History,22,18,0,1,0,83,0,SCH0446,Govt. Middle School Jodhpur-446,1
TCH06149,Usha Mittal,32,Physical Education,6,3,6,1,0,43,0,SCH0211,Govt. Middle School North-211,1
TCH06150,Meena Mishra,27,Biology,1,1,1,1,1,373,0,SCH0421,Govt. Middle School Jaipur-421,1
TCH06151,Yogesh Kumar,41,Geography,10,5,0,1,0,391,0,SCH0237,Govt. Senior Secondary School East-237,1
TCH06152,Lakshmi Naidu,45,Physics,19,2,8,1,0,70,1,SCH0221,Govt. Middle School Ghaziabad-221,1
TCH06153,Sanjay Yadav,48,Biology,17,9,10,1,0,62,0,SCH0209,Govt. High School Noida-209,1
TCH06154,Kavita Tiwari,42,Mathematics,4,2,4,1,0,237,1,SCH0002,Govt. Senior Secondary School Kota-2,1
TCH06155,Amit Jain,30,Art,7,4,4,0,0,111,0,SCH0331,Govt. Senior Secondary School Jodhpur-331,0
TCH06156,Dinesh Bansal,48,English,9,4,0,0,1,132,0,SCH0323,Govt. Middle School Central-323,0
TCH06157,Yogesh Jain,49,History,13,3,2,1,0,213,0,SCH0417,Govt. Primary School New-417,1
TCH06158,Priya Jain,39,Physics,11,8,7,0,0,290,1,SCH0033,Govt. Primary School Jodhpur-33,1
TCH06159,Kamla Naidu,61,Mathematics,10,9,1,1,1,449,0,SCH0167,Govt. Middle School Jaipur-167,1
TCH06160,Priya Jain,26,English,2,2,0,0,0,234,1,SCH0019,Govt. Senior Secondary School Bikaner-19,0
TCH06161,Pooja Kaur,58,English,34,16,6,0,0,70,0,SCH0248,Govt. High School Central-248,1
TCH06162,Rekha Patel,34,Physics,1,1,0,0,0,50,0,SCH0034,Govt. Middle School Varanasi-34,0
TCH06163,Sanjay Singh,46,Chemistry,23,6,6,0,0,461,0,SCH0238,Govt. Primary School South-238,1
TCH06164,Ajay Joshi,48,Hindi,20,3,5,1,0,92,1,SCH0014,Govt. Middle School South-14,1
TCH06165,Vikas Bhat,29,Art,4,3,1,1,0,396,0,SCH0496,Govt. Middle School Bikaner-496,1
TCH06166,Nita Malhotra,55,Chemistry,30,10,12,1,0,169,1,SCH0064,Govt. High School Jodhpur-64,1
TCH06167,Anita Rao,60,English,3,2,2,0,0,407,0,SCH0271,Govt. Middle School Lucknow-271,0
TCH06168,Amit Yadav,48,Science,10,2,5,1,1,231,1,SCH0466,Govt. Senior Secondary School Jodhpur-466,1
TCH06169,Naresh Iyer,56,Physics,28,14,6,1,0,387,0,SCH0102,Govt. High School Gurgaon-102,1
TCH06170,Meena Nair,60,Art,21,1,3,0,0,69,0,SCH0180,Govt. Senior Secondary School Lucknow-180,0
TCH06171,Pooja Jain,39,Physical Education,6,5,0,1,0,109,0,SCH0201,Govt. Primary School Bikaner-201,1
TCH06172,Ajay Reddy,50,English,15,13,5,0,0,120,1,SCH0014,Govt. Middle School South-14,1
TCH06173,Pushpa Aggarwal,35,Hindi,8,8,3,0,0,37,1,SCH0295,Govt. Middle School New-295,1
TCH06174,Deepak Kaur,41,Physics,18,10,6,0,0,370,1,SCH0177,Govt. Senior Secondary School Agra-177,1
TCH06175,Saroj Dubey,35,Sanskrit,10,5,1,0,0,364,0,SCH0495,Govt. Senior Secondary School Faridabad-495,1
TCH06176,Nita Jain,27,Hindi,3,2,2,1,0,486,0,SCH0458,Govt. Primary School Udaipur-458,1
TCH06177,Arun Kumar,53,Computer Science,5,1,2,0,0,400,0,SCH0076,Govt. High School Jodhpur-76,0
TCH06178,Yogesh Mishra,37,Physical Education,6,2,0,0,0,26,1,SCH0355,Govt. Senior Secondary School Ajmer-355,0
TCH06179,Sanjay Mittal,57,History,27,2,6,0,0,139,0,SCH0316,Govt. Senior Secondary School South-316,0
TCH06180,Ajay Patel,38,Mathematics,10,4,2,1,0,260,0,SCH0309,Govt. Middle School Agra-309,1
TCH06181,Shanti Garg,33,Biology,2,1,2,0,0,302,0,SCH0148,Govt. High School East-148,0
TCH06182,Ramesh Aggarwal,34,Physics,3,1,2,1,0,303,0,SCH0354,Govt. Middle School North-354,1
TCH06183,Deepak Mishra,28,Chemistry,5,5,4,0,0,246,0,SCH0116,Govt. Middle School East-116,1
TCH06184,Anita Nair,44,Physics,4,1,0,0,0,66,1,SCH0219,Govt. Primary School Ajmer-219,0
TCH06185,Amit Rao,44,Chemistry,11,10,5,1,0,494,0,SCH0498,Govt. Primary School Gurgaon-498,1
TCH06186,Sunita Menon,59,Biology,28,19,2,0,0,279,0,SCH0047,Govt. Middle School Agra-47,1
TCH06187,Harish Patel,39,Chemistry,5,2,1,0,0,79,1,SCH0024,Govt. Middle School Central-24,0
TCH06188,Pushpa Aggarwal,52,Science,29,9,13,0,1,257,0,SCH0311,Govt. High School Jaipur-311,1
TCH06189,Harish Aggarwal,41,English,5,4,1,1,1,18,0,SCH0392,Govt. High School South-392,1
TCH06190,Sanjay Shukla,42,Mathematics,17,13,11,0,0,394,1,SCH0425,Govt. High School Gurgaon-425,1
TCH06191,Rajesh Rao,37,Science,2,1,0,0,1,224,0,SCH0051,Govt. Middle School Udaipur-51,1
TCH06192,Lakshmi Singh,37,Physics,2,2,2,0,0,147,1,SCH0080,Govt. Primary School Jaipur-80,0
TCH06193,Devika Mishra,48,History,17,12,12,0,0,436,1,SCH0331,Govt. Senior Secondary School Jodhpur-331,1
TCH06194,Devika Reddy,47,English,15,9,4,0,0,213,1,SCH0348,Govt. Primary School Udaipur-348,1
TCH06195,Anita Garg,26,Biology,3,1,2,0,0,493,0,SCH0362,Govt. High School West-362,0
TCH06196,Radha Jain,26,Physical Education,1,1,1,0,0,307,0,SCH0342,Govt. Primary School Agra-342,0
TCH06197,Mahesh Menon,39,Sanskrit,14,7,8,1,0,447,0,SCH0391,Govt. Primary School West-391,1
TCH06198,Lakshmi Rao,46,Hindi,14,3,13,1,0,362,0,SCH0133,Govt. High School East-133,1
TCH06199,Yogesh Malhotra,51,Social Science,4,1,4,1,0,299,0,SCH0167,Govt. Middle School Jaipur-167,1
TCH06200,Meena Yadav,45,Hindi,20,2,8,1,0,245,0,SCH0068,Govt. Senior Secondary School South-68,1
TCH06201,Meena Kumar,34,English,5,3,0,1,0,180,0,SCH0354,Govt. Middle School North-354,0
TCH06202,Harish Sharma,42,Computer Science,2,2,1,1,0,135,0,SCH0471,Govt. Middle School Ajmer-471,0
TCH06203,Ajay Joshi,56,Social Science,27,19,1,0,0,314,0,SCH0055,Govt. Middle School Noida-55,1
TCH06204,Dinesh Menon,26,Computer Science,2,1,2,1,0,294,1,SCH0079,Govt. Senior Secondary School North-79,1
TCH06205,Vikas Kumar,35,Physical Education,12,8,7,1,0,152,1,SCH0440,Govt. High School Lucknow-440,1
TCH06206,Pooja Patel,42,Physical Education,13,7,12,0,0,418,0,SCH0418,Govt. High School Ghaziabad-418,1
TCH06207,Dinesh Shukla,57,Mathematics,25,6,3,1,1,333,1,SCH0491,Govt. Senior Secondary School Central-491,1
TCH06208,Pooja Bansal,30,Geography,7,3,1,0,0,103,1,SCH0194,Govt. Middle School Ajmer-194,0
TCH06209,Nita Dubey,34,Computer Science,3,3,2,1,0,199,1,SCH0173,Govt. High School Gurgaon-173,0
TCH06210,Naresh Mishra,49,Sanskrit,15,7,12,0,0,178,1,SCH0026,Govt. High School South-26,1
TCH06211,Mukesh Garg,37,Art,12,1,6,0,1,20,0,SCH0460,Govt. High School Ghaziabad-460,1
TCH06212,Vikram Garg,32,Computer Science,5,1,2,0,0,418,0,SCH0126,Govt. Senior Secondary School West-126,0
TCH06213,Sunil Verma,49,Social Science,26,19,4,0,0,407,0,SCH0059,Govt. Senior Secondary School Central-59,1
TCH06214,Pushpa Tiwari,28,Science,1,1,0,0,0,495,0,SCH0204,Govt. Middle School Agra-204,0
TCH06215,Geeta Sharma,33,Biology,4,2,0,1,0,391,0,SCH0424,Govt. Primary School Varanasi-424,1
TCH06216,Ashok Mishra,29,Sanskrit,2,1,0,0,0,184,0,SCH0343,Govt. Senior Secondary School Central-343,0
TCH06217,Rekha Malhotra,42,Science,8,1,4,1,0,326,0,SCH0287,Govt. Middle School Gurgaon-287,1
TCH06218,Devika Pandey,38,English,8,1,3,0,0,437,0,SCH0335,Govt. Primary School Noida-335,0
TCH06219,Vikram Mishra,53,Art,13,7,8,1,0,366,0,SCH0007,Govt. Primary School South-7,1
TCH06220,Pooja Shukla,42,Computer Science,6,4,6,0,1,37,1,SCH0198,Govt. Senior Secondary School Varanasi-198,1
TCH06221,Harish Aggarwal,51,Social Science,8,3,3,0,0,172,0,SCH0030,Govt. High School North-30,0
TCH06222,Lakshmi Mishra,47,Geography,21,17,6,0,0,405,0,SCH0340,Govt. High School Ajmer-340,1
TCH06223,Mukesh Naidu,32,Physics,6,1,5,1,0,184,1,SCH0425,Govt. High School Gurgaon-425,1
TCH06224,Vikram Pandey,60,Physical Education,19,12,0,1,0,464,0,SCH0198,Govt. Senior Secondary School Varanasi-198,1
TCH06225,Mukesh Verma,37,Physics,1,1,1,0,0,366,1,SCH0142,Govt. Middle School New-142,0
TCH06226,Mahesh Pillai,51,Science,24,14,5,0,1,85,1,SCH0164,Govt. Senior Secondary School Agra-164,1
TCH06227,Pooja Jain,41,Computer Science,15,7,11,0,0,211,0,SCH0410,Govt. Senior Secondary School South-410,1
TCH06228,Vikram Dubey,26,Science,1,1,0,0,1,56,0,SCH0338,Govt. Primary School Faridabad-338,0
TCH06229,Seema Gupta,61,Science,28,1,9,1,0,0,0,SCH0220,Govt. High School North-220,1
TCH06230,Usha Pandey,55,Chemistry,11,11,0,0,0,163,0,SCH0290,Govt. High School North-290,0
TCH06231,Priya Pillai,55,Computer Science,32,6,5,0,0,106,0,SCH0140,Govt. Primary School Udaipur-140,1
TCH06232,Vikas Kaur,39,Chemistry,9,8,0,0,0,153,0,SCH0047,Govt. Middle School Agra-47,0
TCH06233,Nita Pillai,38,Physics,5,5,0,0,0,477,0,SCH0304,Govt. Middle School New-304,0
TCH06234,Devika Rao,26,Physics,3,3,1,1,0,483,0,SCH0231,Govt. Senior Secondary School Gurgaon-231,1
TCH06235,Pooja Verma,48,Biology,1,1,0,1,0,389,0,SCH0413,Govt. High School Ajmer-413,1
TCH06236,Rajesh Aggarwal,42,English,6,5,2,1,0,239,1,SCH0412,Govt. Primary School Central-412,1
TCH06237,Mahesh Patel,36,Chemistry,10,2,3,1,0,407,1,SCH0010,Govt. Primary School West-10,1
TCH06238,Arun Naidu,32,Mathematics,7,5,7,0,0,246,1,SCH0500,Govt. Middle School Varanasi-500,1
TCH06239,Saroj Garg,34,Computer Science,9,1,0,0,0,272,0,SCH0037,Govt. High School Jaipur-37,0
TCH06240,Suresh Kumar,25,Physical Education,2,1,0,1,0,105,0,SCH0255,Govt. High School Varanasi-255,0
TCH06241,Anita Kumar,48,Social Science,17,14,2,1,0,201,0,SCH0339,Govt. Middle School Kota-339,1
TCH06242,Sanjay Pillai,45,Hindi,12,9,9,1,0,402,0,SCH0038,Govt. Senior Secondary School Kota-38,1
TCH06243,Radha Mittal,58,Geography,12,8,8,0,1,300,1,SCH0385,Govt. Senior Secondary School Noida-385,1
TCH06244,Savita Menon,34,Geography,6,6,4,1,1,362,1,SCH0207,Govt. Middle School Varanasi-207,1
TCH06245,Savita Shukla,32,Mathematics,4,1,1,1,0,321,1,SCH0332,Govt. Primary School Agra-332,1
TCH06246,Kamla Rao,59,Hindi,4,4,0,1,0,196,0,SCH0290,Govt. High School North-290,0
TCH06247,Arun Chaudhary,58,Biology,26,17,10,0,0,360,0,SCH0038,Govt. Senior Secondary School Kota-38,1
TCH06248,Mukesh Mishra,28,Science,4,2,2,0,0,39,0,SCH0458,Govt. Primary School Udaipur-458,0
TCH06249,Ajay Malhotra,44,English,14,4,7,1,0,112,1,SCH0409,Govt. Senior Secondary School Agra-409,1
TCH06250,Yogesh Reddy,30,Chemistry,3,1,0,0,0,183,1,SCH0068,Govt. Senior Secondary School South-68,0
TCH06251,Priya Chauhan,31,Physics,4,2,0,0,0,496,1,SCH0346,Govt. Primary School South-346,0
TCH06252,Vikas Nair,43,History,14,7,2,1,0,164,1,SCH0357,Govt. Senior Secondary School Ghaziabad-357,1
TCH06253,Mukesh Reddy,42,History,15,9,0,1,0,255,0,SCH0319,Govt. High School Ajmer-319,1
TCH06254,Dinesh Mishra,43,Sanskrit,9,5,7,0,0,184,0,SCH0216,Govt. Middle School East-216,0
TCH06255,Nita Reddy,30,Computer Science,2,2,0,1,0,78,0,SCH0327,Govt. High School Faridabad-327,0
TCH06256,Rekha Yadav,36,Science,13,6,13,0,0,229,1,SCH0293,Govt. High School Jaipur-293,1
TCH06257,Anita Reddy,49,Art,13,3,9,0,0,227,0,SCH0309,Govt. Middle School Agra-309,1
TCH06258,Usha Joshi,31,Hindi,3,2,1,0,0,10,0,SCH0196,Govt. Middle School Jaipur-196,0
TCH06259,Harish Naidu,42,Physical Education,12,6,7,0,0,467,0,SCH0016,Govt. Middle School Gurgaon-16,1
TCH06260,Anita Reddy,24,Physics,1,1,0,0,0,417,0,SCH0403,Govt. High School Varanasi-403,0
TCH06261,Ramesh Singh,50,English,21,7,6,0,0,117,0,SCH0094,Govt. Middle School Gurgaon-94,1
TCH06262,Arun Singh,31,Geography,5,1,1,0,0,374,0,SCH0024,Govt. Middle School Central-24,0
TCH06263,Dinesh Bansal,61,Mathematics,26,12,10,1,0,239,0,SCH0036,Govt. Primary School Noida-36,1
TCH06264,Dinesh Rao,38,Art,7,4,3,0,0,141,0,SCH0397,Govt. Senior Secondary School Udaipur-397,0
TCH06265,Seema Joshi,33,Geography,6,3,2,0,0,212,1,SCH0194,Govt. Middle School Ajmer-194,0
TCH06266,Savita Aggarwal,59,Social Science,23,17,14,0,0,379,0,SCH0328,Govt. Primary School New-328,1
TCH06267,Rajesh Bhat,46,Mathematics,6,6,0,0,0,189,0,SCH0246,Govt. Senior Secondary School Central-246,0
TCH06268,Deepak Chaudhary,39,History,14,3,4,0,0,25,0,SCH0001,Govt. Senior Secondary School West-1,0
TCH06269,Lakshmi Joshi,38,Social Science,11,11,6,1,0,249,1,SCH0238,Govt. Primary School South-238,1
TCH06270,Radha Rao,43,Chemistry,9,4,6,0,0,346,0,SCH0279,Govt. Primary School Kanpur-279,0
TCH06271,Vikas Chauhan,55,Geography,9,5,3,0,0,407,1,SCH0153,Govt. Primary School Ghaziabad-153,1
TCH06272,Rekha Mittal,42,Science,3,3,2,1,0,479,1,SCH0231,Govt. Senior Secondary School Gurgaon-231,1
TCH06273,Sanjay Shukla,47,Physics,4,1,1,0,0,57,0,SCH0215,Govt. Middle School Ghaziabad-215,0
TCH06274,Amit Tiwari,54,Sanskrit,12,12,6,0,0,44,0,SCH0219,Govt. Primary School Ajmer-219,1
TCH06275,Amit Sharma,26,Chemistry,2,1,1,0,0,293,1,SCH0170,Govt. Primary School Kanpur-170,0
TCH06276,Dinesh Pandey,41,Physical Education,1,1,1,1,1,257,0,SCH0126,Govt. Senior Secondary School West-126,1
TCH06277,Mukesh Yadav,33,Mathematics,10,5,7,1,1,15,1,SCH0113,Govt. High School Jodhpur-113,1
TCH06278,Naresh Tiwari,53,Geography,6,5,5,0,0,328,0,SCH0302,Govt. Senior Secondary School Ghaziabad-302,1
TCH06279,Saroj Patel,45,Biology,3,1,3,0,1,52,1,SCH0219,Govt. Primary School Ajmer-219,1
TCH06280,Anita Singh,60,Computer Science,3,3,1,0,0,393,0,SCH0226,Govt. Senior Secondary School Kanpur-226,0
TCH06281,Dinesh Kumar,40,Geography,2,1,0,1,0,368,0,SCH0290,Govt. High School North-290,1
TCH06282,Naresh Mishra,41,Physics,4,1,2,0,0,394,0,SCH0357,Govt. Senior Secondary School Ghaziabad-357,0
TCH06283,Sunita Bhat,44,Physics,3,2,1,0,0,40,0,SCH0106,Govt. Middle School West-106,0
TCH06284,Savita Kaur,26,Mathematics,2,1,0,0,0,274,1,SCH0304,Govt. Middle School New-304,0
TCH06285,Shanti Dubey,37,Science,5,3,3,1,0,392,0,SCH0092,Govt. Primary School Kanpur-92,1
TCH06286,Kamla Patel,52,Biology,13,12,7,0,0,319,0,SCH0083,Govt. Primary School Udaipur-83,1
TCH06287,Nita Chaudhary,25,Social Science,2,1,0,0,0,231,0,SCH0212,Govt. Middle School Ghaziabad-212,0
TCH06288,Anita Garg,45,Physics,8,3,4,0,0,151,0,SCH0121,Govt. Middle School Ajmer-121,0
TCH06289,Vinod Jain,44,History,9,2,4,0,0,51,1,SCH0315,Govt. Primary School Udaipur-315,0
TCH06290,Devika Bansal,36,Geography,1,1,1,0,0,449,0,SCH0318,Govt. Middle School Kanpur-318,0
TCH06291,Usha Iyer,43,Chemistry,15,4,5,1,0,241,0,SCH0391,Govt. Primary School West-391,1
TCH06292,Vinod Chaudhary,27,Computer Science,2,2,0,0,1,316,0,SCH0179,Govt. Middle School North-179,1
TCH06293,Geeta Joshi,28,Physics,5,1,5,0,0,485,0,SCH0223,Govt. Middle School Gurgaon-223,0
TCH06294,Mahesh Garg,60,Social Science,11,1,5,0,0,62,1,SCH0386,Govt. Senior Secondary School South-386,0
TCH06295,Ramesh Joshi,26,Physical Education,3,3,1,0,0,15,1,SCH0382,Govt. Senior Secondary School Jaipur-382,0
TCH06296,Vikram Aggarwal,32,Social Science,2,2,0,0,0,165,0,SCH0132,Govt. High School South-132,0
TCH06297,Kavita Shukla,27,Geography,1,1,1,0,0,347,0,SCH0314,Govt. Primary School Udaipur-314,0
TCH06298,Ajay Pillai,41,Hindi,7,4,6,0,0,297,0,SCH0476,Govt. Primary School East-476,0
TCH06299,Ajay Mishra,58,Sanskrit,23,13,7,1,0,305,1,SCH0386,Govt. Senior Secondary School South-386,1
TCH06300,Mahesh Tiwari,42,Geography,4,1,3,0,0,117,0,SCH0362,Govt. High School West-362,0
TCH06301,Vinod Mishra,31,Geography,3,1,2,0,0,104,0,SCH0231,Govt. Senior Secondary School Gurgaon-231,0
TCH06302,Seema Mittal,39,Chemistry,7,2,2,0,1,430,0,SCH0452,Govt. High School Noida-452,1
TCH06303,Priya Nair,47,Art,18,4,13,0,0,53,0,SCH0136,Govt. Middle School Ghaziabad-136,0
TCH06304,Devika Patel,27,English,4,1,0,0,0,348,0,SCH0347,Govt. Senior Secondary School Ghaziabad-347,0
TCH06305,Sunita Pillai,60,Physics,7,3,7,0,0,61,0,SCH0115,Govt. High School Jodhpur-115,0
TCH06306,Pankaj Kumar,52,Geography,16,5,10,1,0,486,1,SCH0257,Govt. Middle School West-257,1
TCH06307,Mukesh Kaur,46,Hindi,19,7,2,1,0,456,1,SCH0371,Govt. Primary School Ghaziabad-371,1
TCH06308,Sunil Reddy,31,Art,3,2,0,1,0,198,1,SCH0295,Govt. Middle School New-295,0
TCH06309,Kamla Pillai,24,Sanskrit,1,1,1,0,0,203,0,SCH0452,Govt. High School Noida-452,0
TCH06310,Seema Singh,46,Hindi,19,18,4,1,0,483,1,SCH0479,Govt. Middle School Agra-479,1
TCH06311,Suresh Sharma,24,Art,1,1,0,0,0,241,1,SCH0081,Govt. High School Gurgaon-81,0
TCH06312,Yogesh Kumar,52,Mathematics,22,10,9,1,0,276,0,SCH0293,Govt. High School Jaipur-293,1
TCH06313,Pooja Singh,27,Sanskrit,3,2,1,0,0,191,0,SCH0354,Govt. Middle School North-354,0
TCH06314,Amit Rao,58,Physics,30,7,13,0,0,461,0,SCH0246,Govt. Senior Secondary School Central-246,1
TCH06315,Kamla Dubey,55,Hindi,14,4,1,0,0,406,0,SCH0155,Govt. Primary School Gurgaon-155,0
TCH06316,Pankaj Dubey,39,Physics,2,2,0,0,0,422,0,SCH0147,Govt. High School Gurgaon-147,0
TCH06317,Anita Kumar,56,Sanskrit,31,6,3,0,0,229,0,SCH0242,Govt. Senior Secondary School Agra-242,1
TCH06318,Deepak Verma,50,Hindi,9,4,3,0,0,262,0,SCH0399,Govt. High School North-399,0
TCH06319,Amit Joshi,52,Social Science,8,8,8,0,0,198,0,SCH0006,Govt. Senior Secondary School West-6,0
TCH06320,Radha Garg,38,Social Science,3,1,1,0,0,423,0,SCH0291,Govt. Primary School Faridabad-291,0
TCH06321,Vikram Kumar,25,Physical Education,1,1,1,0,1,235,0,SCH0196,Govt. Middle School Jaipur-196,1
TCH06322,Ramesh Pillai,61,Mathematics,16,8,7,0,0,333,0,SCH0313,Govt. Middle School Ajmer-313,1
TCH06323,Priya Kumar,51,Physical Education,25,2,12,0,0,125,0,SCH0422,Govt. Primary School Varanasi-422,0
TCH06324,Dinesh Singh,36,English,7,5,4,0,0,400,1,SCH0448,Govt. Senior Secondary School West-448,1
TCH06325,Kavita Yadav,32,Physical Education,5,1,4,0,0,358,1,SCH0399,Govt. High School North-399,1
TCH06326,Savita Pandey,56,Sanskrit,7,5,1,0,0,322,1,SCH0443,Govt. High School Udaipur-443,1
TCH06327,Dinesh Nair,29,Physical Education,5,5,5,0,0,240,1,SCH0202,Govt. High School West-202,1
TCH06328,Lakshmi Yadav,33,Physics,7,2,4,0,0,319,1,SCH0305,Govt. Primary School Noida-305,1
TCH06329,Usha Reddy,34,Computer Science,5,4,5,1,0,458,1,SCH0299,Govt. Primary School Jaipur-299,1
TCH06330,Mukesh Sharma,39,History,13,5,10,0,0,125,0,SCH0430,Govt. Primary School Bikaner-430,1
TCH06331,Radha Aggarwal,50,Science,13,5,1,0,1,275,0,SCH0482,Govt. Primary School Jaipur-482,1
TCH06332,Vikas Iyer,33,Hindi,2,1,0,0,1,133,0,SCH0473,Govt. High School Central-473,0
TCH06333,Vikram Tiwari,61,Physical Education,14,13,12,1,0,166,0,SCH0484,Govt. Middle School Lucknow-484,1
TCH06334,Devika Joshi,46,Hindi,5,1,1,1,0,225,1,SCH0185,Govt. High School Ajmer-185,1
TCH06335,Ashok Shukla,42,Chemistry,11,11,2,1,0,310,1,SCH0133,Govt. High School East-133,1
TCH06336,Anita Gupta,61,Hindi,13,8,1,0,0,344,0,SCH0114,Govt. Middle School Bikaner-114,1
TCH06337,Sunil Menon,34,Physics,1,1,0,0,0,271,1,SCH0479,Govt. Middle School Agra-479,0
TCH06338,Nita Joshi,25,English,2,1,1,1,0,276,0,SCH0025,Govt. Middle School North-25,1
TCH06339,Pankaj Patel,29,Computer Science,3,2,0,1,0,222,0,SCH0098,Govt. High School Agra-98,1
TCH06340,Deepak Verma,47,Sanskrit,18,10,6,0,0,496,1,SCH0380,Govt. Primary School Agra-380,1
TCH06341,Sanjay Joshi,40,Biology,10,8,10,1,0,60,0,SCH0128,Govt. High School Bikaner-128,1
TCH06342,Pooja Tiwari,59,Chemistry,3,3,0,1,0,237,1,SCH0150,Govt. Primary School Jodhpur-150,1
TCH06343,Suresh Sharma,25,Social Science,1,1,0,0,0,320,0,SCH0107,Govt. Middle School Varanasi-107,0
TCH06344,Yogesh Bhat,29,Geography,4,3,4,0,0,15,0,SCH0119,Govt. Middle School Noida-119,0
TCH06345,Harish Kaur,27,Physical Education,4,3,3,0,0,299,0,SCH0213,Govt. Senior Secondary School Kanpur-213,0
TCH06346,Lakshmi Aggarwal,39,Sanskrit,14,7,3,1,0,136,0,SCH0346,Govt. Primary School South-346,1
TCH06347,Priya Verma,24,History,1,1,0,1,0,352,0,SCH0277,Govt. Primary School Udaipur-277,1
TCH06348,Ashok Bhat,41,Physical Education,8,6,3,1,0,79,0,SCH0406,Govt. High School Gurgaon-406,1
TCH06349,Meena Pillai,58,Sanskrit,20,1,7,0,0,44,1,SCH0460,Govt. High School Ghaziabad-460,0
TCH06350,Naresh Malhotra,43,Geography,20,5,3,0,0,66,0,SCH0144,Govt. Senior Secondary School Kanpur-144,1
TCH06351,Sunita Kumar,26,Art,2,2,1,0,0,15,0,SCH0492,Govt. High School Lucknow-492,0
TCH06352,Anita Reddy,43,Computer Science,3,1,3,1,0,452,0,SCH0335,Govt. Primary School Noida-335,1
TCH06353,Pushpa Chauhan,44,Social Science,20,6,7,0,0,297,0,SCH0498,Govt. Primary School Gurgaon-498,1
TCH06354,Savita Tiwari,56,Hindi,32,16,7,1,0,254,1,SCH0033,Govt. Primary School Jodhpur-33,1
TCH06355,Rekha Yadav,51,Sanskrit,22,2,9,0,0,329,0,SCH0020,Govt. Senior Secondary School Kota-20,1
TCH06356,Sunita Kumar,37,Hindi,12,12,12,0,0,442,0,SCH0164,Govt. Senior Secondary School Agra-164,1
TCH06357,Shanti Verma,35,English,9,4,9,1,0,487,0,SCH0275,Govt. Primary School East-275,1
TCH06358,Devika Iyer,29,Social Science,1,1,0,1,0,403,0,SCH0083,Govt. Primary School Udaipur-83,1
TCH06359,Lakshmi Pandey,27,English,4,3,3,1,0,50,1,SCH0217,Govt. Middle School Varanasi-217,1
TCH06360,Usha Kaur,53,Sanskrit,29,10,4,0,0,14,0,SCH0230,Govt. High School West-230,1
TCH06361,Arun Yadav,41,Hindi,10,3,6,0,0,87,1,SCH0386,Govt. Senior Secondary School South-386,0
TCH06362,Kamla Kumar,48,Geography,12,7,0,0,0,209,0,SCH0069,Govt. Primary School West-69,1
TCH06363,Ramesh Sharma,58,English,18,15,3,0,0,92,0,SCH0407,Govt. Senior Secondary School South-407,1
TCH06364,Deepak Pandey,36,Chemistry,4,3,0,0,0,287,0,SCH0009,Govt. Middle School Gurgaon-9,0
TCH06365,Suresh Yadav,51,Hindi,13,1,1,0,0,478,0,SCH0294,Govt. Middle School East-294,0
TCH06366,Rajesh Mishra,41,Mathematics,10,6,6,1,0,14,0,SCH0450,Govt. High School Kanpur-450,1
TCH06367,Sanjay Tiwari,29,Chemistry,6,1,4,0,0,121,0,SCH0113,Govt. High School Jodhpur-113,0
TCH06368,Yogesh Gupta,40,Physical Education,16,2,5,0,0,74,0,SCH0240,Govt. Senior Secondary School New-240,0
TCH06369,Kavita Naidu,39,Chemistry,2,2,1,1,0,136,1,SCH0355,Govt. Senior Secondary School Ajmer-355,0
TCH06370,Savita Dubey,46,Sanskrit,1,1,1,0,0,4,0,SCH0402,Govt. Middle School Faridabad-402,0
TCH06371,Yogesh Garg,35,Chemistry,4,4,2,1,0,321,0,SCH0006,Govt. Senior Secondary School West-6,1
TCH06372,Mukesh Iyer,44,Geography,6,3,6,0,0,268,1,SCH0073,Govt. High School Central-73,1
TCH06373,Ashok Mishra,51,Physical Education,1,1,1,0,0,321,1,SCH0178,Govt. Middle School Kota-178,0
TCH06374,Pooja Tiwari,48,Computer Science,2,1,0,0,0,476,1,SCH0030,Govt. High School North-30,0
TCH06375,Nita Verma,35,Science,12,5,12,0,0,7,0,SCH0190,Govt. High School Gurgaon-190,1
TCH06376,Pooja Jain,31,Hindi,8,5,6,1,0,234,0,SCH0483,Govt. Middle School Central-483,1
TCH06377,Anita Menon,61,Art,5,5,0,1,0,262,0,SCH0377,Govt. Middle School Agra-377,1
TCH06378,Pushpa Patel,32,Hindi,4,3,3,0,0,313,0,SCH0133,Govt. High School East-133,0
TCH06379,Nita Tiwari,57,Physical Education,14,2,0,1,0,143,0,SCH0015,Govt. Primary School Noida-15,0
TCH06380,Deepak Verma,44,English,2,1,0,0,0,51,1,SCH0470,Govt. High School Bikaner-470,0
TCH06381,Vinod Chauhan,53,Science,2,2,1,0,0,74,0,SCH0277,Govt. Primary School Udaipur-277,0
TCH06382,Anita Aggarwal,33,Physical Education,7,6,6,0,0,308,0,SCH0485,Govt. Senior Secondary School New-485,1
TCH06383,Priya Gupta,51,Biology,21,9,12,0,0,123,1,SCH0409,Govt. Senior Secondary School Agra-409,1
TCH06384,Arun Patel,50,Computer Science,22,15,14,0,0,325,0,SCH0368,Govt. Middle School Varanasi-368,1
TCH06385,Deepak Joshi,50,Mathematics,23,1,12,0,0,49,1,SCH0409,Govt. Senior Secondary School Agra-409,0
TCH06386,Shanti Verma,41,Biology,4,4,1,0,0,406,0,SCH0452,Govt. High School Noida-452,0
TCH06387,Pankaj Jain,41,Sanskrit,4,2,3,0,0,165,0,SCH0417,Govt. Primary School New-417,0
TCH06388,Sunil Chauhan,39,Physical Education,15,5,0,0,0,124,0,SCH0133,Govt. High School East-133,0
TCH06389,Suresh Bansal,41,Biology,10,2,2,1,0,242,1,SCH0398,Govt. Senior Secondary School South-398,1
TCH06390,Pushpa Pandey,58,Sanskrit,10,10,2,1,0,358,1,SCH0329,Govt. Senior Secondary School South-329,1
TCH06391,Pankaj Singh,58,Geography,10,3,8,0,0,482,0,SCH0134,Govt. Primary School Noida-134,1
TCH06392,Ajay Jain,27,Sanskrit,3,1,0,0,0,129,0,SCH0403,Govt. High School Varanasi-403,0
TCH06393,Mahesh Verma,30,Chemistry,3,3,1,0,0,256,0,SCH0094,Govt. Middle School Gurgaon-94,0
TCH06394,Sunil Mishra,39,History,15,1,14,0,0,410,1,SCH0185,Govt. High School Ajmer-185,1
TCH06395,Yogesh Kumar,40,Art,9,5,6,1,0,279,1,SCH0447,Govt. Middle School East-447,1
TCH06396,Mukesh Reddy,57,English,31,14,4,0,0,210,1,SCH0347,Govt. Senior Secondary School Ghaziabad-347,1
TCH06397,Harish Garg,48,Science,18,12,14,0,0,254,0,SCH0174,Govt. Middle School South-174,1
TCH06398,Meena Pandey,32,Geography,4,3,1,0,1,145,0,SCH0093,Govt. Primary School Kanpur-93,0
TCH06399,Anita Aggarwal,25,Physical Education,1,1,0,1,0,45,0,SCH0021,Govt. Middle School Faridabad-21,0
TCH06400,Naresh Shukla,44,Art,12,7,4,0,0,65,1,SCH0176,Govt. Middle School Udaipur-176,1
TCH06401,Vinod Bhat,25,Social Science,2,1,1,0,0,152,0,SCH0274,Govt. High School Agra-274,0
TCH06402,Harish Kaur,51,Physical Education,21,17,7,0,0,281,0,SCH0469,Govt. High School Gurgaon-469,1
TCH06403,Geeta Rao,29,Hindi,4,4,4,0,1,39,1,SCH0076,Govt. High School Jodhpur-76,1
TCH06404,Sanjay Chauhan,52,Geography,1,1,0,0,0,486,0,SCH0322,Govt. High School Central-322,0
TCH06405,Vikram Aggarwal,35,English,2,1,2,1,0,57,0,SCH0394,Govt. High School Kanpur-394,0
TCH06406,Deepak Gupta,47,Science,20,16,10,0,0,355,0,SCH0052,Govt. Middle School Lucknow-52,1
TCH06407,Kavita Nair,56,Biology,10,7,9,1,0,81,0,SCH0025,Govt. Middle School North-25,1
TCH06408,Harish Verma,49,Hindi,9,5,5,0,0,100,0,SCH0495,Govt. Senior Secondary School Faridabad-495,0
TCH06409,Dinesh Bhat,47,History,2,1,0,1,0,80,0,SCH0357,Govt. Senior Secondary School Ghaziabad-357,0
TCH06410,Saroj Verma,40,Computer Science,5,1,0,0,0,363,0,SCH0213,Govt. Senior Secondary School Kanpur-213,0
TCH06411,Vikram Chauhan,39,Sanskrit,3,2,3,0,0,53,1,SCH0470,Govt. High School Bikaner-470,0
TCH06412,Pushpa Joshi,55,Physical Education,10,2,5,1,1,368,1,SCH0026,Govt. High School South-26,1
TCH06413,Ramesh Iyer,49,English,11,9,7,0,0,216,1,SCH0019,Govt. Senior Secondary School Bikaner-19,1
TCH06414,Suresh Pillai,46,Geography,6,1,2,0,0,234,0,SCH0181,Govt. Middle School Kota-181,0
TCH06415,Mahesh Bhat,41,Physics,7,7,4,0,0,294,0,SCH0317,Govt. Middle School Jodhpur-317,1
TCH06416,Ajay Pandey,42,Physical Education,4,1,4,1,0,152,0,SCH0092,Govt. Primary School Kanpur-92,1
TCH06417,Kavita Rao,30,Science,6,5,0,1,0,491,0,SCH0454,Govt. Primary School Faridabad-454,1
TCH06418,Pooja Kumar,55,Biology,22,9,0,1,0,218,0,SCH0089,Govt. High School Central-89,1
TCH06419,Naresh Kaur,51,Social Science,8,2,1,0,0,421,0,SCH0485,Govt. Senior Secondary School New-485,0
TCH06420,Ramesh Menon,57,Biology,19,17,0,0,0,82,1,SCH0128,Govt. High School Bikaner-128,0
TCH06421,Arun Sharma,33,Physics,7,5,1,1,0,331,0,SCH0094,Govt. Middle School Gurgaon-94,1
TCH06422,Vinod Kumar,25,English,1,1,0,0,1,336,1,SCH0439,Govt. Senior Secondary School Kota-439,1
TCH06423,Naresh Patel,44,Chemistry,12,2,8,0,0,415,0,SCH0058,Govt. Senior Secondary School Central-58,1
TCH06424,Ashok Naidu,48,Art,22,5,5,0,0,232,0,SCH0348,Govt. Primary School Udaipur-348,1
TCH06425,Anita Mittal,24,Computer Science,1,1,1,0,0,64,0,SCH0134,Govt. Primary School Noida-134,0
TCH06426,Sanjay Jain,58,Hindi,17,5,1,0,0,211,1,SCH0196,Govt. Middle School Jaipur-196,1
TCH06427,Rajesh Bhat,36,History,12,7,6,1,0,90,0,SCH0379,Govt. Primary School New-379,1
TCH06428,Sanjay Yadav,33,Social Science,3,2,0,0,0,437,0,SCH0419,Govt. Primary School Central-419,0
TCH06429,Rekha Chauhan,52,Sanskrit,27,6,4,0,0,188,0,SCH0151,Govt. High School Kanpur-151,1
TCH06430,Rekha Nair,61,Sanskrit,20,15,12,1,0,197,0,SCH0010,Govt. Primary School West-10,1
TCH06431,Pushpa Nair,56,Geography,7,4,1,1,0,89,0,SCH0266,Govt. Primary School Varanasi-266,0
TCH06432,Usha Sharma,27,Social Science,4,4,1,0,0,224,0,SCH0298,Govt. Senior Secondary School Varanasi-298,0
TCH06433,Priya Aggarwal,61,English,18,14,1,0,0,271,1,SCH0238,Govt. Primary School South-238,1
TCH06434,Shanti Iyer,47,Computer Science,1,1,1,0,0,102,0,SCH0006,Govt. Senior Secondary School West-6,0
TCH06435,Harish Naidu,56,Physics,10,3,4,0,1,72,1,SCH0194,Govt. Middle School Ajmer-194,1
TCH06436,Saroj Malhotra,47,Sanskrit,14,8,7,0,0,323,0,SCH0037,Govt. High School Jaipur-37,1
TCH06437,Sanjay Aggarwal,32,Computer Science,7,4,7,1,0,437,1,SCH0161,Govt. Middle School Kanpur-161,1
TCH06438,Pushpa Tiwari,46,Geography,22,13,9,0,0,169,1,SCH0230,Govt. High School West-230,1
TCH06439,Pooja Shukla,31,Chemistry,6,6,4,0,0,372,0,SCH0360,Govt. Senior Secondary School Bikaner-360,1
TCH06440,Nita Patel,59,Geography,15,2,10,0,0,184,0,SCH0325,Govt. Primary School Udaipur-325,0
TCH06441,Ashok Chaudhary,60,Hindi,12,9,1,0,0,368,0,SCH0380,Govt. Primary School Agra-380,1
TCH06442,Pooja Chauhan,33,Biology,5,1,4,0,0,449,0,SCH0138,Govt. Middle School Bikaner-138,0
TCH06443,Ashok Aggarwal,25,English,2,1,2,0,0,241,0,SCH0243,Govt. Middle School Kanpur-243,0
TCH06444,Dinesh Pillai,28,English,4,1,3,0,0,120,0,SCH0082,Govt. Primary School West-82,0
TCH06445,Pankaj Gupta,36,Chemistry,1,1,1,0,1,470,0,SCH0009,Govt. Middle School Gurgaon-9,1
TCH06446,Sunil Gupta,26,English,1,1,1,0,1,258,0,SCH0179,Govt. Middle School North-179,1
TCH06447,Ajay Kumar,52,Mathematics,10,4,1,1,0,345,0,SCH0415,Govt. Middle School East-415,1
TCH06448,Shanti Pillai,55,Physical Education,2,2,0,0,0,306,1,SCH0335,Govt. Primary School Noida-335,0
TCH06449,Arun Kumar,33,Geography,3,2,2,0,0,156,0,SCH0475,Govt. Primary School Kanpur-475,0
TCH06450,Kavita Gupta,26,Physics,3,3,1,1,0,357,0,SCH0147,Govt. High School Gurgaon-147,1
TCH06451,Pankaj Yadav,43,Mathematics,14,13,10,1,0,247,1,SCH0474,Govt. Primary School Gurgaon-474,1
TCH06452,Anita Pandey,32,Physics,3,1,3,0,0,497,0,SCH0078,Govt. Middle School Gurgaon-78,0
TCH06453,Anita Shukla,53,Hindi,24,14,2,0,0,8,0,SCH0388,Govt. Senior Secondary School Noida-388,0
TCH06454,Geeta Chauhan,42,Computer Science,11,4,7,1,0,66,0,SCH0224,Govt. Primary School South-224,1
TCH06455,Meena Reddy,35,Chemistry,8,6,6,1,0,145,0,SCH0369,Govt. Middle School Central-369,1
TCH06456,Saroj Kaur,49,Social Science,13,8,6,1,0,247,0,SCH0089,Govt. High School Central-89,1
TCH06457,Pooja Verma,59,Chemistry,19,2,12,1,0,120,0,SCH0341,Govt. High School Gurgaon-341,1
TCH06458,Vikram Pandey,57,Computer Science,31,5,2,0,1,441,1,SCH0194,Govt. Middle School Ajmer-194,1
TCH06459,Saroj Nair,54,Mathematics,18,18,4,0,0,23,1,SCH0133,Govt. High School East-133,1
TCH06460,Devika Pandey,58,Science,6,6,6,1,0,59,0,SCH0331,Govt. Senior Secondary School Jodhpur-331,1
TCH06461,Nita Kaur,27,Science,2,1,2,0,0,10,0,SCH0100,Govt. Senior Secondary School Gurgaon-100,0
TCH06462,Sunil Malhotra,48,Sanskrit,23,15,12,0,0,171,0,SCH0115,Govt. High School Jodhpur-115,1
TCH06463,Amit Tiwari,28,Geography,3,1,2,0,0,299,1,SCH0021,Govt. Middle School Faridabad-21,0
TCH06464,Ramesh Bhat,61,Sanskrit,29,18,4,1,0,409,1,SCH0274,Govt. High School Agra-274,1
TCH06465,Vikram Bansal,27,Computer Science,2,1,2,0,1,322,0,SCH0081,Govt. High School Gurgaon-81,1
TCH06466,Pooja Garg,61,English,4,2,1,0,0,442,1,SCH0043,Govt. Senior Secondary School Ajmer-43,0
TCH06467,Pooja Aggarwal,38,Science,14,8,9,0,0,384,1,SCH0049,Govt. Senior Secondary School Agra-49,1
TCH06468,Vinod Nair,47,Computer Science,6,5,1,0,0,396,1,SCH0191,Govt. Middle School Gurgaon-191,1
TCH06469,Kavita Bhat,44,Physics,18,8,13,0,0,286,1,SCH0467,Govt. High School Jaipur-467,1
TCH06470,Meena Garg,36,Chemistry,1,1,0,1,0,121,1,SCH0276,Govt. High School South-276,0
TCH06471,Pankaj Menon,52,Biology,28,6,12,0,0,266,0,SCH0279,Govt. Primary School Kanpur-279,1
TCH06472,Rekha Mittal,43,Mathematics,9,8,7,1,0,309,0,SCH0206,Govt. High School Lucknow-206,1
TCH06473,Anita Singh,38,History,9,6,0,1,0,418,0,SCH0054,Govt. High School West-54,1
TCH06474,Mahesh Menon,24,History,1,1,0,0,0,277,1,SCH0168,Govt. High School Kota-168,0
TCH06475,Naresh Joshi,59,Social Science,32,6,3,1,0,130,0,SCH0030,Govt. High School North-30,1
TCH06476,Deepak Bansal,34,Sanskrit,8,5,4,0,0,232,0,SCH0385,Govt. Senior Secondary School Noida-385,1
TCH06477,Rajesh Verma,28,Art,4,4,2,0,0,388,0,SCH0345,Govt. High School Ajmer-345,0
TCH06478,Pooja Pillai,58,History,8,4,8,0,0,148,1,SCH0199,Govt. High School Bikaner-199,0
TCH06479,Pushpa Chauhan,32,Computer Science,7,4,2,1,1,91,1,SCH0469,Govt. High School Gurgaon-469,1
TCH06480,Mukesh Mishra,52,Sanskrit,19,4,1,0,0,6,1,SCH0269,Govt. Middle School East-269,0
TCH06481,Kamla Pandey,35,Art,4,3,1,0,0,55,0,SCH0161,Govt. Middle School Kanpur-161,0
TCH06482,Naresh Reddy,35,Chemistry,9,8,4,0,0,341,0,SCH0378,Govt. High School Udaipur-378,1
TCH06483,Lakshmi Kaur,36,Social Science,7,6,6,0,0,80,0,SCH0145,Govt. Primary School Bikaner-145,0
TCH06484,Kavita Iyer,52,Chemistry,16,6,0,0,0,118,0,SCH0397,Govt. Senior Secondary School Udaipur-397,0
TCH06485,Deepak Yadav,25,Social Science,1,1,0,1,0,377,1,SCH0371,Govt. Primary School Ghaziabad-371,1
TCH06486,Pooja Singh,57,Geography,4,3,3,0,1,488,1,SCH0338,Govt. Primary School Faridabad-338,1
TCH06487,Radha Aggarwal,45,English,20,2,9,0,0,358,0,SCH0073,Govt. High School Central-73,1
TCH06488,Vikram Yadav,43,English,6,3,4,0,0,366,0,SCH0092,Govt. Primary School Kanpur-92,0
TCH06489,Rekha Bhat,46,Science,21,19,8,0,0,82,0,SCH0009,Govt. Middle School Gurgaon-9,1
TCH06490,Vinod Patel,48,Geography,5,4,2,0,1,430,0,SCH0024,Govt. Middle School Central-24,1
TCH06491,Sunil Yadav,51,Art,1,1,0,1,1,74,0,SCH0130,Govt. High School East-130,1
TCH06492,Kavita Joshi,46,Physical Education,22,14,0,0,0,378,0,SCH0498,Govt. Primary School Gurgaon-498,1
TCH06493,Harish Jain,59,Geography,22,2,10,0,0,310,0,SCH0249,Govt. Senior Secondary School West-249,1
TCH06494,Kavita Gupta,27,Biology,3,2,0,0,0,366,0,SCH0396,Govt. Primary School Kota-396,0
TCH06495,Saroj Chauhan,45,English,4,2,2,1,0,42,0,SCH0442,Govt. High School Gurgaon-442,0
TCH06496,Pankaj Pillai,56,Geography,13,7,11,1,0,157,1,SCH0423,Govt. Senior Secondary School Lucknow-423,1
TCH06497,Saroj Tiwari,32,Geography,6,5,6,1,0,180,0,SCH0305,Govt. Primary School Noida-305,1
TCH06498,Kamla Singh,28,Computer Science,4,4,1,0,0,352,0,SCH0354,Govt. Middle School North-354,0
TCH06499,Harish Bhat,54,Hindi,3,3,3,1,0,28,0,SCH0083,Govt. Primary School Udaipur-83,1
TCH06500,Devika Sharma,25,Mathematics,1,1,1,1,0,45,0,SCH0057,Govt. Primary School New-57,0
TCH06501,Radha Chaudhary,30,Chemistry,7,7,3,1,1,468,1,SCH0113,Govt. High School Jodhpur-113,1
TCH06502,Arun Bhat,37,Mathematics,11,11,3,0,0,358,0,SCH0011,Govt. Middle School Lucknow-11,1
TCH06503,Rajesh Dubey,61,Hindi,8,3,4,0,0,249,1,SCH0032,Govt. High School Jodhpur-32,1
TCH06504,Arun Menon,31,Physics,6,2,6,1,0,404,0,SCH0383,Govt. Middle School Gurgaon-383,1
TCH06505,Sunil Shukla,33,Hindi,4,3,0,0,0,196,0,SCH0100,Govt. Senior Secondary School Gurgaon-100,0
TCH06506,Suresh Sharma,50,Physics,7,5,0,1,0,121,0,SCH0447,Govt. Middle School East-447,1
TCH06507,Amit Pandey,39,Art,10,3,2,0,0,316,1,SCH0324,Govt. Middle School Central-324,0
TCH06508,Seema Mishra,29,History,3,3,2,0,1,168,1,SCH0092,Govt. Primary School Kanpur-92,0
TCH06509,Geeta Menon,42,Physical Education,13,11,1,0,0,216,1,SCH0461,Govt. Middle School South-461,1
TCH06510,Dinesh Menon,51,Physical Education,13,11,9,0,1,21,1,SCH0001,Govt. Senior Secondary School West-1,1
TCH06511,Pankaj Bansal,32,Art,8,7,6,1,0,494,0,SCH0083,Govt. Primary School Udaipur-83,1
TCH06512,Arun Naidu,51,Art,21,1,14,0,1,206,0,SCH0316,Govt. Senior Secondary School South-316,1
TCH06513,Saroj Verma,56,Mathematics,15,13,0,0,0,244,0,SCH0290,Govt. High School North-290,1
TCH06514,Lakshmi Menon,35,Physical Education,11,6,2,0,1,395,0,SCH0231,Govt. Senior Secondary School Gurgaon-231,1
TCH06515,Arun Bansal,43,Biology,13,1,1,0,0,169,0,SCH0222,Govt. High School Varanasi-222,0
TCH06516,Radha Jain,24,Hindi,1,1,1,0,0,31,0,SCH0388,Govt. Senior Secondary School Noida-388,0
TCH06517,Ramesh Patel,25,Sanskrit,1,1,0,0,0,286,1,SCH0440,Govt. High School Lucknow-440,0
TCH06518,Nita Mittal,56,Sanskrit,8,6,0,1,0,435,1,SCH0285,Govt. Middle School Kanpur-285,1
TCH06519,Saroj Mittal,35,Chemistry,11,4,3,0,0,339,0,SCH0257,Govt. Middle School West-257,1
TCH06520,Nita Yadav,31,Sanskrit,4,2,2,0,0,213,0,SCH0345,Govt. High School Ajmer-345,0
TCH06521,Pankaj Mittal,28,Physical Education,5,3,2,0,0,304,0,SCH0248,Govt. High School Central-248,0
TCH06522,Harish Pandey,37,Computer Science,11,7,0,0,0,440,0,SCH0043,Govt. Senior Secondary School Ajmer-43,1
TCH06523,Sunil Jain,29,Art,6,6,4,0,0,412,0,SCH0059,Govt. Senior Secondary School Central-59,1
TCH06524,Lakshmi Patel,34,Chemistry,6,4,2,1,0,472,1,SCH0385,Govt. Senior Secondary School Noida-385,1
TCH06525,Suresh Mishra,45,Chemistry,9,8,1,1,0,42,0,SCH0233,Govt. Primary School Jodhpur-233,1
TCH06526,Rekha Malhotra,54,Science,10,1,2,1,0,219,0,SCH0283,Govt. Primary School New-283,1
TCH06527,Vikram Yadav,35,English,7,4,7,1,0,303,0,SCH0001,Govt. Senior Secondary School West-1,1
TCH06528,Harish Aggarwal,24,English,1,1,0,0,1,488,1,SCH0340,Govt. High School Ajmer-340,1
TCH06529,Ramesh Bhat,32,Geography,6,6,4,0,0,399,0,SCH0103,Govt. Middle School Faridabad-103,1
TCH06530,Suresh Naidu,30,History,3,2,0,0,0,235,1,SCH0079,Govt. Senior Secondary School North-79,0
TCH06531,Harish Kaur,30,Hindi,3,3,2,0,0,0,1,SCH0435,Govt. Primary School Noida-435,0
TCH06532,Pooja Chauhan,54,Physical Education,5,3,0,0,0,457,0,SCH0179,Govt. Middle School North-179,0
TCH06533,Vikram Nair,38,Biology,5,2,2,0,0,149,0,SCH0308,Govt. Primary School Varanasi-308,0
TCH06534,Priya Shukla,47,Biology,4,2,3,0,0,466,0,SCH0167,Govt. Middle School Jaipur-167,0
TCH06535,Naresh Singh,54,Computer Science,7,4,1,1,0,470,0,SCH0253,Govt. Middle School Gurgaon-253,1
TCH06536,Radha Malhotra,54,Computer Science,9,3,7,0,0,163,0,SCH0023,Govt. High School Faridabad-23,0
TCH06537,Shanti Bansal,44,Geography,12,4,4,1,0,135,0,SCH0371,Govt. Primary School Ghaziabad-371,1
TCH06538,Rajesh Reddy,42,History,7,1,2,0,0,291,1,SCH0086,Govt. High School Jaipur-86,0
TCH06539,Suresh Garg,31,Computer Science,6,4,4,0,0,386,0,SCH0268,Govt. Middle School North-268,0
TCH06540,Seema Mishra,52,Art,18,11,11,1,0,53,0,SCH0417,Govt. Primary School New-417,1
TCH06541,Saroj Kumar,57,Biology,9,8,4,1,1,300,1,SCH0039,Govt. Senior Secondary School North-39,1
TCH06542,Yogesh Chaudhary,36,Science,10,9,3,0,1,91,0,SCH0311,Govt. High School Jaipur-311,1
TCH06543,Harish Bhat,47,Science,10,6,4,0,0,347,0,SCH0236,Govt. Senior Secondary School Jaipur-236,1
TCH06544,Anita Chaudhary,44,Geography,13,1,8,0,0,308,1,SCH0181,Govt. Middle School Kota-181,1
TCH06545,Sunil Reddy,31,Hindi,7,7,2,0,0,116,0,SCH0437,Govt. Primary School Varanasi-437,0
TCH06546,Rekha Dubey,58,Computer Science,22,7,4,1,0,490,0,SCH0278,Govt. Senior Secondary School Lucknow-278,1
TCH06547,Pooja Kaur,58,Computer Science,22,9,3,0,0,375,0,SCH0255,Govt. High School Varanasi-255,1
TCH06548,Meena Bhat,54,Chemistry,22,12,14,0,0,68,0,SCH0009,Govt. Middle School Gurgaon-9,1
TCH06549,Shanti Bhat,34,Sanskrit,6,1,4,1,0,236,1,SCH0193,Govt. Senior Secondary School West-193,1
TCH06550,Sunil Shukla,37,Art,6,3,1,0,0,423,0,SCH0205,Govt. Senior Secondary School East-205,0
TCH06551,Saroj Garg,44,Physics,17,1,11,0,0,265,0,SCH0088,Govt. High School Ghaziabad-88,1
TCH06552,Suresh Kumar,48,Physics,13,1,8,0,0,61,0,SCH0295,Govt. Middle School New-295,0
TCH06553,Nita Joshi,31,Geography,2,1,0,1,0,329,0,SCH0230,Govt. High School West-230,1
TCH06554,Anita Pillai,32,English,3,1,0,0,0,170,0,SCH0260,Govt. High School Lucknow-260,0
TCH06555,Ashok Mishra,27,Geography,2,2,1,1,0,411,1,SCH0176,Govt. Middle School Udaipur-176,1
TCH06556,Radha Reddy,25,Computer Science,1,1,1,0,0,274,1,SCH0140,Govt. Primary School Udaipur-140,0
TCH06557,Yogesh Kaur,36,Social Science,6,4,6,0,0,344,0,SCH0005,Govt. Primary School New-5,0
TCH06558,Deepak Pillai,43,Sanskrit,12,4,0,0,0,354,0,SCH0454,Govt. Primary School Faridabad-454,0
TCH06559,Priya Chauhan,61,Social Science,27,7,10,0,0,237,1,SCH0312,Govt. Primary School Kanpur-312,1
TCH06560,Mukesh Kumar,36,Art,5,2,2,1,0,493,0,SCH0322,Govt. High School Central-322,1
TCH06561,Pankaj Chaudhary,58,Geography,13,6,11,1,0,85,1,SCH0317,Govt. Middle School Jodhpur-317,1
TCH06562,Vikram Malhotra,61,Biology,19,19,4,0,0,418,0,SCH0156,Govt. Middle School South-156,1
TCH06563,Saroj Shukla,61,Biology,17,16,1,0,0,409,0,SCH0294,Govt. Middle School East-294,1
TCH06564,Devika Sharma,43,History,11,3,9,0,0,239,0,SCH0012,Govt. High School East-12,1
TCH06565,Ajay Chauhan,37,Social Science,8,1,4,0,0,158,0,SCH0401,Govt. Senior Secondary School Varanasi-401,0
TCH06566,Pushpa Tiwari,40,History,17,7,9,0,0,364,1,SCH0352,Govt. Middle School Varanasi-352,1
TCH06567,Saroj Garg,46,Geography,3,2,0,0,0,66,0,SCH0181,Govt. Middle School Kota-181,0
TCH06568,Lakshmi Tiwari,33,Science,4,3,3,0,0,341,0,SCH0146,Govt. Middle School Central-146,0
TCH06569,Harish Yadav,36,Art,6,5,1,0,0,88,1,SCH0489,Govt. Senior Secondary School Kanpur-489,0
TCH06570,Harish Garg,49,Social Science,26,6,5,0,1,246,0,SCH0312,Govt. Primary School Kanpur-312,1
TCH06571,Pankaj Chauhan,56,Hindi,13,7,11,0,0,7,0,SCH0058,Govt. Senior Secondary School Central-58,1
TCH06572,Savita Nair,24,Computer Science,1,1,0,0,0,348,1,SCH0148,Govt. High School East-148,0
TCH06573,Nita Shukla,46,Physical Education,5,5,1,0,0,245,0,SCH0176,Govt. Middle School Udaipur-176,0
TCH06574,Sunil Aggarwal,48,History,20,10,6,0,0,196,1,SCH0298,Govt. Senior Secondary School Varanasi-298,1
TCH06575,Naresh Joshi,37,Art,7,4,3,0,0,424,0,SCH0055,Govt. Middle School Noida-55,0
TCH06576,Sunil Sharma,54,Social Science,4,2,3,0,0,75,0,SCH0300,Govt. Primary School Central-300,0
TCH06577,Ashok Sharma,52,Art,15,8,3,1,0,37,1,SCH0149,Govt. Primary School Central-149,1
TCH06578,Arun Naidu,50,Computer Science,23,11,13,0,0,0,1,SCH0310,Govt. Middle School West-310,1
TCH06579,Lakshmi Mittal,47,Mathematics,18,17,3,1,0,110,1,SCH0264,Govt. Primary School Udaipur-264,1
TCH06580,Arun Singh,56,Sanskrit,10,2,8,0,0,154,1,SCH0168,Govt. High School Kota-168,0
TCH06581,Amit Patel,43,Chemistry,13,11,2,0,0,371,0,SCH0455,Govt. Senior Secondary School Ajmer-455,1
TCH06582,Savita Verma,45,Chemistry,19,9,2,1,1,496,0,SCH0072,Govt. Middle School Udaipur-72,1
TCH06583,Vinod Menon,25,Geography,2,1,2,0,0,77,1,SCH0205,Govt. Senior Secondary School East-205,0
TCH06584,Sunita Sharma,60,Sanskrit,3,3,1,1,0,405,0,SCH0462,Govt. Primary School Noida-462,1
TCH06585,Pooja Tiwari,54,History,26,18,13,0,0,330,1,SCH0279,Govt. Primary School Kanpur-279,1
TCH06586,Mahesh Dubey,46,History,12,3,5,0,0,147,0,SCH0427,Govt. Primary School Faridabad-427,0
TCH06587,Ramesh Sharma,43,History,14,8,8,0,0,213,1,SCH0054,Govt. High School West-54,1
TCH06588,Sunil Pillai,54,History,28,12,0,0,0,225,0,SCH0450,Govt. High School Kanpur-450,1
TCH06589,Amit Pandey,26,Biology,3,3,3,1,0,14,0,SCH0098,Govt. High School Agra-98,1
TCH06590,Sunil Menon,60,Hindi,7,3,1,0,0,315,0,SCH0157,Govt. Senior Secondary School Jodhpur-157,0
TCH06591,Ajay Kaur,28,Biology,1,1,0,0,0,337,0,SCH0317,Govt. Middle School Jodhpur-317,0
TCH06592,Suresh Menon,34,Physics,5,5,5,1,0,212,0,SCH0135,Govt. Middle School Central-135,1
TCH06593,Geeta Sharma,39,English,1,1,0,0,0,112,0,SCH0213,Govt. Senior Secondary School Kanpur-213,0
TCH06594,Yogesh Aggarwal,34,Physics,1,1,0,1,0,26,0,SCH0474,Govt. Primary School Gurgaon-474,0
TCH06595,Rajesh Verma,54,Mathematics,27,12,8,0,1,398,0,SCH0469,Govt. High School Gurgaon-469,1
TCH06596,Amit Naidu,26,Physics,2,1,1,1,1,212,0,SCH0109,Govt. High School Jaipur-109,1
TCH06597,Naresh Malhotra,55,Computer Science,9,1,4,0,0,423,1,SCH0369,Govt. Middle School Central-369,1
TCH06598,Suresh Pillai,33,Sanskrit,8,1,8,0,0,429,0,SCH0207,Govt. Middle School Varanasi-207,0
TCH06599,Ajay Dubey,39,Computer Science,14,9,8,0,0,10,0,SCH0399,Govt. High School North-399,1
TCH06600,Priya Jain,61,Physics,10,5,1,1,0,43,1,SCH0105,Govt. Primary School Ajmer-105,1
TCH06601,Vinod Singh,59,History,22,12,6,1,0,484,0,SCH0199,Govt. High School Bikaner-199,1
TCH06602,Vikas Yadav,45,Sanskrit,15,13,1,0,0,452,0,SCH0134,Govt. Primary School Noida-134,1
TCH06603,Sunil Naidu,44,Sanskrit,17,1,8,0,1,155,0,SCH0225,Govt. Primary School Agra-225,1
TCH06604,Vinod Chaudhary,60,Biology,3,1,2,1,0,130,0,SCH0460,Govt. High School Ghaziabad-460,0
TCH06605,Sunita Nair,49,Art,22,17,1,0,0,399,0,SCH0292,Govt. High School Jodhpur-292,1
TCH06606,Priya Reddy,29,Science,6,4,0,1,1,203,0,SCH0246,Govt. Senior Secondary School Central-246,1
TCH06607,Mukesh Patel,52,Chemistry,27,5,9,1,0,330,0,SCH0272,Govt. Middle School East-272,1
TCH06608,Amit Sharma,56,Science,6,4,1,0,1,477,0,SCH0450,Govt. High School Kanpur-450,1
TCH06609,Nita Chaudhary,28,Physics,2,1,2,1,0,85,0,SCH0324,Govt. Middle School Central-324,0
TCH06610,Kavita Verma,45,Hindi,6,6,0,0,0,408,0,SCH0455,Govt. Senior Secondary School Ajmer-455,0
TCH06611,Vinod Joshi,58,Social Science,24,8,7,0,0,334,1,SCH0139,Govt. Senior Secondary School Ajmer-139,1
TCH06612,Ajay Iyer,52,Mathematics,2,2,1,0,0,94,1,SCH0068,Govt. Senior Secondary School South-68,0
TCH06613,Mukesh Tiwari,50,Computer Science,25,10,13,0,1,285,1,SCH0202,Govt. High School West-202,1
TCH06614,Radha Menon,49,Chemistry,22,2,6,0,0,88,0,SCH0176,Govt. Middle School Udaipur-176,0
TCH06615,Shanti Patel,25,Social Science,2,1,2,0,0,106,0,SCH0420,Govt. Senior Secondary School Lucknow-420,0
TCH06616,Amit Shukla,24,English,1,1,1,1,0,159,0,SCH0482,Govt. Primary School Jaipur-482,0
TCH06617,Deepak Singh,24,Physics,1,1,1,0,0,308,0,SCH0404,Govt. High School Central-404,0
TCH06618,Dinesh Iyer,51,Geography,19,7,9,0,0,208,0,SCH0467,Govt. High School Jaipur-467,1
TCH06619,Mukesh Kumar,41,Physics,7,7,2,0,0,406,0,SCH0224,Govt. Primary School South-224,0
TCH06620,Radha Malhotra,37,English,11,8,8,0,0,201,0,SCH0478,Govt. Senior Secondary School Lucknow-478,1
TCH06621,Pooja Singh,46,Geography,10,2,4,1,0,0,0,SCH0095,Govt. Primary School New-95,1
TCH06622,Usha Mishra,58,Hindi,7,4,1,0,0,150,0,SCH0005,Govt. Primary School New-5,0
TCH06623,Vinod Chauhan,34,Art,3,3,3,1,0,417,0,SCH0478,Govt. Senior Secondary School Lucknow-478,1
TCH06624,Mahesh Rao,53,Social Science,28,15,13,0,0,96,0,SCH0016,Govt. Middle School Gurgaon-16,1
TCH06625,Naresh Joshi,38,History,15,14,9,0,0,312,1,SCH0246,Govt. Senior Secondary School Central-246,1
TCH06626,Ashok Dubey,43,Geography,17,7,11,0,0,221,0,SCH0148,Govt. High School East-148,1
TCH06627,Ajay Chaudhary,54,Physics,1,1,1,0,1,88,0,SCH0115,Govt. High School Jodhpur-115,0
TCH06628,Suresh Garg,29,Sanskrit,6,4,2,0,1,401,0,SCH0088,Govt. High School Ghaziabad-88,1
TCH06629,Ramesh Menon,43,Hindi,10,10,4,0,0,74,0,SCH0419,Govt. Primary School Central-419,1
TCH06630,Rajesh Rao,38,Sanskrit,6,3,2,0,0,452,0,SCH0161,Govt. Middle School Kanpur-161,0
TCH06631,Deepak Joshi,36,Physics,4,4,0,0,0,416,0,SCH0042,Govt. High School Jodhpur-42,0
TCH06632,Dinesh Yadav,28,Science,5,1,4,1,0,126,0,SCH0374,Govt. Senior Secondary School Bikaner-374,1
TCH06633,Ajay Verma,25,Mathematics,2,1,0,0,0,308,0,SCH0086,Govt. High School Jaipur-86,0
TCH06634,Geeta Shukla,45,English,3,2,3,0,0,375,0,SCH0380,Govt. Primary School Agra-380,0
TCH06635,Pooja Gupta,31,Sanskrit,4,2,1,0,0,312,1,SCH0338,Govt. Primary School Faridabad-338,0
TCH06636,Mukesh Mishra,38,Art,11,10,3,0,0,139,1,SCH0035,Govt. Primary School South-35,1
TCH06637,Meena Reddy,46,Biology,13,6,9,0,1,331,0,SCH0328,Govt. Primary School New-328,1
TCH06638,Arun Chaudhary,28,Art,2,2,1,1,1,208,0,SCH0254,Govt. Primary School Jaipur-254,1
TCH06639,Sunil Reddy,53,History,9,7,2,0,0,97,0,SCH0139,Govt. Senior Secondary School Ajmer-139,0
TCH06640,Geeta Iyer,26,Physics,1,1,1,1,0,478,0,SCH0375,Govt. Primary School South-375,1
TCH06641,Ashok Bhat,32,Computer Science,7,1,1,1,0,321,0,SCH0285,Govt. Middle School Kanpur-285,1
TCH06642,Devika Pandey,54,English,1,1,1,0,0,77,0,SCH0165,Govt. Primary School Gurgaon-165,0
TCH06643,Anita Naidu,54,Social Science,17,11,14,1,0,284,0,SCH0093,Govt. Primary School Kanpur-93,1
TCH06644,Dinesh Kumar,52,Physical Education,12,2,11,0,1,272,0,SCH0088,Govt. High School Ghaziabad-88,1
TCH06645,Ashok Singh,27,Chemistry,4,4,4,0,0,191,1,SCH0440,Govt. High School Lucknow-440,0
TCH06646,Harish Pandey,39,Biology,11,2,1,0,0,153,0,SCH0060,Govt. High School Noida-60,0
TCH06647,Saroj Gupta,25,Biology,1,1,1,0,0,394,0,SCH0189,Govt. Senior Secondary School Noida-189,0
TCH06648,Sunita Pandey,53,Mathematics,22,7,10,1,1,392,1,SCH0035,Govt. Primary School South-35,1
TCH06649,Sunita Dubey,25,Social Science,1,1,1,0,0,111,1,SCH0271,Govt. Middle School Lucknow-271,0
TCH06650,Anita Tiwari,49,Biology,9,2,4,0,0,69,1,SCH0307,Govt. Middle School Kanpur-307,0
TCH06651,Rekha Tiwari,46,Biology,22,14,13,0,0,314,0,SCH0233,Govt. Primary School Jodhpur-233,1
TCH06652,Shanti Reddy,36,Hindi,10,6,2,1,0,144,1,SCH0118,Govt. Middle School Agra-118,1
TCH06653,Meena Joshi,28,Biology,5,5,5,0,0,78,0,SCH0183,Govt. Senior Secondary School Jodhpur-183,0
TCH06654,Kamla Kaur,56,Physical Education,2,2,2,0,1,469,1,SCH0448,Govt. Senior Secondary School West-448,1
TCH06655,Vinod Singh,25,Sanskrit,1,1,1,0,0,134,0,SCH0437,Govt. Primary School Varanasi-437,0
TCH06656,Savita Singh,54,Physics,31,5,3,1,0,45,0,SCH0405,Govt. Middle School Lucknow-405,1
TCH06657,Rekha Bhat,61,Art,13,4,5,0,1,5,1,SCH0298,Govt. Senior Secondary School Varanasi-298,1
TCH06658,Savita Yadav,33,Social Science,10,1,7,1,0,213,1,SCH0293,Govt. High School Jaipur-293,1
TCH06659,Ajay Yadav,48,Mathematics,17,16,3,1,0,16,0,SCH0149,Govt. Primary School Central-149,1
TCH06660,Ramesh Rao,59,History,23,9,1,1,0,127,0,SCH0171,Govt. Middle School Ajmer-171,1
TCH06661,Priya Mishra,55,Hindi,28,18,9,0,0,148,0,SCH0274,Govt. High School Agra-274,1
TCH06662,Kamla Yadav,24,Chemistry,1,1,0,0,0,354,0,SCH0064,Govt. High School Jodhpur-64,0
TCH06663,Vikram Bhat,50,Hindi,20,16,4,1,0,488,0,SCH0043,Govt. Senior Secondary School Ajmer-43,1
TCH06664,Kamla Jain,25,Geography,1,1,0,0,0,208,0,SCH0123,Govt. Middle School Central-123,0
TCH06665,Radha Jain,40,Mathematics,2,1,0,0,0,32,1,SCH0094,Govt. Middle School Gurgaon-94,0
TCH06666,Mukesh Nair,28,History,5,3,1,1,0,345,0,SCH0263,Govt. High School Faridabad-263,1
TCH06667,Pooja Aggarwal,52,History,25,3,11,0,0,262,0,SCH0456,Govt. Senior Secondary School Ghaziabad-456,1
TCH06668,Dinesh Aggarwal,52,English,3,3,1,1,0,201,1,SCH0035,Govt. Primary School South-35,1
TCH06669,Sunil Rao,45,Hindi,16,3,14,1,1,490,0,SCH0246,Govt. Senior Secondary School Central-246,1
TCH06670,Vinod Bansal,57,History,33,19,3,0,0,11,0,SCH0005,Govt. Primary School New-5,1
TCH06671,Pooja Pandey,34,Computer Science,2,2,0,0,0,53,1,SCH0223,Govt. Middle School Gurgaon-223,0
TCH06672,Ashok Patel,48,Science,10,10,0,0,0,371,0,SCH0033,Govt. Primary School Jodhpur-33,1
TCH06673,Rekha Chaudhary,28,Physics,2,2,1,0,0,237,1,SCH0228,Govt. Senior Secondary School Kanpur-228,0
TCH06674,Nita Jain,56,Physics,25,6,13,0,0,118,0,SCH0426,Govt. High School Jodhpur-426,1
TCH06675,Ramesh Rao,42,Art,12,9,12,0,0,221,0,SCH0374,Govt. Senior Secondary School Bikaner-374,1
TCH06676,Harish Verma,32,Science,1,1,1,1,0,384,1,SCH0413,Govt. High School Ajmer-413,1
TCH06677,Vikas Garg,43,Science,5,4,0,0,0,12,0,SCH0263,Govt. High School Faridabad-263,0
TCH06678,Radha Naidu,37,Biology,5,1,1,1,0,445,0,SCH0183,Govt. Senior Secondary School Jodhpur-183,1
TCH06679,Vinod Tiwari,51,Sanskrit,6,1,0,0,0,320,0,SCH0097,Govt. Primary School Central-97,0
TCH06680,Pushpa Gupta,55,Physical Education,14,1,13,1,0,358,0,SCH0196,Govt. Middle School Jaipur-196,1
TCH06681,Yogesh Kaur,35,Chemistry,6,4,5,0,0,444,0,SCH0246,Govt. Senior Secondary School Central-246,0
TCH06682,Arun Pillai,25,Art,2,2,0,0,0,450,0,SCH0478,Govt. Senior Secondary School Lucknow-478,0
TCH06683,Anita Jain,54,Science,28,3,0,0,0,463,0,SCH0204,Govt. Middle School Agra-204,0
TCH06684,Ramesh Yadav,58,Sanskrit,8,8,6,1,0,224,1,SCH0159,Govt. High School North-159,1
TCH06685,Deepak Pillai,41,Geography,10,4,0,0,0,358,1,SCH0203,Govt. Primary School Kanpur-203,0
TCH06686,Mahesh Mittal,36,Chemistry,9,3,0,1,1,12,0,SCH0295,Govt. Middle School New-295,1
TCH06687,Radha Tiwari,44,Physics,20,2,2,0,0,348,0,SCH0323,Govt. Middle School Central-323,0
TCH06688,Saroj Pillai,31,Geography,4,1,3,0,0,433,0,SCH0027,Govt. High School Central-27,0
TCH06689,Priya Bhat,57,Mathematics,9,8,4,0,0,46,0,SCH0300,Govt. Primary School Central-300,0
TCH06690,Sunita Menon,25,Geography,1,1,1,0,0,162,0,SCH0058,Govt. Senior Secondary School Central-58,0
TCH06691,Usha Rao,33,Hindi,8,2,0,1,0,190,1,SCH0284,Govt. Primary School Bikaner-284,0
TCH06692,Priya Menon,48,Hindi,10,5,6,0,0,499,1,SCH0296,Govt. Middle School North-296,1
TCH06693,Usha Patel,49,Science,13,5,11,0,1,460,1,SCH0427,Govt. Primary School Faridabad-427,1
TCH06694,Anita Menon,42,Geography,13,12,10,0,0,97,0,SCH0361,Govt. High School South-361,1
TCH06695,Kamla Joshi,46,Social Science,8,2,5,1,0,333,0,SCH0210,Govt. Middle School West-210,1
TCH06696,Vinod Shukla,41,Social Science,15,6,13,0,0,437,0,SCH0088,Govt. High School Ghaziabad-88,1
TCH06697,Harish Malhotra,28,History,3,3,2,0,0,93,1,SCH0377,Govt. Middle School Agra-377,0
TCH06698,Saroj Malhotra,53,Sanskrit,25,17,3,0,0,197,1,SCH0153,Govt. Primary School Ghaziabad-153,1
TCH06699,Saroj Kaur,34,Biology,5,2,5,0,1,432,1,SCH0344,Govt. Middle School Ghaziabad-344,1
TCH06700,Shanti Chauhan,32,English,4,4,0,1,0,351,0,SCH0299,Govt. Primary School Jaipur-299,1
TCH06701,Shanti Bansal,26,Art,2,2,2,0,0,284,0,SCH0288,Govt. Primary School Central-288,0
TCH06702,Pushpa Pandey,43,Computer Science,18,11,2,0,0,470,1,SCH0456,Govt. Senior Secondary School Ghaziabad-456,1
TCH06703,Vikas Dubey,41,Art,15,11,14,1,0,59,1,SCH0364,Govt. Primary School North-364,1
TCH06704,Deepak Nair,33,Physical Education,7,7,5,0,0,77,0,SCH0267,Govt. Senior Secondary School Bikaner-267,0
TCH06705,Anita Verma,59,English,18,15,0,0,0,303,0,SCH0057,Govt. Primary School New-57,1
TCH06706,Vikram Chauhan,40,Physical Education,15,8,1,1,0,242,0,SCH0074,Govt. Middle School Ajmer-74,1
TCH06707,Savita Kaur,56,History,1,1,0,0,1,138,0,SCH0299,Govt. Primary School Jaipur-299,0
TCH06708,Vikram Bansal,58,English,2,1,2,0,0,430,0,SCH0312,Govt. Primary School Kanpur-312,0
TCH06709,Kamla Menon,53,Hindi,6,5,5,1,0,407,0,SCH0154,Govt. Middle School Lucknow-154,1
TCH06710,Ajay Jain,49,Sanskrit,23,14,13,0,0,470,0,SCH0328,Govt. Primary School New-328,1
TCH06711,Anita Chauhan,60,Mathematics,12,5,4,1,0,235,1,SCH0232,Govt. High School Bikaner-232,1
TCH06712,Usha Malhotra,35,Geography,6,6,4,0,0,237,0,SCH0475,Govt. Primary School Kanpur-475,1
TCH06713,Rekha Jain,51,Social Science,21,12,2,1,0,265,0,SCH0271,Govt. Middle School Lucknow-271,1
TCH06714,Usha Aggarwal,37,Science,6,5,6,0,0,480,0,SCH0474,Govt. Primary School Gurgaon-474,1
TCH06715,Seema Aggarwal,42,Hindi,6,3,6,1,0,423,1,SCH0405,Govt. Middle School Lucknow-405,1
TCH06716,Pushpa Malhotra,55,Sanskrit,14,4,3,0,0,149,1,SCH0218,Govt. Primary School Lucknow-218,0
TCH06717,Kamla Shukla,56,History,13,5,11,0,0,320,1,SCH0082,Govt. Primary School West-82,1
TCH06718,Anita Patel,45,Physical Education,8,3,1,0,1,180,1,SCH0054,Govt. High School West-54,0
TCH06719,Priya Yadav,53,History,23,18,4,1,0,365,1,SCH0112,Govt. Primary School Bikaner-112,1
TCH06720,Usha Malhotra,55,Chemistry,16,5,2,1,0,222,0,SCH0258,Govt. Primary School Faridabad-258,1
TCH06721,Sunil Singh,42,Art,16,9,12,1,0,34,0,SCH0435,Govt. Primary School Noida-435,1
TCH06722,Vikas Mishra,26,Geography,1,1,1,1,0,44,0,SCH0042,Govt. High School Jodhpur-42,0
TCH06723,Sunil Gupta,27,Social Science,3,2,2,0,0,116,1,SCH0252,Govt. Primary School Gurgaon-252,0
TCH06724,Usha Pillai,58,Mathematics,7,6,5,0,0,106,0,SCH0484,Govt. Middle School Lucknow-484,0
TCH06725,Priya Kaur,30,Art,6,5,2,1,0,328,0,SCH0455,Govt. Senior Secondary School Ajmer-455,1
TCH06726,Vikas Reddy,40,Sanskrit,8,4,5,0,0,470,0,SCH0317,Govt. Middle School Jodhpur-317,0
TCH06727,Suresh Chauhan,59,Biology,34,17,9,0,0,301,0,SCH0086,Govt. High School Jaipur-86,1
TCH06728,Sunita Dubey,42,Physics,8,1,1,0,0,82,0,SCH0296,Govt. Middle School North-296,0
TCH06729,Devika Garg,26,Chemistry,2,1,0,0,0,311,0,SCH0076,Govt. High School Jodhpur-76,0
TCH06730,Radha Pillai,37,Hindi,14,11,14,0,0,218,0,SCH0474,Govt. Primary School Gurgaon-474,1
TCH06731,Shanti Gupta,52,Computer Science,23,17,5,0,0,158,0,SCH0114,Govt. Middle School Bikaner-114,1
TCH06732,Ashok Kaur,28,History,4,3,1,0,0,200,1,SCH0425,Govt. High School Gurgaon-425,0
TCH06733,Priya Malhotra,50,Physical Education,27,10,7,0,0,228,0,SCH0276,Govt. High School South-276,1
TCH06734,Rajesh Malhotra,38,Sanskrit,5,4,4,0,0,102,0,SCH0238,Govt. Primary School South-238,0
TCH06735,Ashok Yadav,24,English,1,1,1,0,0,236,1,SCH0343,Govt. Senior Secondary School Central-343,0
TCH06736,Lakshmi Sharma,58,Physical Education,34,18,4,0,0,454,0,SCH0345,Govt. High School Ajmer-345,1
TCH06737,Kavita Singh,24,Geography,1,1,0,0,1,93,1,SCH0382,Govt. Senior Secondary School Jaipur-382,0
TCH06738,Anita Gupta,51,Mathematics,20,3,11,0,0,463,0,SCH0124,Govt. High School Ghaziabad-124,1
TCH06739,Sunil Kumar,35,Sanskrit,10,9,0,0,1,465,0,SCH0128,Govt. High School Bikaner-128,1
TCH06740,Mukesh Joshi,50,English,26,18,1,0,0,240,0,SCH0294,Govt. Middle School East-294,1
TCH06741,Ashok Dubey,56,Science,18,15,8,1,0,110,0,SCH0331,Govt. Senior Secondary School Jodhpur-331,1
TCH06742,Radha Verma,27,Geography,2,1,0,0,0,189,1,SCH0125,Govt. Primary School Jodhpur-125,0
TCH06743,Kamla Pandey,39,Sanskrit,8,4,6,0,0,360,0,SCH0031,Govt. Senior Secondary School East-31,0
TCH06744,Suresh Garg,46,History,19,14,10,0,0,213,0,SCH0274,Govt. High School Agra-274,1
TCH06745,Kavita Verma,55,Social Science,8,1,6,0,0,66,0,SCH0368,Govt. Middle School Varanasi-368,0
TCH06746,Sunita Mittal,46,English,8,4,7,0,0,194,0,SCH0168,Govt. High School Kota-168,0
TCH06747,Nita Bhat,54,Biology,12,1,11,1,0,445,1,SCH0154,Govt. Middle School Lucknow-154,1
TCH06748,Lakshmi Gupta,46,Physics,3,2,0,0,0,112,0,SCH0106,Govt. Middle School West-106,0
TCH06749,Kamla Rao,28,Hindi,2,1,0,0,0,244,1,SCH0478,Govt. Senior Secondary School Lucknow-478,0
TCH06750,Lakshmi Kumar,54,Biology,24,6,5,1,0,302,0,SCH0195,Govt. High School South-195,1
TCH06751,Nita Bhat,52,Physics,25,2,12,1,0,199,0,SCH0041,Govt. Primary School Faridabad-41,1
TCH06752,Ajay Shukla,50,Geography,24,12,10,0,0,245,0,SCH0261,Govt. Middle School West-261,1
TCH06753,Nita Dubey,41,Hindi,17,6,2,0,0,89,0,SCH0126,Govt. Senior Secondary School West-126,0
TCH06754,Saroj Verma,51,Physical Education,28,4,3,0,0,470,0,SCH0409,Govt. Senior Secondary School Agra-409,1
TCH06755,Usha Menon,58,Physics,11,2,5,0,0,283,0,SCH0004,Govt. Middle School Jaipur-4,1
TCH06756,Radha Gupta,57,Physics,22,8,5,1,0,257,1,SCH0500,Govt. Middle School Varanasi-500,1
TCH06757,Vinod Chauhan,44,Computer Science,12,9,10,0,0,115,1,SCH0325,Govt. Primary School Udaipur-325,1
TCH06758,Anita Reddy,41,Physics,11,5,3,0,0,166,0,SCH0127,Govt. High School Central-127,1
TCH06759,Naresh Bansal,41,Chemistry,1,1,1,0,0,485,0,SCH0441,Govt. Senior Secondary School Varanasi-441,0
TCH06760,Anita Rao,26,Geography,1,1,1,1,0,114,0,SCH0123,Govt. Middle School Central-123,0
TCH06761,Dinesh Dubey,25,Art,2,1,0,0,0,264,0,SCH0096,Govt. Senior Secondary School Kanpur-96,0
TCH06762,Kavita Singh,47,Chemistry,11,9,11,0,0,387,1,SCH0450,Govt. High School Kanpur-450,1
TCH06763,Geeta Shukla,54,Computer Science,24,18,2,0,0,294,0,SCH0149,Govt. Primary School Central-149,1
TCH06764,Amit Naidu,59,English,3,2,3,0,0,108,0,SCH0315,Govt. Primary School Udaipur-315,0
TCH06765,Harish Jain,41,Hindi,8,1,3,0,0,346,0,SCH0430,Govt. Primary School Bikaner-430,0
TCH06766,Pushpa Patel,29,Biology,5,3,5,1,1,145,0,SCH0242,Govt. Senior Secondary School Agra-242,1
TCH06767,Arun Menon,31,Geography,2,2,0,0,1,80,0,SCH0015,Govt. Primary School Noida-15,0
TCH06768,Naresh Chaudhary,50,Mathematics,22,4,10,0,0,293,0,SCH0216,Govt. Middle School East-216,1
TCH06769,Geeta Joshi,59,English,10,8,0,0,0,267,0,SCH0176,Govt. Middle School Udaipur-176,1
TCH06770,Anita Shukla,36,Art,9,8,6,1,1,396,0,SCH0267,Govt. Senior Secondary School Bikaner-267,1
TCH06771,Mahesh Gupta,40,Sanskrit,12,10,9,1,0,450,0,SCH0131,Govt. Senior Secondary School New-131,1
TCH06772,Pankaj Gupta,47,Mathematics,8,8,6,0,0,423,1,SCH0361,Govt. High School South-361,1
TCH06773,Suresh Iyer,29,Physical Education,2,2,0,0,0,49,0,SCH0458,Govt. Primary School Udaipur-458,0
TCH06774,Ashok Reddy,49,Hindi,11,8,4,0,0,25,0,SCH0237,Govt. Senior Secondary School East-237,1
TCH06775,Sunil Garg,60,Sanskrit,26,4,13,0,0,394,0,SCH0172,Govt. Senior Secondary School North-172,1
TCH06776,Rekha Chaudhary,52,Sanskrit,25,5,7,1,0,475,0,SCH0326,Govt. Middle School Varanasi-326,1
TCH06777,Amit Dubey,27,Science,4,3,1,0,0,315,1,SCH0136,Govt. Middle School Ghaziabad-136,0
TCH06778,Sanjay Naidu,53,History,1,1,1,1,1,237,0,SCH0020,Govt. Senior Secondary School Kota-20,1
TCH06779,Rajesh Kumar,58,Biology,19,12,9,1,0,138,1,SCH0280,Govt. Middle School Udaipur-280,1
TCH06780,Rajesh Tiwari,32,English,4,3,1,1,0,216,0,SCH0110,Govt. Primary School Bikaner-110,1
TCH06781,Pankaj Yadav,55,Chemistry,8,6,5,1,0,104,1,SCH0250,Govt. High School Kanpur-250,1
TCH06782,Harish Garg,57,Science,7,5,4,1,0,418,0,SCH0069,Govt. Primary School West-69,1
TCH06783,Mahesh Naidu,26,Social Science,1,1,1,1,0,250,0,SCH0135,Govt. Middle School Central-135,1
TCH06784,Kavita Nair,30,Art,3,1,3,0,0,85,1,SCH0233,Govt. Primary School Jodhpur-233,0
TCH06785,Ramesh Pillai,48,Physics,6,5,5,0,0,350,1,SCH0297,Govt. Middle School East-297,1
TCH06786,Nita Jain,34,Mathematics,1,1,1,0,0,78,0,SCH0407,Govt. Senior Secondary School South-407,0
TCH06787,Pankaj Pillai,26,Art,1,1,1,1,0,420,0,SCH0295,Govt. Middle School New-295,1
TCH06788,Pankaj Rao,42,Chemistry,8,6,2,1,1,435,1,SCH0023,Govt. High School Faridabad-23,1
TCH06789,Ajay Reddy,42,Physical Education,13,11,0,1,0,165,0,SCH0134,Govt. Primary School Noida-134,1
TCH06790,Rajesh Pillai,61,English,28,7,0,1,0,279,0,SCH0471,Govt. Middle School Ajmer-471,1
TCH06791,Harish Menon,45,Art,20,1,4,1,0,208,0,SCH0089,Govt. High School Central-89,1
TCH06792,Seema Iyer,45,History,7,1,6,0,0,375,0,SCH0440,Govt. High School Lucknow-440,0
TCH06793,Seema Garg,49,Physics,6,4,1,0,0,214,1,SCH0233,Govt. Primary School Jodhpur-233,0
TCH06794,Dinesh Singh,34,Sanskrit,5,5,1,1,0,335,0,SCH0387,Govt. High School Kota-387,1
TCH06795,Geeta Bansal,53,Sanskrit,8,4,8,0,0,322,0,SCH0362,Govt. High School West-362,0
TCH06796,Usha Menon,35,Physical Education,11,5,8,0,0,372,0,SCH0393,Govt. Primary School Ajmer-393,1
TCH06797,Savita Kumar,57,Sanskrit,2,1,2,0,0,270,0,SCH0458,Govt. Primary School Udaipur-458,0
TCH06798,Kavita Chauhan,54,Social Science,27,2,8,0,0,210,1,SCH0252,Govt. Primary School Gurgaon-252,1
TCH06799,Sanjay Sharma,25,Computer Science,1,1,0,0,0,438,0,SCH0455,Govt. Senior Secondary School Ajmer-455,0
TCH06800,Radha Aggarwal,24,History,1,1,0,1,0,196,1,SCH0496,Govt. Middle School Bikaner-496,0
TCH06801,Devika Singh,27,Art,2,2,2,0,0,219,1,SCH0492,Govt. High School Lucknow-492,0
TCH06802,Naresh Bansal,44,Sanskrit,3,3,3,0,0,179,1,SCH0055,Govt. Middle School Noida-55,0
TCH06803,Seema Malhotra,57,Physical Education,20,19,6,0,1,456,0,SCH0421,Govt. Middle School Jaipur-421,1
TCH06804,Amit Yadav,43,Social Science,2,1,1,0,0,118,0,SCH0393,Govt. Primary School Ajmer-393,0
TCH06805,Nita Pillai,41,History,18,17,5,0,0,334,0,SCH0485,Govt. Senior Secondary School New-485,1
TCH06806,Kamla Mittal,40,Science,5,3,2,0,1,26,0,SCH0390,Govt. Middle School Lucknow-390,0
TCH06807,Pushpa Yadav,46,History,20,6,7,0,0,410,0,SCH0260,Govt. High School Lucknow-260,1
TCH06808,Yogesh Reddy,56,Physical Education,29,1,3,0,0,42,1,SCH0241,Govt. High School Udaipur-241,0
TCH06809,Harish Mishra,40,Physical Education,10,6,3,1,0,420,0,SCH0184,Govt. Primary School Central-184,1
TCH06810,Nita Shukla,57,Social Science,3,1,2,0,0,329,1,SCH0120,Govt. High School New-120,0
TCH06811,Mukesh Chauhan,61,Mathematics,1,1,1,0,0,185,0,SCH0390,Govt. Middle School Lucknow-390,0
TCH06812,Mahesh Singh,42,Hindi,3,2,1,0,0,498,0,SCH0425,Govt. High School Gurgaon-425,0
TCH06813,Rajesh Iyer,26,Mathematics,2,2,0,0,1,221,0,SCH0368,Govt. Middle School Varanasi-368,1
TCH06814,Kavita Dubey,52,Hindi,14,3,2,1,0,375,0,SCH0319,Govt. High School Ajmer-319,1
TCH06815,Pankaj Sharma,30,English,1,1,1,0,0,317,0,SCH0263,Govt. High School Faridabad-263,0
TCH06816,Deepak Shukla,26,English,1,1,0,0,0,109,1,SCH0280,Govt. Middle School Udaipur-280,0
TCH06817,Mahesh Aggarwal,51,English,22,4,13,0,0,311,1,SCH0179,Govt. Middle School North-179,1
TCH06818,Amit Jain,38,Social Science,2,2,1,0,0,328,1,SCH0497,Govt. High School Ghaziabad-497,0
TCH06819,Arun Garg,31,Sanskrit,3,1,0,0,0,234,0,SCH0035,Govt. Primary School South-35,0
TCH06820,Anita Iyer,35,Mathematics,1,1,1,1,0,274,1,SCH0120,Govt. High School New-120,1
TCH06821,Dinesh Chauhan,42,Biology,11,9,5,1,0,127,1,SCH0371,Govt. Primary School Ghaziabad-371,1
TCH06822,Rajesh Tiwari,28,Art,5,5,1,0,0,197,1,SCH0069,Govt. Primary School West-69,0
TCH06823,Vikram Sharma,44,Mathematics,8,5,1,1,0,321,1,SCH0144,Govt. Senior Secondary School Kanpur-144,1
TCH06824,Pushpa Bhat,43,Geography,4,3,3,0,0,404,1,SCH0363,Govt. Primary School Central-363,1
TCH06825,Seema Singh,36,Geography,5,2,5,0,1,15,0,SCH0430,Govt. Primary School Bikaner-430,0
TCH06826,Arun Tiwari,55,Physics,32,10,10,0,0,225,0,SCH0111,Govt. Senior Secondary School Gurgaon-111,1
TCH06827,Geeta Bansal,31,History,7,4,7,1,0,90,0,SCH0400,Govt. Senior Secondary School Jodhpur-400,1
TCH06828,Vikram Verma,61,Geography,5,2,4,0,1,496,0,SCH0330,Govt. High School Varanasi-330,1
TCH06829,Saroj Joshi,34,Science,7,5,7,0,0,224,0,SCH0248,Govt. High School Central-248,1
TCH06830,Meena Kumar,36,Art,9,1,9,0,0,486,0,SCH0489,Govt. Senior Secondary School Kanpur-489,0
TCH06831,Sunil Chauhan,59,Mathematics,33,8,10,1,0,171,1,SCH0142,Govt. Middle School New-142,1
TCH06832,Devika Rao,44,English,21,15,2,0,1,28,1,SCH0301,Govt. High School New-301,1
TCH06833,Naresh Tiwari,56,Sanskrit,4,2,0,0,0,323,0,SCH0382,Govt. Senior Secondary School Jaipur-382,0
TCH06834,Vikas Chaudhary,52,Hindi,5,4,0,0,0,359,0,SCH0478,Govt. Senior Secondary School Lucknow-478,0
TCH06835,Pooja Dubey,27,Science,3,2,0,1,0,265,0,SCH0094,Govt. Middle School Gurgaon-94,1
TCH06836,Rekha Aggarwal,60,English,22,4,9,0,0,168,1,SCH0254,Govt. Primary School Jaipur-254,0
TCH06837,Vinod Sharma,49,Social Science,2,2,0,0,0,10,1,SCH0095,Govt. Primary School New-95,0
TCH06838,Nita Patel,46,Chemistry,15,9,1,1,0,386,0,SCH0427,Govt. Primary School Faridabad-427,1
TCH06839,Suresh Menon,51,Sanskrit,16,12,13,0,0,1,0,SCH0052,Govt. Middle School Lucknow-52,1
TCH06840,Sunita Verma,34,Hindi,11,3,6,0,0,414,0,SCH0319,Govt. High School Ajmer-319,1
TCH06841,Naresh Nair,29,Chemistry,4,4,2,0,0,187,0,SCH0157,Govt. Senior Secondary School Jodhpur-157,0
TCH06842,Naresh Yadav,55,Mathematics,30,7,8,0,1,442,0,SCH0051,Govt. Middle School Udaipur-51,1
TCH06843,Rajesh Kumar,33,History,6,2,5,0,0,448,0,SCH0244,Govt. Senior Secondary School Agra-244,0
TCH06844,Yogesh Bhat,44,Computer Science,5,3,1,0,0,409,0,SCH0205,Govt. Senior Secondary School East-205,0
TCH06845,Sunita Jain,61,English,18,10,12,0,0,454,0,SCH0087,Govt. Primary School Udaipur-87,1
TCH06846,Amit Verma,29,Geography,2,2,1,0,0,107,0,SCH0399,Govt. High School North-399,0
TCH06847,Geeta Shukla,45,Art,10,4,2,0,0,19,0,SCH0172,Govt. Senior Secondary School North-172,0
TCH06848,Deepak Gupta,49,Geography,3,2,3,0,0,102,1,SCH0213,Govt. Senior Secondary School Kanpur-213,0
TCH06849,Sanjay Chaudhary,39,History,14,4,6,0,0,422,0,SCH0185,Govt. High School Ajmer-185,1
TCH06850,Priya Sharma,32,Physics,1,1,0,0,0,90,0,SCH0299,Govt. Primary School Jaipur-299,0
TCH06851,Mukesh Iyer,29,Physics,6,3,6,1,0,341,0,SCH0239,Govt. Senior Secondary School Central-239,1
TCH06852,Sunita Singh,38,Biology,15,9,1,1,0,301,0,SCH0016,Govt. Middle School Gurgaon-16,1
TCH06853,Deepak Pandey,34,Art,6,1,2,1,0,170,0,SCH0125,Govt. Primary School Jodhpur-125,0
TCH06854,Rajesh Sharma,45,Art,7,5,2,1,0,24,0,SCH0289,Govt. Middle School Central-289,1
TCH06855,Nita Iyer,53,Biology,13,4,4,0,0,139,0,SCH0237,Govt. Senior Secondary School East-237,0
TCH06856,Sanjay Malhotra,24,Art,1,1,1,0,0,370,1,SCH0046,Govt. Senior Secondary School Ajmer-46,0
TCH06857,Yogesh Patel,29,English,5,4,3,1,0,292,0,SCH0018,Govt. High School West-18,1
TCH06858,Suresh Yadav,28,History,3,3,0,0,0,22,1,SCH0048,Govt. Middle School Gurgaon-48,0
TCH06859,Naresh Pillai,25,Mathematics,2,1,0,0,0,21,1,SCH0417,Govt. Primary School New-417,0
TCH06860,Harish Rao,38,Science,10,7,8,0,0,104,0,SCH0381,Govt. High School Jodhpur-381,1
TCH06861,Naresh Rao,58,English,34,3,14,1,1,428,0,SCH0336,Govt. Senior Secondary School Ghaziabad-336,1
TCH06862,Kavita Sharma,28,Art,5,1,4,0,0,363,1,SCH0096,Govt. Senior Secondary School Kanpur-96,1
TCH06863,Mahesh Pandey,27,Sanskrit,1,1,0,0,0,333,1,SCH0422,Govt. Primary School Varanasi-422,0
TCH06864,Seema Kaur,49,Chemistry,10,5,10,1,0,74,1,SCH0473,Govt. High School Central-473,1
TCH06865,Kavita Rao,42,Science,12,7,7,1,0,53,0,SCH0406,Govt. High School Gurgaon-406,1
TCH06866,Arun Menon,48,Art,3,1,0,1,1,304,0,SCH0292,Govt. High School Jodhpur-292,1
TCH06867,Vikram Rao,46,Sanskrit,12,1,5,0,0,38,1,SCH0494,Govt. Primary School West-494,0
TCH06868,Savita Tiwari,40,Social Science,2,1,2,0,0,383,1,SCH0004,Govt. Middle School Jaipur-4,0
TCH06869,Pankaj Verma,37,English,8,7,0,0,1,205,0,SCH0126,Govt. Senior Secondary School West-126,1
TCH06870,Ramesh Malhotra,49,Social Science,23,9,10,0,1,169,1,SCH0423,Govt. Senior Secondary School Lucknow-423,1
TCH06871,Deepak Patel,59,Physics,18,18,5,0,0,299,1,SCH0151,Govt. High School Kanpur-151,1
TCH06872,Anita Reddy,61,Chemistry,19,15,4,1,0,280,1,SCH0074,Govt. Middle School Ajmer-74,1
TCH06873,Meena Pandey,41,English,10,1,3,1,0,214,0,SCH0008,Govt. High School Ajmer-8,1
TCH06874,Anita Tiwari,60,Art,10,8,6,1,0,453,0,SCH0110,Govt. Primary School Bikaner-110,1
TCH06875,Meena Kaur,37,Computer Science,6,6,0,0,0,266,0,SCH0043,Govt. Senior Secondary School Ajmer-43,0
TCH06876,Priya Pillai,34,Social Science,4,3,2,0,0,27,0,SCH0374,Govt. Senior Secondary School Bikaner-374,0
TCH06877,Yogesh Aggarwal,24,Sanskrit,1,1,0,0,0,330,1,SCH0157,Govt. Senior Secondary School Jodhpur-157,0
TCH06878,Pooja Shukla,33,Geography,3,1,0,1,0,415,1,SCH0243,Govt. Middle School Kanpur-243,1
TCH06879,Nita Naidu,26,English,1,1,0,0,0,317,0,SCH0012,Govt. High School East-12,0
TCH06880,Dinesh Pandey,42,Science,17,17,12,0,0,59,0,SCH0216,Govt. Middle School East-216,1
TCH06881,Deepak Rao,27,Chemistry,2,1,2,0,0,174,1,SCH0116,Govt. Middle School East-116,0
TCH06882,Savita Iyer,51,Sanskrit,27,17,9,0,0,384,0,SCH0041,Govt. Primary School Faridabad-41,1
TCH06883,Devika Sharma,60,Computer Science,33,8,12,0,0,165,0,SCH0154,Govt. Middle School Lucknow-154,1
TCH06884,Seema Dubey,59,Sanskrit,5,4,4,0,0,168,0,SCH0069,Govt. Primary School West-69,0
TCH06885,Dinesh Pillai,37,History,8,1,7,1,1,194,0,SCH0355,Govt. Senior Secondary School Ajmer-355,1
TCH06886,Kavita Shukla,60,Mathematics,27,4,2,0,0,281,0,SCH0180,Govt. Senior Secondary School Lucknow-180,0
TCH06887,Suresh Singh,53,Geography,12,8,12,1,0,296,0,SCH0068,Govt. Senior Secondary School South-68,1
TCH06888,Kavita Pandey,60,History,34,18,5,0,0,289,1,SCH0342,Govt. Primary School Agra-342,1
TCH06889,Anita Patel,28,Art,2,2,2,1,0,101,0,SCH0298,Govt. Senior Secondary School Varanasi-298,0
TCH06890,Sunil Mittal,39,Chemistry,3,2,1,1,0,458,0,SCH0221,Govt. Middle School Ghaziabad-221,1
TCH06891,Vinod Kaur,51,Geography,6,5,1,0,0,331,1,SCH0388,Govt. Senior Secondary School Noida-388,1
TCH06892,Sunil Mittal,58,Chemistry,5,5,2,1,0,187,0,SCH0411,Govt. Middle School New-411,1
TCH06893,Mukesh Menon,29,Chemistry,4,4,2,0,0,152,0,SCH0131,Govt. Senior Secondary School New-131,0
TCH06894,Harish Naidu,37,Chemistry,1,1,1,1,1,358,1,SCH0406,Govt. High School Gurgaon-406,1
TCH06895,Nita Chauhan,32,Chemistry,9,9,6,0,0,465,0,SCH0065,Govt. High School Ghaziabad-65,1
TCH06896,Rajesh Nair,50,History,12,8,2,1,0,143,1,SCH0031,Govt. Senior Secondary School East-31,1
TCH06897,Rekha Chauhan,36,Social Science,12,11,11,1,0,94,0,SCH0138,Govt. Middle School Bikaner-138,1
TCH06898,Harish Kaur,50,Hindi,8,2,6,0,0,231,0,SCH0013,Govt. High School Kota-13,0
TCH06899,Devika Gupta,43,Geography,19,19,3,0,0,401,0,SCH0225,Govt. Primary School Agra-225,1
TCH06900,Vikas Verma,31,Biology,2,2,2,0,0,61,0,SCH0057,Govt. Primary School New-57,0
TCH06901,Saroj Garg,29,Geography,3,3,3,0,0,282,0,SCH0150,Govt. Primary School Jodhpur-150,0
TCH06902,Anita Chaudhary,55,Social Science,29,2,0,0,0,36,1,SCH0067,Govt. Primary School Udaipur-67,0
TCH06903,Sunita Shukla,48,Geography,15,9,8,0,0,75,0,SCH0023,Govt. High School Faridabad-23,1
TCH06904,Kamla Jain,28,Sanskrit,3,2,3,0,0,179,0,SCH0378,Govt. High School Udaipur-378,0
TCH06905,Sanjay Shukla,27,Geography,3,3,1,0,0,8,0,SCH0394,Govt. High School Kanpur-394,0
TCH06906,Deepak Bansal,44,Hindi,9,5,9,1,0,316,1,SCH0493,Govt. High School Jaipur-493,1
TCH06907,Ashok Mishra,51,Social Science,3,2,3,0,0,177,0,SCH0403,Govt. High School Varanasi-403,0
TCH06908,Seema Nair,27,Chemistry,2,2,1,1,0,336,1,SCH0277,Govt. Primary School Udaipur-277,1
TCH06909,Yogesh Verma,47,History,3,1,3,0,0,314,0,SCH0139,Govt. Senior Secondary School Ajmer-139,0
TCH06910,Kavita Mishra,45,Geography,5,3,5,0,0,341,0,SCH0081,Govt. High School Gurgaon-81,0
TCH06911,Kamla Chaudhary,58,Physics,16,1,4,0,0,235,0,SCH0495,Govt. Senior Secondary School Faridabad-495,1
TCH06912,Radha Patel,26,English,3,2,1,0,0,117,1,SCH0141,Govt. Senior Secondary School Jodhpur-141,0
TCH06913,Rajesh Patel,40,Science,14,2,14,0,0,443,0,SCH0366,Govt. Senior Secondary School East-366,1
TCH06914,Sanjay Kaur,58,Physical Education,4,2,3,0,1,167,0,SCH0086,Govt. High School Jaipur-86,0
TCH06915,Meena Garg,24,Mathematics,1,1,0,0,0,483,0,SCH0252,Govt. Primary School Gurgaon-252,0
TCH06916,Usha Sharma,25,Hindi,2,1,2,1,0,41,0,SCH0184,Govt. Primary School Central-184,0
TCH06917,Nita Sharma,55,Mathematics,1,1,0,0,0,367,0,SCH0390,Govt. Middle School Lucknow-390,0
TCH06918,Priya Menon,60,History,14,6,0,1,0,427,0,SCH0011,Govt. Middle School Lucknow-11,1
TCH06919,Geeta Aggarwal,39,Social Science,16,15,8,0,0,212,0,SCH0193,Govt. Senior Secondary School West-193,1
TCH06920,Lakshmi Chauhan,24,Hindi,1,1,0,0,0,428,0,SCH0381,Govt. High School Jodhpur-381,0
TCH06921,Kavita Iyer,45,Mathematics,16,12,11,1,0,84,0,SCH0304,Govt. Middle School New-304,1
TCH06922,Kamla Nair,36,Geography,2,1,1,0,0,50,0,SCH0002,Govt. Senior Secondary School Kota-2,0
TCH06923,Vikas Gupta,44,Science,19,3,14,1,0,4,0,SCH0394,Govt. High School Kanpur-394,1
TCH06924,Kavita Shukla,42,Art,19,17,1,1,0,393,0,SCH0130,Govt. High School East-130,1
TCH06925,Priya Pillai,27,Sanskrit,2,1,1,0,0,188,1,SCH0002,Govt. Senior Secondary School Kota-2,0
TCH06926,Anita Shukla,43,Geography,14,7,14,0,0,178,0,SCH0436,Govt. High School Jodhpur-436,1
TCH06927,Meena Bansal,36,Hindi,7,4,5,0,0,210,0,SCH0386,Govt. Senior Secondary School South-386,0
TCH06928,Pushpa Yadav,29,Biology,5,4,1,1,0,223,0,SCH0072,Govt. Middle School Udaipur-72,1
TCH06929,Anita Naidu,25,History,1,1,0,0,0,129,0,SCH0380,Govt. Primary School Agra-380,0
TCH06930,Vikas Kaur,25,Biology,1,1,1,0,0,349,0,SCH0484,Govt. Middle School Lucknow-484,0
TCH06931,Saroj Verma,60,Chemistry,10,1,2,0,0,242,0,SCH0379,Govt. Primary School New-379,0
TCH06932,Sunil Aggarwal,44,Physical Education,2,1,0,1,1,306,0,SCH0005,Govt. Primary School New-5,1
TCH06933,Rekha Menon,39,Sanskrit,12,9,0,1,0,122,0,SCH0173,Govt. High School Gurgaon-173,1
TCH06934,Anita Garg,36,Sanskrit,12,3,5,0,0,63,0,SCH0487,Govt. High School East-487,0
TCH06935,Devika Chaudhary,32,Biology,8,2,4,1,1,389,1,SCH0466,Govt. Senior Secondary School Jodhpur-466,1
TCH06936,Naresh Mishra,41,Mathematics,7,4,4,0,0,344,0,SCH0133,Govt. High School East-133,0
TCH06937,Priya Jain,34,Geography,9,9,5,0,0,3,0,SCH0026,Govt. High School South-26,0
TCH06938,Anita Nair,39,Social Science,12,1,5,0,1,160,0,SCH0418,Govt. High School Ghaziabad-418,1
TCH06939,Ramesh Mishra,45,Chemistry,8,7,5,1,0,139,0,SCH0351,Govt. High School Ghaziabad-351,1
TCH06940,Suresh Kaur,55,Sanskrit,3,1,3,0,1,88,1,SCH0061,Govt. Primary School Kota-61,1
TCH06941,Yogesh Gupta,40,Science,17,1,9,0,0,79,0,SCH0126,Govt. Senior Secondary School West-126,0
TCH06942,Anita Pandey,37,Science,14,13,9,0,0,154,1,SCH0268,Govt. Middle School North-268,1
TCH06943,Ajay Menon,32,Computer Science,8,3,6,0,0,444,1,SCH0340,Govt. High School Ajmer-340,1
TCH06944,Mahesh Pandey,39,History,5,4,0,0,1,121,1,SCH0190,Govt. High School Gurgaon-190,0
TCH06945,Vikas Aggarwal,30,Social Science,5,4,0,1,0,216,1,SCH0073,Govt. High School Central-73,1
TCH06946,Priya Yadav,57,Computer Science,11,8,6,0,0,227,1,SCH0077,Govt. Middle School Bikaner-77,1
TCH06947,Rajesh Gupta,51,Physics,22,5,10,0,0,263,0,SCH0134,Govt. Primary School Noida-134,1
TCH06948,Ashok Malhotra,50,Hindi,25,19,2,0,0,235,1,SCH0105,Govt. Primary School Ajmer-105,1
TCH06949,Pankaj Chaudhary,30,Mathematics,3,3,0,0,1,12,1,SCH0143,Govt. Senior Secondary School Kota-143,0
TCH06950,Ashok Shukla,61,Geography,20,14,7,0,1,423,0,SCH0229,Govt. High School Agra-229,1
TCH06951,Ajay Tiwari,32,Social Science,9,1,6,0,0,294,0,SCH0311,Govt. High School Jaipur-311,0
TCH06952,Seema Garg,44,Chemistry,5,4,5,1,0,84,1,SCH0298,Govt. Senior Secondary School Varanasi-298,1
TCH06953,Yogesh Kumar,40,Physical Education,14,7,6,1,0,321,0,SCH0222,Govt. High School Varanasi-222,1
TCH06954,Suresh Verma,45,History,11,6,9,1,0,164,1,SCH0028,Govt. High School Varanasi-28,1
TCH06955,Seema Mittal,32,Computer Science,5,5,2,0,0,173,0,SCH0071,Govt. Middle School Bikaner-71,0
TCH06956,Priya Aggarwal,60,English,23,12,7,0,1,110,0,SCH0370,Govt. High School Kanpur-370,1
TCH06957,Sunil Jain,51,Science,26,16,8,0,0,284,0,SCH0362,Govt. High School West-362,1
TCH06958,Harish Kumar,61,English,3,2,0,1,1,299,0,SCH0353,Govt. High School West-353,1
TCH06959,Ramesh Nair,54,Biology,21,5,5,0,0,374,0,SCH0335,Govt. Primary School Noida-335,1
TCH06960,Vinod Sharma,37,English,8,1,1,0,0,111,0,SCH0306,Govt. Primary School Ghaziabad-306,0
TCH06961,Lakshmi Kumar,33,Mathematics,8,7,0,0,0,4,0,SCH0493,Govt. High School Jaipur-493,0
TCH06962,Dinesh Nair,44,Science,9,6,8,0,0,148,0,SCH0272,Govt. Middle School East-272,0
TCH06963,Mahesh Bhat,36,Physics,3,1,3,0,0,2,1,SCH0255,Govt. High School Varanasi-255,0
TCH06964,Deepak Chauhan,42,Hindi,7,7,5,0,1,433,0,SCH0464,Govt. Middle School Gurgaon-464,1
TCH06965,Dinesh Reddy,60,Hindi,7,4,5,0,0,488,1,SCH0405,Govt. Middle School Lucknow-405,1
TCH06966,Rekha Patel,44,Hindi,8,4,4,0,0,138,0,SCH0211,Govt. Middle School North-211,0
TCH06967,Savita Sharma,45,Mathematics,20,11,13,0,0,399,0,SCH0177,Govt. Senior Secondary School Agra-177,1
TCH06968,Anita Patel,46,Geography,13,7,3,0,0,169,0,SCH0151,Govt. High School Kanpur-151,1
TCH06969,Devika Kumar,59,History,6,5,4,0,0,203,1,SCH0049,Govt. Senior Secondary School Agra-49,1
TCH06970,Usha Singh,29,History,3,1,2,0,0,200,0,SCH0360,Govt. Senior Secondary School Bikaner-360,0
TCH06971,Pankaj Gupta,57,Computer Science,8,2,8,0,0,168,0,SCH0060,Govt. High School Noida-60,0
TCH06972,Ashok Dubey,28,Geography,4,3,0,0,1,182,1,SCH0091,Govt. High School South-91,0
TCH06973,Vinod Naidu,33,Sanskrit,1,1,0,0,0,127,0,SCH0010,Govt. Primary School West-10,0
TCH06974,Lakshmi Singh,38,Mathematics,6,6,6,0,0,102,1,SCH0457,Govt. Senior Secondary School Ghaziabad-457,1
TCH06975,Savita Iyer,26,English,2,2,1,0,1,395,0,SCH0032,Govt. High School Jodhpur-32,1
TCH06976,Sunita Tiwari,27,Chemistry,4,4,1,0,0,403,1,SCH0113,Govt. High School Jodhpur-113,0
TCH06977,Priya Verma,39,Science,3,1,0,0,0,86,0,SCH0210,Govt. Middle School West-210,0
TCH06978,Devika Mishra,45,History,1,1,0,1,0,260,0,SCH0066,Govt. Middle School Kanpur-66,1
TCH06979,Savita Gupta,52,Mathematics,18,15,1,1,0,436,1,SCH0074,Govt. Middle School Ajmer-74,1
TCH06980,Pooja Yadav,56,English,24,6,2,0,0,146,0,SCH0046,Govt. Senior Secondary School Ajmer-46,0
TCH06981,Radha Gupta,56,Physics,25,17,0,1,0,204,0,SCH0291,Govt. Primary School Faridabad-291,1
TCH06982,Deepak Sharma,47,Computer Science,1,1,0,1,0,175,0,SCH0046,Govt. Senior Secondary School Ajmer-46,0
TCH06983,Mahesh Menon,31,Physical Education,7,3,2,0,0,382,0,SCH0464,Govt. Middle School Gurgaon-464,0
TCH06984,Rajesh Rao,45,Physical Education,21,17,11,0,1,66,0,SCH0192,Govt. High School Faridabad-192,1
TCH06985,Radha Malhotra,40,Physics,12,5,10,0,0,38,1,SCH0220,Govt. High School North-220,1
TCH06986,Mahesh Joshi,61,Chemistry,28,15,9,0,0,85,1,SCH0115,Govt. High School Jodhpur-115,1
TCH06987,Amit Mittal,61,Social Science,24,13,12,0,0,94,0,SCH0372,Govt. High School Lucknow-372,1
TCH06988,Pooja Mittal,33,English,4,4,2,0,0,200,0,SCH0336,Govt. Senior Secondary School Ghaziabad-336,0
TCH06989,Pankaj Mishra,37,Sanskrit,12,4,5,1,0,10,0,SCH0226,Govt. Senior Secondary School Kanpur-226,1
TCH06990,Rekha Shukla,48,Sanskrit,3,3,0,0,0,335,0,SCH0325,Govt. Primary School Udaipur-325,0
TCH06991,Priya Singh,61,Geography,2,2,0,0,0,437,0,SCH0495,Govt. Senior Secondary School Faridabad-495,0
TCH06992,Usha Mishra,27,Mathematics,3,2,0,0,0,330,0,SCH0046,Govt. Senior Secondary School Ajmer-46,0
TCH06993,Pushpa Kaur,59,Physical Education,10,6,5,0,0,238,1,SCH0188,Govt. Middle School Kanpur-188,1
TCH06994,Nita Kaur,37,Social Science,14,2,12,0,0,222,0,SCH0409,Govt. Senior Secondary School Agra-409,1
TCH06995,Meena Tiwari,56,Hindi,23,6,4,0,0,186,0,SCH0252,Govt. Primary School Gurgaon-252,1
TCH06996,Devika Chaudhary,51,Science,6,5,5,0,0,82,0,SCH0180,Govt. Senior Secondary School Lucknow-180,0
TCH06997,Pankaj Menon,38,English,3,2,3,1,1,153,1,SCH0252,Govt. Primary School Gurgaon-252,1
TCH06998,Ashok Malhotra,48,Science,15,6,7,0,0,387,0,SCH0084,Govt. Primary School West-84,1
TCH06999,Deepak Bansal,55,Biology,2,2,2,0,1,18,1,SCH0384,Govt. Middle School Jaipur-384,0
TCH07000,Pooja Shukla,30,Biology,3,3,2,0,0,354,0,SCH0343,Govt. Senior Secondary School Central-343,0
TCH07001,Harish Shukla,59,Sanskrit,14,9,5,0,0,439,0,SCH0002,Govt. Senior Secondary School Kota-2,1
TCH07002,Naresh Jain,57,Physics,3,3,3,1,0,70,0,SCH0215,Govt. Middle School Ghaziabad-215,1
TCH07003,Lakshmi Kumar,42,Sanskrit,18,9,1,0,0,170,0,SCH0478,Govt. Senior Secondary School Lucknow-478,0
TCH07004,Seema Gupta,38,Geography,9,8,5,0,0,133,1,SCH0067,Govt. Primary School Udaipur-67,1
TCH07005,Yogesh Mittal,29,Chemistry,5,3,5,0,0,64,0,SCH0451,Govt. Senior Secondary School Kanpur-451,0
TCH07006,Sunil Chauhan,55,History,29,7,6,0,0,394,1,SCH0437,Govt. Primary School Varanasi-437,1
TCH07007,Seema Aggarwal,28,Geography,2,2,1,0,0,271,0,SCH0439,Govt. Senior Secondary School Kota-439,0
TCH07008,Mukesh Chauhan,29,Sanskrit,4,1,3,1,0,183,0,SCH0151,Govt. High School Kanpur-151,1
TCH07009,Arun Pillai,55,Mathematics,7,1,1,0,0,498,1,SCH0042,Govt. High School Jodhpur-42,0
TCH07010,Nita Dubey,51,Mathematics,11,7,3,0,0,259,0,SCH0328,Govt. Primary School New-328,1
TCH07011,Pankaj Jain,51,Science,10,2,8,0,1,470,0,SCH0019,Govt. Senior Secondary School Bikaner-19,1
TCH07012,Harish Joshi,29,History,1,1,0,1,0,151,0,SCH0413,Govt. High School Ajmer-413,0
TCH07013,Mukesh Joshi,26,English,3,2,3,1,0,39,0,SCH0290,Govt. High School North-290,1
TCH07014,Geeta Pandey,38,Sanskrit,12,1,10,0,0,191,1,SCH0065,Govt. High School Ghaziabad-65,0
TCH07015,Nita Joshi,26,Mathematics,1,1,1,1,0,191,0,SCH0140,Govt. Primary School Udaipur-140,0
TCH07016,Pankaj Mittal,54,Physical Education,28,13,3,0,0,338,0,SCH0158,Govt. Primary School West-158,1
TCH07017,Naresh Menon,58,English,33,4,8,0,0,413,0,SCH0386,Govt. Senior Secondary School South-386,1
TCH07018,Kavita Kumar,43,Science,6,3,2,1,0,382,0,SCH0486,Govt. Senior Secondary School East-486,1
TCH07019,Radha Bansal,25,Social Science,1,1,0,0,0,411,0,SCH0173,Govt. High School Gurgaon-173,0
TCH07020,Dinesh Patel,42,Physics,8,4,8,0,0,35,0,SCH0310,Govt. Middle School West-310,0
TCH07021,Vikas Aggarwal,42,English,9,9,9,1,0,293,0,SCH0132,Govt. High School South-132,1
TCH07022,Lakshmi Naidu,25,Physical Education,2,1,0,1,0,443,0,SCH0009,Govt. Middle School Gurgaon-9,1
TCH07023,Vinod Reddy,25,Sanskrit,2,2,2,1,0,486,1,SCH0142,Govt. Middle School New-142,1
TCH07024,Kavita Singh,54,Computer Science,7,3,6,0,0,304,0,SCH0046,Govt. Senior Secondary School Ajmer-46,0
TCH07025,Saroj Rao,30,Art,7,5,0,0,1,121,0,SCH0364,Govt. Primary School North-364,1
TCH07026,Sunil Menon,60,Science,14,9,1,1,0,427,0,SCH0101,Govt. High School Gurgaon-101,1
TCH07027,Meena Chauhan,40,Hindi,2,1,0,1,0,28,1,SCH0272,Govt. Middle School East-272,0
TCH07028,Radha Mishra,24,Social Science,1,1,0,0,0,274,0,SCH0002,Govt. Senior Secondary School Kota-2,0
TCH07029,Usha Naidu,40,Geography,2,1,0,0,0,37,1,SCH0116,Govt. Middle School East-116,0
TCH07030,Vinod Nair,30,Sanskrit,6,2,5,0,1,447,0,SCH0404,Govt. High School Central-404,1
TCH07031,Harish Aggarwal,25,English,1,1,0,0,0,323,1,SCH0443,Govt. High School Udaipur-443,0
TCH07032,Vikram Nair,50,History,12,5,4,0,0,189,0,SCH0371,Govt. Primary School Ghaziabad-371,1
TCH07033,Anita Aggarwal,47,Chemistry,1,1,1,0,0,147,0,SCH0142,Govt. Middle School New-142,0
TCH07034,Priya Shukla,31,Chemistry,2,1,0,0,0,237,1,SCH0275,Govt. Primary School East-275,0
TCH07035,Priya Dubey,41,Sanskrit,16,4,2,1,0,35,1,SCH0133,Govt. High School East-133,1
TCH07036,Suresh Verma,41,English,6,4,1,0,0,385,0,SCH0051,Govt. Middle School Udaipur-51,0
TCH07037,Arun Bansal,58,Physics,27,3,7,1,0,92,0,SCH0047,Govt. Middle School Agra-47,1
TCH07038,Sanjay Naidu,50,Physical Education,26,7,9,1,0,227,0,SCH0160,Govt. Middle School Faridabad-160,1
TCH07039,Anita Aggarwal,46,Physical Education,14,5,4,0,0,87,1,SCH0143,Govt. Senior Secondary School Kota-143,1
TCH07040,Geeta Garg,25,Mathematics,1,1,1,0,1,263,1,SCH0096,Govt. Senior Secondary School Kanpur-96,1
TCH07041,Lakshmi Verma,37,Social Science,5,5,0,0,0,378,0,SCH0061,Govt. Primary School Kota-61,0
TCH07042,Kamla Chaudhary,53,Mathematics,1,1,1,1,0,229,0,SCH0313,Govt. Middle School Ajmer-313,1
TCH07043,Geeta Rao,55,English,4,2,0,1,0,349,0,SCH0422,Govt. Primary School Varanasi-422,1
TCH07044,Harish Shukla,48,Mathematics,13,12,8,1,0,244,0,SCH0052,Govt. Middle School Lucknow-52,1
TCH07045,Sanjay Patel,54,Mathematics,6,5,5,0,0,123,0,SCH0030,Govt. High School North-30,0
TCH07046,Sanjay Singh,54,Geography,3,3,0,1,0,415,0,SCH0358,Govt. Primary School Central-358,1
TCH07047,Devika Bansal,26,Geography,3,2,3,0,0,291,0,SCH0229,Govt. High School Agra-229,0
TCH07048,Ajay Jain,32,Mathematics,5,3,1,0,0,198,0,SCH0319,Govt. High School Ajmer-319,0
TCH07049,Anita Aggarwal,35,Social Science,4,1,0,1,0,410,0,SCH0042,Govt. High School Jodhpur-42,1
TCH07050,Rajesh Yadav,26,Social Science,1,1,1,0,0,358,0,SCH0017,Govt. Primary School Udaipur-17,0
TCH07051,Mukesh Bansal,45,Science,10,5,2,1,0,126,0,SCH0471,Govt. Middle School Ajmer-471,1
TCH07052,Suresh Malhotra,42,Physical Education,11,10,9,0,0,291,0,SCH0124,Govt. High School Ghaziabad-124,1
TCH07053,Suresh Pillai,61,Sanskrit,29,11,1,0,0,90,0,SCH0255,Govt. High School Varanasi-255,0
TCH07054,Devika Chaudhary,24,Mathematics,1,1,0,0,0,128,0,SCH0239,Govt. Senior Secondary School Central-239,0
TCH07055,Suresh Mittal,59,Computer Science,15,6,8,1,0,54,0,SCH0400,Govt. Senior Secondary School Jodhpur-400,1
TCH07056,Naresh Mittal,47,English,11,9,7,1,0,48,0,SCH0388,Govt. Senior Secondary School Noida-388,1
TCH07057,Dinesh Naidu,46,Physical Education,8,5,8,1,0,228,1,SCH0390,Govt. Middle School Lucknow-390,1
TCH07058,Sunita Kaur,60,History,24,19,12,0,0,295,0,SCH0316,Govt. Senior Secondary School South-316,1
TCH07059,Suresh Pillai,59,Computer Science,12,7,6,0,0,150,0,SCH0133,Govt. High School East-133,1
TCH07060,Savita Bansal,55,History,24,14,6,0,0,11,1,SCH0146,Govt. Middle School Central-146,1
TCH07061,Shanti Jain,31,Mathematics,1,1,0,1,0,365,0,SCH0169,Govt. Middle School Ajmer-169,1
TCH07062,Kavita Gupta,30,Hindi,5,4,0,0,1,87,0,SCH0322,Govt. High School Central-322,0
TCH07063,Yogesh Pandey,46,Hindi,1,1,1,0,1,47,0,SCH0491,Govt. Senior Secondary School Central-491,0
TCH07064,Kamla Patel,36,Physical Education,2,2,2,0,0,190,0,SCH0173,Govt. High School Gurgaon-173,0
TCH07065,Priya Rao,44,English,17,15,8,0,1,375,1,SCH0062,Govt. High School North-62,1
TCH07066,Kamla Naidu,29,Sanskrit,1,1,0,1,0,281,1,SCH0286,Govt. Primary School Bikaner-286,1
TCH07067,Yogesh Nair,52,Physical Education,22,6,8,0,0,496,0,SCH0429,Govt. Middle School Central-429,1
TCH07068,Mukesh Kumar,43,Art,12,6,12,1,0,34,1,SCH0002,Govt. Senior Secondary School Kota-2,1
TCH07069,Ajay Malhotra,56,Mathematics,25,14,12,0,0,14,0,SCH0240,Govt. Senior Secondary School New-240,1
TCH07070,Ramesh Chauhan,31,Science,7,5,0,0,0,20,1,SCH0367,Govt. Primary School Ghaziabad-367,0
TCH07071,Pankaj Singh,48,Chemistry,12,1,9,0,0,415,0,SCH0485,Govt. Senior Secondary School New-485,1
TCH07072,Devika Bhat,56,History,11,3,8,0,0,367,0,SCH0015,Govt. Primary School Noida-15,1
TCH07073,Saroj Rao,45,Sanskrit,18,3,11,0,0,264,0,SCH0057,Govt. Primary School New-57,1
TCH07074,Deepak Mittal,47,Hindi,14,3,13,0,0,450,0,SCH0080,Govt. Primary School Jaipur-80,1
TCH07075,Ajay Mittal,36,Art,6,1,5,1,1,161,0,SCH0347,Govt. Senior Secondary School Ghaziabad-347,1
TCH07076,Naresh Tiwari,28,Biology,3,2,3,0,0,141,0,SCH0302,Govt. Senior Secondary School Ghaziabad-302,0
TCH07077,Kavita Menon,50,Hindi,9,5,6,0,1,12,0,SCH0252,Govt. Primary School Gurgaon-252,1
TCH07078,Usha Bansal,43,Hindi,4,2,0,0,0,165,0,SCH0249,Govt. Senior Secondary School West-249,0
TCH07079,Yogesh Mittal,40,Chemistry,14,4,12,0,0,42,1,SCH0021,Govt. Middle School Faridabad-21,0
TCH07080,Suresh Mittal,44,Mathematics,14,9,0,1,0,135,0,SCH0287,Govt. Middle School Gurgaon-287,1
TCH07081,Vinod Menon,42,Mathematics,11,7,9,0,1,467,0,SCH0094,Govt. Middle School Gurgaon-94,1
TCH07082,Devika Dubey,28,Art,3,2,2,0,0,0,1,SCH0345,Govt. High School Ajmer-345,0
TCH07083,Savita Garg,57,History,31,7,10,1,0,466,0,SCH0181,Govt. Middle School Kota-181,1
TCH07084,Rajesh Patel,52,Computer Science,28,2,1,0,1,485,0,SCH0017,Govt. Primary School Udaipur-17,1
TCH07085,Vinod Yadav,40,Art,1,1,0,1,0,300,0,SCH0132,Govt. High School South-132,1
TCH07086,Deepak Yadav,32,Chemistry,2,1,2,0,1,106,0,SCH0394,Govt. High School Kanpur-394,0
TCH07087,Pooja Patel,50,Sanskrit,17,12,13,0,0,148,0,SCH0494,Govt. Primary School West-494,1
TCH07088,Lakshmi Pillai,61,Mathematics,8,5,5,1,0,341,0,SCH0063,Govt. High School Faridabad-63,1
TCH07089,Naresh Iyer,44,Computer Science,8,7,0,0,0,296,0,SCH0405,Govt. Middle School Lucknow-405,0
TCH07090,Naresh Menon,55,Physics,13,13,8,0,1,105,0,SCH0391,Govt. Primary School West-391,1
TCH07091,Savita Tiwari,44,Chemistry,10,5,7,0,1,4,0,SCH0434,Govt. High School West-434,1
TCH07092,Mukesh Sharma,35,Chemistry,9,5,1,1,0,213,0,SCH0342,Govt. Primary School Agra-342,1
TCH07093,Yogesh Naidu,25,Computer Science,2,1,1,1,0,190,1,SCH0411,Govt. Middle School New-411,0
TCH07094,Vikram Chaudhary,49,Geography,21,18,8,1,0,292,1,SCH0183,Govt. Senior Secondary School Jodhpur-183,1
TCH07095,Kavita Mishra,57,Geography,3,2,0,0,0,314,1,SCH0354,Govt. Middle School North-354,0
TCH07096,Shanti Bhat,40,Physical Education,6,5,4,0,0,162,1,SCH0436,Govt. High School Jodhpur-436,1
TCH07097,Meena Gupta,28,Physics,2,1,1,1,0,65,0,SCH0482,Govt. Primary School Jaipur-482,0
TCH07098,Kavita Bansal,35,Chemistry,5,5,5,1,0,136,0,SCH0029,Govt. Primary School Lucknow-29,1
TCH07099,Rekha Bansal,42,English,4,4,0,1,0,71,0,SCH0459,Govt. Primary School New-459,0
TCH07100,Vikram Sharma,59,Biology,34,2,12,0,0,6,0,SCH0199,Govt. High School Bikaner-199,0
TCH07101,Rajesh Yadav,26,Hindi,1,1,0,0,0,289,1,SCH0476,Govt. Primary School East-476,0
TCH07102,Amit Bansal,40,Computer Science,15,14,12,1,0,326,0,SCH0187,Govt. Senior Secondary School Lucknow-187,1
TCH07103,Mahesh Mittal,26,Art,1,1,0,0,0,391,0,SCH0268,Govt. Middle School North-268,0
TCH07104,Vinod Garg,38,Hindi,5,5,3,0,0,289,0,SCH0081,Govt. High School Gurgaon-81,1
TCH07105,Kavita Iyer,35,History,6,3,1,0,0,271,1,SCH0360,Govt. Senior Secondary School Bikaner-360,0
TCH07106,Ramesh Pillai,33,English,3,1,3,1,0,166,0,SCH0444,Govt. Senior Secondary School Varanasi-444,1
TCH07107,Sunil Garg,28,Social Science,1,1,0,1,0,215,1,SCH0148,Govt. High School East-148,1
TCH07108,Vikram Mishra,27,Mathematics,3,1,1,1,0,66,0,SCH0258,Govt. Primary School Faridabad-258,0
TCH07109,Rekha Jain,48,Science,11,10,2,0,0,487,1,SCH0006,Govt. Senior Secondary School West-6,1
TCH07110,Radha Iyer,47,Art,5,3,1,0,1,497,0,SCH0379,Govt. Primary School New-379,1
TCH07111,Vikram Bansal,53,Mathematics,9,9,1,0,0,9,0,SCH0415,Govt. Middle School East-415,0
TCH07112,Ramesh Verma,51,English,4,3,2,1,0,260,0,SCH0162,Govt. Middle School Gurgaon-162,1
TCH07113,Shanti Jain,54,Science,2,1,1,0,0,152,1,SCH0052,Govt. Middle School Lucknow-52,0
TCH07114,Mukesh Kaur,36,Physics,13,3,2,1,1,34,1,SCH0194,Govt. Middle School Ajmer-194,1
TCH07115,Devika Shukla,45,Physical Education,13,1,13,0,0,85,1,SCH0391,Govt. Primary School West-391,0
TCH07116,Lakshmi Bhat,26,Art,1,1,0,1,0,144,0,SCH0149,Govt. Primary School Central-149,0
TCH07117,Ramesh Naidu,31,Sanskrit,6,1,6,1,0,123,0,SCH0126,Govt. Senior Secondary School West-126,1
TCH07118,Saroj Garg,36,Physics,11,9,11,0,0,459,0,SCH0480,Govt. Middle School Jodhpur-480,1
TCH07119,Rekha Menon,44,Science,1,1,0,1,0,283,1,SCH0120,Govt. High School New-120,1
TCH07120,Rajesh Pandey,31,Mathematics,1,1,0,1,0,458,0,SCH0048,Govt. Middle School Gurgaon-48,1
TCH07121,Kavita Mittal,37,Art,14,4,3,0,0,339,1,SCH0420,Govt. Senior Secondary School Lucknow-420,1
TCH07122,Pushpa Chaudhary,52,Social Science,14,12,13,0,0,395,0,SCH0142,Govt. Middle School New-142,1
TCH07123,Meena Rao,34,History,7,6,2,0,0,97,0,SCH0394,Govt. High School Kanpur-394,0
TCH07124,Anita Aggarwal,29,Chemistry,6,5,1,0,0,131,1,SCH0420,Govt. Senior Secondary School Lucknow-420,0
TCH07125,Kavita Pandey,43,Biology,4,1,0,0,0,460,0,SCH0439,Govt. Senior Secondary School Kota-439,0
TCH07126,Devika Pandey,54,Physics,19,2,3,1,0,372,0,SCH0127,Govt. High School Central-127,1
TCH07127,Kavita Kumar,53,History,24,10,5,1,0,209,0,SCH0382,Govt. Senior Secondary School Jaipur-382,1
TCH07128,Vikram Mittal,48,Biology,17,9,8,0,0,412,1,SCH0395,Govt. Primary School Jodhpur-395,1
TCH07129,Pushpa Pandey,26,Art,1,1,0,0,0,59,1,SCH0465,Govt. Middle School Kota-465,0
TCH07130,Deepak Mishra,56,Geography,2,1,2,0,0,147,0,SCH0051,Govt. Middle School Udaipur-51,0
TCH07131,Vikas Rao,24,History,1,1,1,1,0,452,0,SCH0191,Govt. Middle School Gurgaon-191,1
TCH07132,Usha Dubey,37,Social Science,12,7,1,1,0,163,0,SCH0051,Govt. Middle School Udaipur-51,1
TCH07133,Naresh Garg,58,Computer Science,27,11,9,0,0,406,1,SCH0080,Govt. Primary School Jaipur-80,1
TCH07134,Ajay Chauhan,47,English,9,8,5,0,0,341,0,SCH0024,Govt. Middle School Central-24,1
TCH07135,Naresh Sharma,47,English,5,2,2,0,0,348,1,SCH0117,Govt. Middle School Ghaziabad-117,0
TCH07136,Vinod Chaudhary,32,Art,7,4,7,0,0,185,0,SCH0152,Govt. Middle School Agra-152,0
TCH07137,Shanti Malhotra,45,Social Science,14,7,0,0,0,174,0,SCH0378,Govt. High School Udaipur-378,0
TCH07138,Savita Chauhan,38,English,6,3,3,0,0,148,0,SCH0217,Govt. Middle School Varanasi-217,0
TCH07139,Dinesh Gupta,27,Biology,1,1,0,1,0,161,0,SCH0019,Govt. Senior Secondary School Bikaner-19,0
TCH07140,Priya Chauhan,53,Hindi,5,1,4,1,0,268,0,SCH0053,Govt. Senior Secondary School Ghaziabad-53,1
TCH07141,Harish Chauhan,32,Science,1,1,0,0,1,168,0,SCH0032,Govt. High School Jodhpur-32,0
TCH07142,Naresh Aggarwal,36,Social Science,12,2,11,0,0,453,0,SCH0186,Govt. Senior Secondary School Faridabad-186,1
TCH07143,Mukesh Menon,29,Computer Science,4,1,1,0,0,479,0,SCH0387,Govt. High School Kota-387,0
TCH07144,Ramesh Rao,61,Computer Science,8,8,6,0,1,333,1,SCH0386,Govt. Senior Secondary School South-386,1
TCH07145,Sunita Yadav,58,Science,25,18,5,0,0,494,0,SCH0371,Govt. Primary School Ghaziabad-371,1
TCH07146,Ashok Joshi,29,Hindi,2,1,2,0,0,127,0,SCH0250,Govt. High School Kanpur-250,0
TCH07147,Priya Malhotra,36,English,1,1,1,0,0,319,0,SCH0272,Govt. Middle School East-272,0
TCH07148,Yogesh Joshi,46,Sanskrit,23,15,8,0,0,356,0,SCH0455,Govt. Senior Secondary School Ajmer-455,1
TCH07149,Rekha Nair,60,Sanskrit,28,13,13,1,1,302,0,SCH0038,Govt. Senior Secondary School Kota-38,1
TCH07150,Savita Naidu,38,English,14,3,4,0,0,248,1,SCH0167,Govt. Middle School Jaipur-167,1
TCH07151,Sunita Patel,45,Geography,13,8,3,1,1,398,0,SCH0197,Govt. Middle School Udaipur-197,1
TCH07152,Usha Tiwari,35,Art,3,1,0,0,1,206,0,SCH0089,Govt. High School Central-89,1
TCH07153,Lakshmi Naidu,30,History,4,2,3,0,1,74,1,SCH0385,Govt. Senior Secondary School Noida-385,1
TCH07154,Meena Mittal,33,Biology,8,3,0,0,0,469,1,SCH0207,Govt. Middle School Varanasi-207,0
TCH07155,Devika Nair,51,Sanskrit,4,2,1,0,0,451,0,SCH0096,Govt. Senior Secondary School Kanpur-96,0
TCH07156,Amit Chauhan,34,Chemistry,6,3,4,1,0,337,0,SCH0154,Govt. Middle School Lucknow-154,1
TCH07157,Mahesh Kumar,35,Mathematics,9,1,6,0,0,253,1,SCH0220,Govt. High School North-220,1
TCH07158,Naresh Naidu,59,Hindi,14,13,14,0,0,202,0,SCH0229,Govt. High School Agra-229,1
TCH07159,Mukesh Gupta,35,Sanskrit,10,10,8,0,0,56,0,SCH0074,Govt. Middle School Ajmer-74,1
TCH07160,Nita Pandey,58,Hindi,30,8,5,0,0,65,0,SCH0428,Govt. High School Faridabad-428,1
TCH07161,Devika Jain,36,Chemistry,7,4,4,1,0,323,1,SCH0373,Govt. Senior Secondary School Varanasi-373,1
TCH07162,Pankaj Bhat,61,English,34,2,2,0,1,377,0,SCH0244,Govt. Senior Secondary School Agra-244,1
TCH07163,Ajay Kumar,26,Hindi,1,1,0,0,0,257,0,SCH0184,Govt. Primary School Central-184,0
TCH07164,Kamla Chaudhary,52,Physical Education,1,1,1,0,0,165,0,SCH0458,Govt. Primary School Udaipur-458,0
TCH07165,Mukesh Iyer,58,Mathematics,3,3,1,0,0,323,0,SCH0259,Govt. Primary School North-259,0
TCH07166,Priya Aggarwal,49,Social Science,19,1,9,0,0,162,0,SCH0209,Govt. High School Noida-209,0
TCH07167,Kamla Shukla,42,Geography,16,16,11,1,0,410,0,SCH0265,Govt. Middle School Gurgaon-265,1
TCH07168,Ramesh Patel,47,Mathematics,23,19,9,0,0,494,0,SCH0348,Govt. Primary School Udaipur-348,1
TCH07169,Usha Malhotra,55,Physics,31,17,6,0,0,36,1,SCH0356,Govt. Senior Secondary School South-356,1
TCH07170,Geeta Tiwari,51,Mathematics,8,7,3,0,0,78,0,SCH0399,Govt. High School North-399,0
TCH07171,Priya Naidu,36,History,2,2,0,0,0,17,0,SCH0178,Govt. Middle School Kota-178,0
TCH07172,Ajay Malhotra,32,English,5,3,5,0,0,227,0,SCH0484,Govt. Middle School Lucknow-484,0
TCH07173,Sanjay Pillai,36,Chemistry,13,12,13,1,0,36,0,SCH0243,Govt. Middle School Kanpur-243,1
TCH07174,Anita Mittal,61,Physics,18,8,6,1,1,431,1,SCH0381,Govt. High School Jodhpur-381,1
TCH07175,Yogesh Chaudhary,52,Social Science,16,9,12,0,0,182,0,SCH0306,Govt. Primary School Ghaziabad-306,1
TCH07176,Rajesh Pandey,50,Hindi,13,10,9,1,0,376,0,SCH0398,Govt. Senior Secondary School South-398,1
TCH07177,Ashok Chaudhary,49,Biology,15,6,0,1,0,13,0,SCH0350,Govt. Middle School Jaipur-350,1
TCH07178,Mukesh Nair,25,Geography,1,1,1,0,0,148,1,SCH0030,Govt. High School North-30,0
TCH07179,Savita Rao,27,Physical Education,1,1,0,0,0,306,0,SCH0452,Govt. High School Noida-452,0
TCH07180,Dinesh Tiwari,31,English,2,1,2,0,0,55,0,SCH0174,Govt. Middle School South-174,0
TCH07181,Vikram Pillai,60,Physical Education,18,8,14,1,0,21,0,SCH0224,Govt. Primary School South-224,1
TCH07182,Priya Mishra,31,Sanskrit,1,1,0,1,0,458,0,SCH0442,Govt. High School Gurgaon-442,1
TCH07183,Kamla Tiwari,51,English,21,10,14,0,0,203,0,SCH0401,Govt. Senior Secondary School Varanasi-401,1
TCH07184,Pooja Rao,45,Hindi,18,17,10,1,0,308,0,SCH0433,Govt. High School Jodhpur-433,1
TCH07185,Lakshmi Kaur,37,Sanskrit,7,4,2,1,0,417,0,SCH0441,Govt. Senior Secondary School Varanasi-441,1
TCH07186,Savita Kaur,60,Hindi,8,5,7,0,0,429,0,SCH0067,Govt. Primary School Udaipur-67,1
TCH07187,Sunita Bhat,34,English,4,4,0,1,0,38,0,SCH0093,Govt. Primary School Kanpur-93,0
TCH07188,Meena Rao,28,Science,4,1,2,0,0,404,0,SCH0090,Govt. Senior Secondary School Noida-90,0
TCH07189,Vikram Bansal,59,Biology,11,3,4,0,0,285,1,SCH0055,Govt. Middle School Noida-55,1
TCH07190,Shanti Reddy,43,Biology,18,15,11,0,0,87,0,SCH0426,Govt. High School Jodhpur-426,1
TCH07191,Ajay Singh,29,Biology,1,1,1,0,0,91,0,SCH0219,Govt. Primary School Ajmer-219,0
TCH07192,Radha Patel,30,Mathematics,3,3,3,0,1,49,0,SCH0055,Govt. Middle School Noida-55,0
TCH07193,Vinod Patel,59,Geography,5,1,2,0,0,269,0,SCH0400,Govt. Senior Secondary School Jodhpur-400,0
TCH07194,Sunil Dubey,32,Science,8,3,1,0,0,163,0,SCH0453,Govt. High School West-453,0
TCH07195,Seema Bansal,50,History,16,10,4,0,0,161,0,SCH0148,Govt. High School East-148,1
TCH07196,Vikas Menon,51,Hindi,20,10,9,1,0,320,0,SCH0207,Govt. Middle School Varanasi-207,1
TCH07197,Shanti Patel,24,Science,1,1,0,0,0,215,0,SCH0017,Govt. Primary School Udaipur-17,0
TCH07198,Radha Pillai,38,Mathematics,4,1,2,1,0,285,1,SCH0428,Govt. High School Faridabad-428,1
TCH07199,Anita Garg,60,Art,6,3,3,1,0,237,0,SCH0107,Govt. Middle School Varanasi-107,1
TCH07200,Pooja Sharma,46,English,17,11,3,0,1,365,0,SCH0092,Govt. Primary School Kanpur-92,1
TCH07201,Pankaj Pillai,24,Art,1,1,0,1,0,186,1,SCH0383,Govt. Middle School Gurgaon-383,0
TCH07202,Rajesh Singh,42,Social Science,1,1,0,0,1,39,0,SCH0282,Govt. Middle School East-282,0
TCH07203,Lakshmi Tiwari,59,Biology,8,6,6,1,0,24,1,SCH0095,Govt. Primary School New-95,1
TCH07204,Vikram Verma,42,Chemistry,9,8,7,0,0,84,0,SCH0425,Govt. High School Gurgaon-425,0
TCH07205,Priya Garg,40,Science,6,5,6,0,0,127,1,SCH0280,Govt. Middle School Udaipur-280,1
TCH07206,Savita Mittal,45,Art,3,3,2,1,0,376,0,SCH0231,Govt. Senior Secondary School Gurgaon-231,1
TCH07207,Nita Aggarwal,52,Science,2,2,0,1,0,102,1,SCH0010,Govt. Primary School West-10,0
TCH07208,Sanjay Chauhan,28,Art,2,2,2,0,0,343,1,SCH0205,Govt. Senior Secondary School East-205,0
TCH07209,Usha Naidu,32,Mathematics,4,1,0,0,0,68,0,SCH0021,Govt. Middle School Faridabad-21,0
TCH07210,Amit Joshi,38,Geography,11,11,4,0,0,387,0,SCH0482,Govt. Primary School Jaipur-482,1
TCH07211,Nita Patel,54,Chemistry,2,1,0,1,0,419,0,SCH0102,Govt. High School Gurgaon-102,1
TCH07212,Savita Patel,33,Social Science,1,1,1,0,1,274,0,SCH0428,Govt. High School Faridabad-428,1
TCH07213,Seema Shukla,59,Geography,4,2,0,0,0,435,0,SCH0470,Govt. High School Bikaner-470,0
TCH07214,Kavita Garg,56,Art,26,8,4,0,0,387,1,SCH0115,Govt. High School Jodhpur-115,1
TCH07215,Arun Pillai,30,Social Science,5,4,1,1,0,375,1,SCH0226,Govt. Senior Secondary School Kanpur-226,1
TCH07216,Yogesh Chaudhary,56,Hindi,3,1,0,0,0,406,0,SCH0401,Govt. Senior Secondary School Varanasi-401,0
TCH07217,Devika Sharma,58,History,24,5,11,0,0,6,1,SCH0469,Govt. High School Gurgaon-469,1
TCH07218,Vikas Verma,49,Physical Education,12,2,1,1,0,169,0,SCH0114,Govt. Middle School Bikaner-114,0
TCH07219,Ashok Tiwari,53,Mathematics,21,13,9,1,1,416,0,SCH0204,Govt. Middle School Agra-204,1
TCH07220,Dinesh Iyer,29,Physical Education,4,2,2,0,0,20,0,SCH0081,Govt. High School Gurgaon-81,0
TCH07221,Devika Pandey,45,Science,9,2,4,0,0,50,0,SCH0314,Govt. Primary School Udaipur-314,0
TCH07222,Ajay Mishra,44,Physical Education,12,4,4,1,0,343,1,SCH0358,Govt. Primary School Central-358,1
TCH07223,Ramesh Kumar,57,Biology,8,2,2,0,0,270,1,SCH0310,Govt. Middle School West-310,0
TCH07224,Arun Malhotra,34,Biology,3,2,2,0,0,29,0,SCH0359,Govt. Primary School Lucknow-359,0
TCH07225,Sunil Garg,37,Science,4,3,2,0,0,50,0,SCH0093,Govt. Primary School Kanpur-93,0
TCH07226,Vikas Singh,38,Sanskrit,9,4,8,0,0,259,0,SCH0082,Govt. Primary School West-82,0
TCH07227,Ramesh Dubey,24,Computer Science,1,1,0,0,0,212,0,SCH0199,Govt. High School Bikaner-199,0
TCH07228,Rekha Malhotra,39,Geography,6,3,3,1,0,344,0,SCH0025,Govt. Middle School North-25,1
TCH07229,Radha Verma,24,English,1,1,1,1,0,185,0,SCH0419,Govt. Primary School Central-419,0
TCH07230,Radha Bhat,42,Chemistry,17,8,4,0,0,279,1,SCH0426,Govt. High School Jodhpur-426,1
TCH07231,Lakshmi Reddy,44,Physics,17,8,14,1,0,493,0,SCH0232,Govt. High School Bikaner-232,1
TCH07232,Arun Chauhan,60,Sanskrit,28,12,13,1,0,34,0,SCH0422,Govt. Primary School Varanasi-422,1
TCH07233,Devika Reddy,24,Social Science,1,1,1,0,0,90,0,SCH0086,Govt. High School Jaipur-86,0
TCH07234,Nita Pillai,24,Biology,1,1,0,1,1,371,0,SCH0183,Govt. Senior Secondary School Jodhpur-183,1
TCH07235,Saroj Kaur,58,Computer Science,21,16,7,0,0,342,1,SCH0136,Govt. Middle School Ghaziabad-136,1
TCH07236,Shanti Sharma,56,Biology,24,6,4,0,0,332,0,SCH0301,Govt. High School New-301,1
TCH07237,Rajesh Nair,36,Sanskrit,3,1,2,0,1,45,0,SCH0371,Govt. Primary School Ghaziabad-371,0
TCH07238,Radha Joshi,36,Sanskrit,9,9,0,0,1,322,0,SCH0280,Govt. Middle School Udaipur-280,1
TCH07239,Pankaj Kaur,53,Biology,17,4,12,0,0,167,0,SCH0002,Govt. Senior Secondary School Kota-2,0
TCH07240,Pankaj Garg,30,Sanskrit,1,1,1,1,0,453,1,SCH0187,Govt. Senior Secondary School Lucknow-187,1
TCH07241,Arun Verma,56,History,7,1,2,1,1,194,1,SCH0012,Govt. High School East-12,1
TCH07242,Suresh Pillai,41,Sanskrit,3,3,3,0,0,456,0,SCH0006,Govt. Senior Secondary School West-6,0
TCH07243,Arun Iyer,28,Mathematics,4,2,4,0,0,4,1,SCH0433,Govt. High School Jodhpur-433,0
TCH07244,Pooja Malhotra,44,Science,15,8,12,0,0,483,0,SCH0085,Govt. Middle School Udaipur-85,1
TCH07245,Shanti Malhotra,32,Sanskrit,8,4,5,0,0,127,0,SCH0463,Govt. Primary School Jaipur-463,0
TCH07246,Rekha Mittal,30,Sanskrit,4,4,1,0,1,251,0,SCH0484,Govt. Middle School Lucknow-484,1
TCH07247,Saroj Verma,25,Social Science,2,1,0,0,0,460,1,SCH0122,Govt. High School Ghaziabad-122,0
TCH07248,Sunil Pillai,57,Mathematics,17,9,7,0,0,227,1,SCH0133,Govt. High School East-133,1
TCH07249,Ramesh Patel,34,English,5,4,4,1,0,248,1,SCH0300,Govt. Primary School Central-300,1
TCH07250,Sanjay Mishra,35,Hindi,4,1,3,0,0,329,0,SCH0179,Govt. Middle School North-179,0
TCH07251,Rajesh Patel,43,Hindi,1,1,1,0,0,272,1,SCH0089,Govt. High School Central-89,0
TCH07252,Vikram Verma,43,English,13,9,12,0,1,167,0,SCH0184,Govt. Primary School Central-184,1
TCH07253,Shanti Mittal,35,Computer Science,2,1,1,0,0,374,0,SCH0415,Govt. Middle School East-415,0
TCH07254,Usha Dubey,24,Sanskrit,1,1,0,0,0,12,1,SCH0413,Govt. High School Ajmer-413,0
TCH07255,Sunita Singh,32,Geography,3,3,2,1,0,188,1,SCH0499,Govt. Senior Secondary School East-499,0
TCH07256,Ramesh Pandey,25,Social Science,2,1,0,0,0,459,1,SCH0453,Govt. High School West-453,0
TCH07257,Amit Mishra,45,Sanskrit,18,14,8,1,0,188,0,SCH0169,Govt. Middle School Ajmer-169,1
TCH07258,Anita Nair,32,Sanskrit,1,1,0,1,0,365,0,SCH0208,Govt. Middle School Ghaziabad-208,1
TCH07259,Devika Joshi,43,Physical Education,17,8,14,1,0,1,0,SCH0284,Govt. Primary School Bikaner-284,1
TCH07260,Nita Iyer,57,Hindi,31,1,8,0,0,297,1,SCH0402,Govt. Middle School Faridabad-402,1
TCH07261,Geeta Yadav,49,English,22,19,10,0,0,176,0,SCH0387,Govt. High School Kota-387,1
TCH07262,Geeta Shukla,30,English,7,4,7,1,0,307,0,SCH0151,Govt. High School Kanpur-151,1
TCH07263,Radha Kumar,56,Mathematics,24,10,5,0,0,30,0,SCH0304,Govt. Middle School New-304,1
TCH07264,Sunil Sharma,28,Physics,3,2,2,1,0,267,1,SCH0416,Govt. Primary School Faridabad-416,1
TCH07265,Sunil Reddy,40,Hindi,8,2,6,0,0,38,0,SCH0289,Govt. Middle School Central-289,0
TCH07266,Deepak Bansal,28,Art,3,1,2,0,1,276,1,SCH0063,Govt. High School Faridabad-63,1
TCH07267,Seema Gupta,24,English,1,1,1,0,1,329,1,SCH0138,Govt. Middle School Bikaner-138,1
TCH07268,Anita Verma,57,Biology,24,6,14,1,0,46,1,SCH0451,Govt. Senior Secondary School Kanpur-451,1
TCH07269,Usha Malhotra,46,Geography,12,1,0,0,0,253,0,SCH0400,Govt. Senior Secondary School Jodhpur-400,0
TCH07270,Ashok Jain,40,Sanskrit,3,3,1,0,0,309,0,SCH0202,Govt. High School West-202,0
TCH07271,Ajay Iyer,49,English,13,5,8,1,0,249,0,SCH0314,Govt. Primary School Udaipur-314,1
TCH07272,Sunita Singh,57,English,19,19,2,0,0,237,0,SCH0488,Govt. Senior Secondary School Agra-488,1
TCH07273,Pushpa Shukla,47,Hindi,10,7,1,0,0,86,0,SCH0125,Govt. Primary School Jodhpur-125,0
TCH07274,Mukesh Chauhan,24,Social Science,1,1,1,0,0,269,0,SCH0039,Govt. Senior Secondary School North-39,0
TCH07275,Shanti Tiwari,61,English,16,2,1,0,0,323,1,SCH0302,Govt. Senior Secondary School Ghaziabad-302,0
TCH07276,Rajesh Shukla,60,English,5,1,0,1,0,117,1,SCH0034,Govt. Middle School Varanasi-34,0
TCH07277,Seema Reddy,56,Science,10,3,1,0,0,38,1,SCH0305,Govt. Primary School Noida-305,0
TCH07278,Nita Mittal,42,Biology,5,2,2,0,0,224,0,SCH0290,Govt. High School North-290,0
TCH07279,Saroj Aggarwal,37,Science,10,3,4,0,0,42,1,SCH0176,Govt. Middle School Udaipur-176,0
TCH07280,Deepak Patel,37,Chemistry,1,1,0,0,1,262,0,SCH0301,Govt. High School New-301,1
TCH07281,Vikram Bhat,47,Hindi,14,3,4,0,0,193,0,SCH0229,Govt. High School Agra-229,0
TCH07282,Mukesh Dubey,59,Hindi,24,17,4,1,1,440,0,SCH0052,Govt. Middle School Lucknow-52,1
TCH07283,Lakshmi Kumar,59,Chemistry,16,15,9,0,1,291,0,SCH0370,Govt. High School Kanpur-370,1
TCH07284,Seema Rao,38,Physics,3,3,0,0,0,135,0,SCH0438,Govt. Primary School Jodhpur-438,0
TCH07285,Harish Reddy,58,Chemistry,16,7,8,1,0,432,1,SCH0078,Govt. Middle School Gurgaon-78,1
TCH07286,Naresh Singh,39,English,3,3,0,0,0,75,0,SCH0129,Govt. Senior Secondary School Ghaziabad-129,0
TCH07287,Priya Mittal,38,Geography,3,3,2,0,0,15,1,SCH0360,Govt. Senior Secondary School Bikaner-360,0
TCH07288,Kavita Chauhan,53,Art,3,3,1,1,0,355,1,SCH0218,Govt. Primary School Lucknow-218,1
TCH07289,Ramesh Sharma,51,Mathematics,27,3,9,1,0,12,0,SCH0393,Govt. Primary School Ajmer-393,1
TCH07290,Anita Patel,27,Computer Science,4,1,3,1,0,201,0,SCH0293,Govt. High School Jaipur-293,1
TCH07291,Sunil Mittal,42,Social Science,15,9,11,0,0,496,1,SCH0380,Govt. Primary School Agra-380,1
TCH07292,Deepak Tiwari,32,Mathematics,7,4,1,0,0,184,0,SCH0162,Govt. Middle School Gurgaon-162,0
TCH07293,Arun Bhat,36,Science,3,2,3,0,0,283,0,SCH0098,Govt. High School Agra-98,0
TCH07294,Dinesh Bhat,47,Hindi,1,1,1,1,0,404,0,SCH0033,Govt. Primary School Jodhpur-33,1
TCH07295,Usha Dubey,39,Mathematics,14,8,13,0,0,489,0,SCH0441,Govt. Senior Secondary School Varanasi-441,1
TCH07296,Suresh Tiwari,55,Hindi,26,7,3,0,0,165,1,SCH0163,Govt. Senior Secondary School West-163,1
TCH07297,Deepak Singh,47,Geography,24,13,9,0,0,218,0,SCH0369,Govt. Middle School Central-369,1
TCH07298,Suresh Joshi,24,Hindi,1,1,1,0,0,105,0,SCH0328,Govt. Primary School New-328,0
TCH07299,Sunita Nair,52,Sanskrit,11,9,3,1,0,30,0,SCH0342,Govt. Primary School Agra-342,1
TCH07300,Pushpa Jain,54,Geography,22,11,3,0,0,359,0,SCH0227,Govt. Senior Secondary School Lucknow-227,1
TCH07301,Deepak Tiwari,26,Biology,1,1,1,0,0,491,0,SCH0237,Govt. Senior Secondary School East-237,0
TCH07302,Deepak Dubey,42,Physical Education,18,13,0,0,0,207,1,SCH0310,Govt. Middle School West-310,1
TCH07303,Mahesh Garg,36,English,4,1,2,1,0,352,0,SCH0380,Govt. Primary School Agra-380,1
TCH07304,Anita Nair,26,History,3,2,1,1,0,321,1,SCH0079,Govt. Senior Secondary School North-79,1
TCH07305,Mahesh Reddy,59,Art,19,16,9,1,0,366,1,SCH0121,Govt. Middle School Ajmer-121,1
TCH07306,Ashok Bhat,44,History,21,16,6,0,0,296,1,SCH0346,Govt. Primary School South-346,1
TCH07307,Kavita Pillai,53,English,22,10,7,0,1,290,0,SCH0406,Govt. High School Gurgaon-406,1
TCH07308,Rajesh Joshi,54,Art,13,5,6,0,0,152,0,SCH0377,Govt. Middle School Agra-377,1
TCH07309,Mukesh Rao,61,Mathematics,32,16,3,0,0,196,0,SCH0278,Govt. Senior Secondary School Lucknow-278,1
TCH07310,Pushpa Reddy,43,Chemistry,11,7,1,0,0,438,1,SCH0221,Govt. Middle School Ghaziabad-221,1
TCH07311,Vikas Yadav,43,Hindi,9,9,9,1,0,2,1,SCH0425,Govt. High School Gurgaon-425,1
TCH07312,Geeta Malhotra,53,English,16,13,1,1,0,126,0,SCH0451,Govt. Senior Secondary School Kanpur-451,1
TCH07313,Anita Menon,37,Chemistry,5,3,3,1,0,288,1,SCH0302,Govt. Senior Secondary School Ghaziabad-302,1
TCH07314,Suresh Dubey,26,Sanskrit,3,1,1,0,0,349,0,SCH0182,Govt. Senior Secondary School Varanasi-182,0
TCH07315,Sunita Patel,42,Physics,13,6,3,0,0,350,1,SCH0317,Govt. Middle School Jodhpur-317,1
TCH07316,Sunil Naidu,58,Social Science,11,8,0,0,0,64,0,SCH0240,Govt. Senior Secondary School New-240,0
TCH07317,Radha Tiwari,45,Mathematics,22,8,12,1,0,93,1,SCH0492,Govt. High School Lucknow-492,1
TCH07318,Kamla Pandey,41,Computer Science,12,3,11,1,0,135,0,SCH0453,Govt. High School West-453,1
TCH07319,Dinesh Kaur,36,History,12,8,9,0,1,25,0,SCH0258,Govt. Primary School Faridabad-258,1
TCH07320,Sanjay Bansal,61,Physical Education,33,10,2,0,0,317,0,SCH0272,Govt. Middle School East-272,1
TCH07321,Arun Malhotra,52,Physics,4,3,2,1,0,106,1,SCH0278,Govt. Senior Secondary School Lucknow-278,0
TCH07322,Radha Bhat,31,Art,6,5,2,0,0,457,0,SCH0359,Govt. Primary School Lucknow-359,0
TCH07323,Deepak Shukla,32,Art,8,8,7,0,0,45,1,SCH0245,Govt. Senior Secondary School Bikaner-245,1
TCH07324,Priya Kaur,28,History,2,1,2,0,0,236,0,SCH0089,Govt. High School Central-89,0
TCH07325,Lakshmi Rao,54,English,15,12,6,1,0,138,0,SCH0137,Govt. Primary School Faridabad-137,1
TCH07326,Anita Malhotra,53,English,5,5,3,1,0,213,0,SCH0338,Govt. Primary School Faridabad-338,1
TCH07327,Rekha Jain,53,Hindi,22,6,5,0,0,369,1,SCH0186,Govt. Senior Secondary School Faridabad-186,1
TCH07328,Ashok Kaur,37,Physics,11,7,1,0,0,189,1,SCH0442,Govt. High School Gurgaon-442,0
TCH07329,Anita Shukla,54,English,18,7,5,0,0,301,0,SCH0042,Govt. High School Jodhpur-42,1
TCH07330,Arun Patel,39,English,14,12,8,1,0,29,1,SCH0285,Govt. Middle School Kanpur-285,1
TCH07331,Dinesh Sharma,32,Art,8,5,6,0,1,148,0,SCH0446,Govt. Middle School Jodhpur-446,1
TCH07332,Sunil Patel,46,Physics,5,2,4,0,0,0,1,SCH0055,Govt. Middle School Noida-55,0
TCH07333,Lakshmi Patel,30,Art,3,2,2,0,0,6,0,SCH0374,Govt. Senior Secondary School Bikaner-374,0
TCH07334,Rekha Chauhan,30,English,1,1,0,0,0,373,0,SCH0453,Govt. High School West-453,0
TCH07335,Pankaj Yadav,33,Geography,3,3,0,0,0,353,0,SCH0283,Govt. Primary School New-283,0
TCH07336,Mahesh Mittal,26,English,3,2,2,1,0,16,1,SCH0390,Govt. Middle School Lucknow-390,0
TCH07337,Rajesh Gupta,55,Sanskrit,25,3,5,0,0,344,0,SCH0331,Govt. Senior Secondary School Jodhpur-331,1
TCH07338,Arun Aggarwal,26,English,2,2,1,1,0,47,0,SCH0485,Govt. Senior Secondary School New-485,0
TCH07339,Seema Gupta,42,Social Science,19,9,3,0,0,490,0,SCH0126,Govt. Senior Secondary School West-126,1
TCH07340,Vikas Patel,40,Geography,6,1,1,1,0,469,0,SCH0292,Govt. High School Jodhpur-292,1
TCH07341,Rajesh Iyer,40,Physical Education,14,10,10,1,0,168,0,SCH0006,Govt. Senior Secondary School West-6,1
TCH07342,Pankaj Shukla,30,English,6,3,0,1,0,368,0,SCH0336,Govt. Senior Secondary School Ghaziabad-336,1
TCH07343,Yogesh Verma,37,English,5,2,3,1,0,124,0,SCH0426,Govt. High School Jodhpur-426,1
TCH07344,Lakshmi Sharma,54,Social Science,2,2,2,1,1,340,0,SCH0210,Govt. Middle School West-210,1
TCH07345,Usha Bansal,51,Sanskrit,21,9,2,0,0,301,0,SCH0471,Govt. Middle School Ajmer-471,1
TCH07346,Anita Dubey,59,Chemistry,8,7,8,0,0,67,0,SCH0027,Govt. High School Central-27,0
TCH07347,Pooja Gupta,48,Biology,9,7,6,0,0,203,0,SCH0100,Govt. Senior Secondary School Gurgaon-100,1
TCH07348,Vinod Reddy,54,Mathematics,6,6,2,1,0,174,0,SCH0429,Govt. Middle School Central-429,1
TCH07349,Ramesh Iyer,57,Science,13,4,8,0,0,109,1,SCH0010,Govt. Primary School West-10,0
TCH07350,Anita Pillai,34,Hindi,3,1,0,1,0,37,1,SCH0026,Govt. High School South-26,0
TCH07351,Shanti Malhotra,47,Hindi,4,3,4,1,0,76,0,SCH0126,Govt. Senior Secondary School West-126,1
TCH07352,Saroj Patel,34,English,2,2,2,0,0,165,1,SCH0276,Govt. High School South-276,0
TCH07353,Rekha Bansal,24,Biology,1,1,1,0,0,282,0,SCH0083,Govt. Primary School Udaipur-83,0
TCH07354,Anita Pillai,48,Hindi,6,4,0,0,0,379,0,SCH0048,Govt. Middle School Gurgaon-48,0
TCH07355,Rajesh Bhat,44,Mathematics,1,1,0,0,1,202,0,SCH0196,Govt. Middle School Jaipur-196,1
TCH07356,Priya Jain,41,History,2,2,0,0,1,115,0,SCH0215,Govt. Middle School Ghaziabad-215,0
TCH07357,Savita Rao,44,Computer Science,5,4,5,1,0,127,0,SCH0074,Govt. Middle School Ajmer-74,1
TCH07358,Ashok Shukla,59,Social Science,25,5,7,0,0,366,0,SCH0020,Govt. Senior Secondary School Kota-20,1
TCH07359,Kavita Jain,51,Computer Science,8,6,0,0,0,405,0,SCH0205,Govt. Senior Secondary School East-205,0
TCH07360,Pankaj Bansal,46,Sanskrit,3,2,3,1,0,2,0,SCH0384,Govt. Middle School Jaipur-384,1
TCH07361,Mukesh Chaudhary,47,Sanskrit,5,5,0,0,0,199,1,SCH0029,Govt. Primary School Lucknow-29,0
TCH07362,Lakshmi Joshi,61,Hindi,23,7,5,0,0,292,0,SCH0067,Govt. Primary School Udaipur-67,1
TCH07363,Kamla Bhat,50,Physics,20,10,8,1,0,411,0,SCH0363,Govt. Primary School Central-363,1
TCH07364,Rajesh Pillai,24,Physics,1,1,0,0,0,391,0,SCH0006,Govt. Senior Secondary School West-6,0
TCH07365,Savita Patel,59,Hindi,5,4,1,1,0,422,1,SCH0117,Govt. Middle School Ghaziabad-117,1
TCH07366,Radha Gupta,47,Biology,16,15,5,0,0,415,1,SCH0139,Govt. Senior Secondary School Ajmer-139,1
TCH07367,Radha Naidu,51,English,17,15,5,0,0,212,0,SCH0423,Govt. Senior Secondary School Lucknow-423,1
TCH07368,Ramesh Naidu,53,Science,25,7,0,0,0,130,1,SCH0439,Govt. Senior Secondary School Kota-439,0
TCH07369,Sanjay Aggarwal,61,Chemistry,29,2,10,0,0,279,0,SCH0106,Govt. Middle School West-106,1
TCH07370,Rajesh Reddy,41,Art,5,5,5,0,0,411,0,SCH0059,Govt. Senior Secondary School Central-59,1
TCH07371,Mahesh Joshi,39,Physical Education,10,1,8,0,0,491,1,SCH0317,Govt. Middle School Jodhpur-317,1
TCH07372,Radha Joshi,49,English,6,5,0,1,0,478,1,SCH0048,Govt. Middle School Gurgaon-48,1
TCH07373,Sanjay Bhat,41,Science,11,10,11,0,0,261,0,SCH0481,Govt. Senior Secondary School Jaipur-481,1
TCH07374,Dinesh Tiwari,56,Sanskrit,5,2,2,0,0,234,0,SCH0200,Govt. Middle School Bikaner-200,0
TCH07375,Kavita Jain,48,Physical Education,9,7,1,1,0,427,0,SCH0148,Govt. High School East-148,1
TCH07376,Savita Patel,40,Biology,9,9,5,0,0,181,1,SCH0101,Govt. High School Gurgaon-101,1
TCH07377,Naresh Nair,54,Physics,23,1,2,0,0,55,1,SCH0241,Govt. High School Udaipur-241,0
TCH07378,Pankaj Mittal,45,Art,22,3,6,1,0,113,1,SCH0245,Govt. Senior Secondary School Bikaner-245,1
TCH07379,Radha Garg,28,Physical Education,1,1,1,0,0,218,0,SCH0017,Govt. Primary School Udaipur-17,0
TCH07380,Mahesh Iyer,60,Social Science,21,5,2,0,0,345,0,SCH0107,Govt. Middle School Varanasi-107,1
TCH07381,Saroj Verma,59,Sanskrit,26,10,7,1,1,480,0,SCH0093,Govt. Primary School Kanpur-93,1
TCH07382,Radha Aggarwal,57,Science,26,12,10,0,0,6,0,SCH0143,Govt. Senior Secondary School Kota-143,1
TCH07383,Ashok Garg,51,Physics,24,13,13,0,0,359,0,SCH0243,Govt. Middle School Kanpur-243,1
TCH07384,Harish Menon,36,Biology,6,3,4,1,0,253,0,SCH0052,Govt. Middle School Lucknow-52,1
TCH07385,Anita Bansal,36,Sanskrit,2,2,1,0,0,461,0,SCH0011,Govt. Middle School Lucknow-11,0
TCH07386,Saroj Iyer,35,Geography,2,1,0,1,0,468,0,SCH0254,Govt. Primary School Jaipur-254,1
TCH07387,Pooja Joshi,61,Physical Education,34,17,10,0,0,278,0,SCH0097,Govt. Primary School Central-97,1
TCH07388,Amit Mittal,34,English,5,4,0,0,0,45,0,SCH0094,Govt. Middle School Gurgaon-94,0
TCH07389,Devika Mishra,30,Biology,7,6,2,0,0,128,0,SCH0147,Govt. High School Gurgaon-147,0
TCH07390,Seema Malhotra,49,Social Science,11,11,8,0,0,270,0,SCH0158,Govt. Primary School West-158,1
TCH07391,Pushpa Patel,43,Hindi,18,4,12,1,0,236,0,SCH0040,Govt. High School Jodhpur-40,1
TCH07392,Dinesh Chaudhary,42,Art,16,14,5,0,0,350,0,SCH0138,Govt. Middle School Bikaner-138,1
TCH07393,Sanjay Nair,59,Sanskrit,26,4,11,0,0,118,0,SCH0172,Govt. Senior Secondary School North-172,0
TCH07394,Vikas Tiwari,48,Biology,22,16,14,1,0,390,1,SCH0200,Govt. Middle School Bikaner-200,1
TCH07395,Rajesh Patel,29,Physics,3,2,1,0,0,158,0,SCH0292,Govt. High School Jodhpur-292,0
TCH07396,Vinod Malhotra,26,History,3,2,1,1,0,436,0,SCH0448,Govt. Senior Secondary School West-448,1
TCH07397,Ramesh Shukla,54,Sanskrit,16,9,4,1,0,308,0,SCH0190,Govt. High School Gurgaon-190,1
TCH07398,Deepak Chaudhary,48,History,21,1,6,1,0,246,1,SCH0390,Govt. Middle School Lucknow-390,1
TCH07399,Amit Tiwari,31,Physical Education,1,1,1,0,0,480,0,SCH0291,Govt. Primary School Faridabad-291,0
TCH07400,Pooja Yadav,28,History,5,2,0,0,0,391,0,SCH0240,Govt. Senior Secondary School New-240,0
TCH07401,Seema Gupta,37,Computer Science,1,1,1,0,0,37,1,SCH0223,Govt. Middle School Gurgaon-223,0
TCH07402,Rajesh Iyer,48,Physics,17,1,1,1,0,336,1,SCH0007,Govt. Primary School South-7,1
TCH07403,Harish Garg,33,Physics,8,4,6,0,0,69,0,SCH0117,Govt. Middle School Ghaziabad-117,0
TCH07404,Ashok Rao,60,Physical Education,9,1,6,0,0,16,0,SCH0321,Govt. Primary School West-321,0
TCH07405,Seema Patel,38,Science,13,9,3,0,0,430,1,SCH0484,Govt. Middle School Lucknow-484,1
TCH07406,Seema Mishra,29,Physics,1,1,0,0,0,304,0,SCH0201,Govt. Primary School Bikaner-201,0
TCH07407,Anita Iyer,28,Mathematics,3,2,2,0,1,166,0,SCH0400,Govt. Senior Secondary School Jodhpur-400,0
TCH07408,Amit Pillai,43,Art,6,4,0,0,0,314,0,SCH0428,Govt. High School Faridabad-428,0
TCH07409,Mukesh Menon,55,Science,11,5,2,0,0,81,1,SCH0113,Govt. High School Jodhpur-113,0
TCH07410,Radha Verma,29,Social Science,6,2,2,0,0,17,1,SCH0135,Govt. Middle School Central-135,0
TCH07411,Pankaj Kaur,38,Science,15,10,0,0,0,1,0,SCH0251,Govt. Primary School New-251,0
TCH07412,Ramesh Chauhan,47,History,14,3,13,0,1,13,1,SCH0151,Govt. High School Kanpur-151,1
TCH07413,Kamla Tiwari,39,Social Science,16,15,10,0,0,386,1,SCH0490,Govt. Middle School Lucknow-490,1
TCH07414,Savita Verma,28,Chemistry,3,3,3,0,0,463,0,SCH0109,Govt. High School Jaipur-109,0
TCH07415,Naresh Gupta,27,History,2,2,2,1,0,428,0,SCH0373,Govt. Senior Secondary School Varanasi-373,1
TCH07416,Yogesh Bansal,57,Computer Science,26,8,12,1,0,438,0,SCH0386,Govt. Senior Secondary School South-386,1
TCH07417,Dinesh Mittal,33,Chemistry,6,5,1,1,0,130,1,SCH0494,Govt. Primary School West-494,1
TCH07418,Pankaj Garg,56,Biology,10,3,10,0,1,181,1,SCH0132,Govt. High School South-132,1
TCH07419,Naresh Malhotra,49,Hindi,10,2,4,0,0,472,0,SCH0068,Govt. Senior Secondary School South-68,1
TCH07420,Devika Jain,32,Art,8,1,8,1,0,183,1,SCH0207,Govt. Middle School Varanasi-207,1
TCH07421,Vikram Dubey,31,Computer Science,6,3,4,0,0,152,1,SCH0462,Govt. Primary School Noida-462,0
TCH07422,Anita Nair,48,Physics,3,3,2,0,0,308,0,SCH0153,Govt. Primary School Ghaziabad-153,0
TCH07423,Kamla Kaur,52,Geography,7,2,1,1,0,181,0,SCH0419,Govt. Primary School Central-419,0
TCH07424,Amit Verma,37,English,1,1,0,0,0,417,0,SCH0293,Govt. High School Jaipur-293,0
TCH07425,Mukesh Jain,46,Physical Education,23,16,11,0,0,402,1,SCH0232,Govt. High School Bikaner-232,1
TCH07426,Vikas Bansal,57,Science,1,1,1,1,0,343,0,SCH0086,Govt. High School Jaipur-86,1
TCH07427,Kamla Joshi,56,Physics,23,2,3,0,1,293,0,SCH0006,Govt. Senior Secondary School West-6,1
TCH07428,Savita Reddy,35,Sanskrit,12,8,12,0,0,189,0,SCH0021,Govt. Middle School Faridabad-21,1
TCH07429,Devika Shukla,57,Mathematics,29,18,6,0,0,372,1,SCH0429,Govt. Middle School Central-429,1
TCH07430,Geeta Dubey,26,Chemistry,1,1,1,0,1,464,0,SCH0149,Govt. Primary School Central-149,1
TCH07431,Radha Verma,61,Physics,28,18,11,0,0,436,0,SCH0386,Govt. Senior Secondary School South-386,1
TCH07432,Amit Mishra,56,Physical Education,25,6,0,1,0,72,1,SCH0461,Govt. Middle School South-461,1
TCH07433,Yogesh Tiwari,24,Chemistry,1,1,0,0,0,311,0,SCH0127,Govt. High School Central-127,0
TCH07434,Harish Mishra,51,Hindi,12,4,4,0,0,470,0,SCH0304,Govt. Middle School New-304,1
TCH07435,Lakshmi Rao,34,Computer Science,1,1,0,0,0,339,0,SCH0014,Govt. Middle School South-14,0
TCH07436,Nita Sharma,36,Sanskrit,1,1,0,1,0,106,1,SCH0226,Govt. Senior Secondary School Kanpur-226,0
TCH07437,Mukesh Bhat,26,Art,3,2,0,1,0,156,0,SCH0208,Govt. Middle School Ghaziabad-208,0
TCH07438,Kavita Menon,28,English,3,3,0,0,0,363,1,SCH0455,Govt. Senior Secondary School Ajmer-455,0
TCH07439,Pooja Chaudhary,56,Chemistry,24,2,2,0,0,428,0,SCH0094,Govt. Middle School Gurgaon-94,0
TCH07440,Mukesh Jain,24,Geography,1,1,1,0,0,448,1,SCH0455,Govt. Senior Secondary School Ajmer-455,0
TCH07441,Seema Malhotra,61,Science,17,13,9,0,0,214,1,SCH0329,Govt. Senior Secondary School South-329,1
TCH07442,Priya Malhotra,43,History,13,11,5,0,0,268,0,SCH0315,Govt. Primary School Udaipur-315,1
TCH07443,Harish Reddy,24,History,1,1,0,1,0,75,1,SCH0232,Govt. High School Bikaner-232,0
TCH07444,Usha Yadav,57,History,25,4,3,0,1,93,0,SCH0221,Govt. Middle School Ghaziabad-221,1
TCH07445,Usha Naidu,48,Geography,22,19,1,0,0,99,1,SCH0390,Govt. Middle School Lucknow-390,0
TCH07446,Amit Shukla,27,Biology,4,2,0,0,0,87,0,SCH0414,Govt. Senior Secondary School Central-414,0
TCH07447,Nita Pillai,33,Chemistry,7,4,5,0,0,431,0,SCH0385,Govt. Senior Secondary School Noida-385,0
TCH07448,Rekha Naidu,35,Sanskrit,7,7,5,0,0,223,1,SCH0105,Govt. Primary School Ajmer-105,1
TCH07449,Harish Bhat,34,Geography,6,4,6,1,1,154,0,SCH0087,Govt. Primary School Udaipur-87,1
TCH07450,Harish Malhotra,43,Biology,15,10,3,0,0,48,0,SCH0445,Govt. Middle School Central-445,1
TCH07451,Priya Kaur,56,Sanskrit,30,8,4,1,0,394,0,SCH0205,Govt. Senior Secondary School East-205,1
TCH07452,Ashok Garg,37,Mathematics,12,10,11,1,0,286,0,SCH0162,Govt. Middle School Gurgaon-162,1
TCH07453,Rekha Pillai,35,English,1,1,1,0,0,29,0,SCH0433,Govt. High School Jodhpur-433,0
TCH07454,Kavita Bhat,53,Biology,12,10,6,0,0,183,0,SCH0072,Govt. Middle School Udaipur-72,1
TCH07455,Mahesh Reddy,39,Sanskrit,8,2,7,0,0,359,0,SCH0031,Govt. Senior Secondary School East-31,0
TCH07456,Radha Malhotra,40,Physical Education,9,9,0,0,0,288,0,SCH0288,Govt. Primary School Central-288,0
TCH07457,Vikram Menon,35,Sanskrit,11,11,9,0,0,277,0,SCH0392,Govt. High School South-392,1
TCH07458,Yogesh Sharma,56,Chemistry,19,18,11,0,0,432,1,SCH0206,Govt. High School Lucknow-206,1
TCH07459,Nita Patel,30,Sanskrit,2,1,1,0,0,211,1,SCH0201,Govt. Primary School Bikaner-201,0
TCH07460,Vikram Shukla,41,Art,16,3,3,1,0,206,0,SCH0032,Govt. High School Jodhpur-32,1
TCH07461,Vikas Jain,28,Computer Science,5,3,2,0,0,499,0,SCH0084,Govt. Primary School West-84,0
TCH07462,Rajesh Rao,55,Hindi,25,7,11,1,1,395,0,SCH0459,Govt. Primary School New-459,1
TCH07463,Anita Pillai,26,English,1,1,1,0,0,82,1,SCH0484,Govt. Middle School Lucknow-484,0
TCH07464,Harish Bansal,33,Geography,8,1,3,1,0,484,0,SCH0393,Govt. Primary School Ajmer-393,1
TCH07465,Vikas Bansal,47,History,11,11,7,1,0,332,0,SCH0042,Govt. High School Jodhpur-42,1
TCH07466,Arun Rao,59,Science,12,5,4,0,0,471,1,SCH0477,Govt. Senior Secondary School Agra-477,1
TCH07467,Meena Chaudhary,37,Physical Education,10,6,4,1,1,497,1,SCH0288,Govt. Primary School Central-288,1
TCH07468,Nita Malhotra,32,Art,4,1,0,0,0,365,0,SCH0166,Govt. Primary School Bikaner-166,0
TCH07469,Savita Gupta,56,Biology,8,4,3,0,0,168,0,SCH0120,Govt. High School New-120,0
TCH07470,Rajesh Menon,53,Chemistry,14,13,2,0,0,271,0,SCH0378,Govt. High School Udaipur-378,1
TCH07471,Rekha Iyer,27,Social Science,2,1,2,0,0,229,0,SCH0422,Govt. Primary School Varanasi-422,0
TCH07472,Lakshmi Pillai,24,Social Science,1,1,0,0,1,406,0,SCH0088,Govt. High School Ghaziabad-88,1
TCH07473,Priya Yadav,41,Physical Education,10,1,6,0,0,63,0,SCH0081,Govt. High School Gurgaon-81,0
TCH07474,Anita Menon,60,Computer Science,29,10,12,0,0,344,0,SCH0357,Govt. Senior Secondary School Ghaziabad-357,1
TCH07475,Geeta Mittal,50,Science,11,8,8,1,0,251,0,SCH0489,Govt. Senior Secondary School Kanpur-489,1
TCH07476,Geeta Pandey,61,Social Science,25,17,11,1,0,348,1,SCH0346,Govt. Primary School South-346,1
TCH07477,Ajay Bhat,57,Mathematics,22,4,14,1,1,418,0,SCH0352,Govt. Middle School Varanasi-352,1
TCH07478,Vinod Dubey,40,Art,15,2,0,1,0,306,0,SCH0058,Govt. Senior Secondary School Central-58,1
TCH07479,Saroj Chaudhary,48,Biology,23,16,14,0,0,98,0,SCH0290,Govt. High School North-290,1
TCH07480,Naresh Iyer,60,English,32,19,5,0,0,11,0,SCH0014,Govt. Middle School South-14,1
TCH07481,Saroj Pandey,49,Sanskrit,20,8,13,1,0,172,1,SCH0033,Govt. Primary School Jodhpur-33,1
TCH07482,Yogesh Yadav,54,Mathematics,23,12,3,1,0,372,0,SCH0276,Govt. High School South-276,1
TCH07483,Mahesh Iyer,50,History,14,11,13,0,0,221,0,SCH0189,Govt. Senior Secondary School Noida-189,1
TCH07484,Seema Mishra,45,History,21,7,9,0,0,254,0,SCH0084,Govt. Primary School West-84,1
TCH07485,Harish Kaur,29,Art,1,1,1,0,1,381,0,SCH0468,Govt. Primary School South-468,1
TCH07486,Geeta Aggarwal,47,Mathematics,3,1,2,0,0,167,1,SCH0143,Govt. Senior Secondary School Kota-143,0
TCH07487,Meena Aggarwal,58,Sanskrit,19,16,8,1,0,254,0,SCH0358,Govt. Primary School Central-358,1
TCH07488,Vikram Chauhan,58,Physical Education,23,17,5,0,0,307,0,SCH0356,Govt. Senior Secondary School South-356,1
TCH07489,Kavita Chaudhary,56,Biology,21,17,3,0,0,492,0,SCH0276,Govt. High School South-276,1
TCH07490,Rajesh Shukla,52,Computer Science,15,5,0,0,0,126,1,SCH0258,Govt. Primary School Faridabad-258,0
TCH07491,Seema Naidu,56,Hindi,14,10,3,1,0,231,0,SCH0193,Govt. Senior Secondary School West-193,1
TCH07492,Kavita Pandey,35,Computer Science,6,5,5,1,0,204,1,SCH0348,Govt. Primary School Udaipur-348,1
TCH07493,Anita Garg,45,Art,9,3,2,1,1,218,0,SCH0271,Govt. Middle School Lucknow-271,1
TCH07494,Sunita Singh,57,Chemistry,11,6,4,0,0,183,0,SCH0389,Govt. Middle School Gurgaon-389,1
TCH07495,Mahesh Mittal,52,Art,27,10,1,0,0,482,0,SCH0334,Govt. Middle School Faridabad-334,1
TCH07496,Meena Mittal,47,Sanskrit,2,1,1,1,0,20,0,SCH0298,Govt. Senior Secondary School Varanasi-298,0
TCH07497,Harish Gupta,59,Physics,25,7,1,0,0,293,1,SCH0335,Govt. Primary School Noida-335,1
TCH07498,Sanjay Chauhan,33,Art,10,3,0,0,0,185,1,SCH0001,Govt. Senior Secondary School West-1,0
TCH07499,Kavita Rao,61,Mathematics,16,11,0,1,0,173,1,SCH0024,Govt. Middle School Central-24,1
TCH07500,Ajay Kumar,24,Chemistry,1,1,1,1,0,253,1,SCH0480,Govt. Middle School Jodhpur-480,1
TCH07501,Rekha Verma,29,Biology,2,2,1,0,0,94,1,SCH0323,Govt. Middle School Central-323,0
TCH07502,Sunita Yadav,55,Mathematics,23,14,3,0,0,435,1,SCH0451,Govt. Senior Secondary School Kanpur-451,1
TCH07503,Sunil Verma,45,History,15,6,2,0,0,473,0,SCH0263,Govt. High School Faridabad-263,1
TCH07504,Vikram Chauhan,51,English,22,9,12,0,0,227,0,SCH0328,Govt. Primary School New-328,1
TCH07505,Meena Nair,41,English,6,1,0,0,1,45,0,SCH0206,Govt. High School Lucknow-206,0
TCH07506,Pankaj Menon,38,English,9,1,0,1,1,356,0,SCH0308,Govt. Primary School Varanasi-308,1
TCH07507,Vinod Bansal,58,Social Science,34,4,4,0,0,293,1,SCH0334,Govt. Middle School Faridabad-334,1
TCH07508,Kamla Pandey,54,Art,1,1,1,1,0,178,1,SCH0432,Govt. Middle School Jodhpur-432,0
TCH07509,Priya Naidu,58,Sanskrit,33,8,4,1,0,333,1,SCH0485,Govt. Senior Secondary School New-485,1
TCH07510,Savita Kumar,43,History,4,3,1,1,0,406,0,SCH0010,Govt. Primary School West-10,1
TCH07511,Anita Pandey,34,Geography,1,1,0,0,0,392,1,SCH0260,Govt. High School Lucknow-260,0
TCH07512,Savita Reddy,26,Social Science,1,1,0,0,1,197,1,SCH0095,Govt. Primary School New-95,0
TCH07513,Vikram Chaudhary,25,History,2,1,0,0,0,3,0,SCH0046,Govt. Senior Secondary School Ajmer-46,0
TCH07514,Radha Jain,36,Geography,6,6,0,0,0,494,0,SCH0002,Govt. Senior Secondary School Kota-2,0
TCH07515,Kavita Kaur,37,Geography,13,2,12,0,1,42,0,SCH0351,Govt. High School Ghaziabad-351,1
TCH07516,Naresh Garg,52,Science,23,13,8,0,0,382,0,SCH0453,Govt. High School West-453,1
TCH07517,Mukesh Shukla,29,Chemistry,4,4,2,0,1,67,0,SCH0088,Govt. High School Ghaziabad-88,0
TCH07518,Rajesh Menon,39,Mathematics,9,7,2,0,0,331,1,SCH0068,Govt. Senior Secondary School South-68,1
TCH07519,Deepak Bansal,28,Mathematics,5,5,1,1,0,51,1,SCH0272,Govt. Middle School East-272,1
TCH07520,Saroj Singh,58,Biology,6,6,0,1,0,171,0,SCH0123,Govt. Middle School Central-123,1
TCH07521,Pooja Jain,60,Chemistry,30,6,11,1,0,213,0,SCH0030,Govt. High School North-30,1
TCH07522,Mahesh Tiwari,43,Social Science,9,2,2,0,1,254,0,SCH0100,Govt. Senior Secondary School Gurgaon-100,1
TCH07523,Ashok Aggarwal,56,Geography,4,4,4,0,0,1,0,SCH0112,Govt. Primary School Bikaner-112,0
TCH07524,Pooja Reddy,35,Social Science,2,2,1,0,0,355,0,SCH0196,Govt. Middle School Jaipur-196,0
TCH07525,Kamla Naidu,53,Sanskrit,17,16,9,0,0,182,0,SCH0172,Govt. Senior Secondary School North-172,1
TCH07526,Pushpa Mittal,24,Mathematics,1,1,1,0,0,419,1,SCH0449,Govt. High School Gurgaon-449,0
TCH07527,Pooja Sharma,57,Physical Education,4,1,2,0,1,112,0,SCH0042,Govt. High School Jodhpur-42,0
TCH07528,Vinod Aggarwal,57,Computer Science,22,18,11,1,0,334,1,SCH0383,Govt. Middle School Gurgaon-383,1
TCH07529,Meena Joshi,41,English,12,4,11,0,0,146,0,SCH0477,Govt. Senior Secondary School Agra-477,0
TCH07530,Shanti Yadav,50,Chemistry,27,19,10,0,0,189,0,SCH0337,Govt. Senior Secondary School Ghaziabad-337,1
TCH07531,Priya Pillai,29,Science,2,1,0,0,1,336,0,SCH0306,Govt. Primary School Ghaziabad-306,1
TCH07532,Meena Mishra,47,Biology,19,16,13,0,0,248,1,SCH0481,Govt. Senior Secondary School Jaipur-481,1
TCH07533,Geeta Sharma,26,English,3,1,2,0,0,300,0,SCH0187,Govt. Senior Secondary School Lucknow-187,0
TCH07534,Seema Pillai,50,Biology,3,2,1,0,0,98,0,SCH0283,Govt. Primary School New-283,0
TCH07535,Sunita Mishra,44,Geography,12,1,0,1,0,200,0,SCH0208,Govt. Middle School Ghaziabad-208,0
TCH07536,Yogesh Sharma,50,English,18,7,1,0,0,477,0,SCH0193,Govt. Senior Secondary School West-193,1
TCH07537,Vinod Mishra,58,Chemistry,28,14,4,0,0,210,0,SCH0471,Govt. Middle School Ajmer-471,1
TCH07538,Deepak Garg,27,Art,2,2,1,0,1,2,0,SCH0163,Govt. Senior Secondary School West-163,0
TCH07539,Rekha Verma,58,Physics,16,5,4,0,0,417,0,SCH0457,Govt. Senior Secondary School Ghaziabad-457,1
TCH07540,Ramesh Bhat,46,Art,2,2,1,1,0,143,0,SCH0182,Govt. Senior Secondary School Varanasi-182,0
TCH07541,Mahesh Nair,26,Art,2,1,0,1,0,295,1,SCH0218,Govt. Primary School Lucknow-218,1
TCH07542,Sunil Bansal,47,Biology,2,2,1,1,0,453,0,SCH0041,Govt. Primary School Faridabad-41,1
TCH07543,Shanti Malhotra,39,Social Science,6,2,2,1,0,156,0,SCH0405,Govt. Middle School Lucknow-405,0
TCH07544,Priya Mishra,50,Sanskrit,13,4,11,0,0,284,0,SCH0348,Govt. Primary School Udaipur-348,1
TCH07545,Seema Bansal,38,History,13,13,13,0,0,305,0,SCH0205,Govt. Senior Secondary School East-205,1
TCH07546,Meena Singh,56,Physics,12,7,4,0,0,463,0,SCH0280,Govt. Middle School Udaipur-280,1
TCH07547,Vikas Chauhan,24,Biology,1,1,1,1,0,398,1,SCH0448,Govt. Senior Secondary School West-448,1
TCH07548,Kamla Dubey,61,Social Science,24,15,6,1,0,6,0,SCH0128,Govt. High School Bikaner-128,1
TCH07549,Lakshmi Chaudhary,41,English,8,3,3,1,0,216,0,SCH0481,Govt. Senior Secondary School Jaipur-481,1
TCH07550,Deepak Mishra,51,Chemistry,16,15,5,1,0,279,0,SCH0102,Govt. High School Gurgaon-102,1
TCH07551,Naresh Shukla,60,Art,11,2,5,0,0,360,0,SCH0020,Govt. Senior Secondary School Kota-20,1
TCH07552,Ajay Malhotra,37,Geography,8,6,3,0,1,284,0,SCH0238,Govt. Primary School South-238,1
TCH07553,Kamla Chaudhary,38,Social Science,11,7,0,0,1,342,0,SCH0497,Govt. High School Ghaziabad-497,1
TCH07554,Vikram Kumar,33,Physics,4,1,0,0,0,391,1,SCH0300,Govt. Primary School Central-300,0
TCH07555,Rekha Pillai,43,Sanskrit,14,8,5,1,0,184,0,SCH0298,Govt. Senior Secondary School Varanasi-298,1
TCH07556,Pooja Kumar,39,Physical Education,8,6,3,0,0,131,1,SCH0249,Govt. Senior Secondary School West-249,1
TCH07557,Mahesh Patel,26,Geography,2,2,2,0,0,231,0,SCH0026,Govt. High School South-26,0
TCH07558,Naresh Patel,36,English,8,7,6,0,0,295,0,SCH0269,Govt. Middle School East-269,1
TCH07559,Pankaj Pillai,26,Geography,1,1,0,0,0,96,0,SCH0493,Govt. High School Jaipur-493,0
TCH07560,Rajesh Shukla,35,Chemistry,3,1,1,0,0,198,0,SCH0066,Govt. Middle School Kanpur-66,0
TCH07561,Vikram Chauhan,45,Geography,18,6,1,1,0,236,0,SCH0204,Govt. Middle School Agra-204,1
TCH07562,Pankaj Patel,60,Hindi,2,1,0,1,0,437,1,SCH0299,Govt. Primary School Jaipur-299,1
TCH07563,Dinesh Shukla,41,Geography,13,9,7,0,0,214,0,SCH0457,Govt. Senior Secondary School Ghaziabad-457,1
TCH07564,Ajay Naidu,33,Sanskrit,9,9,5,0,0,458,1,SCH0303,Govt. Middle School Central-303,1
TCH07565,Anita Jain,44,Physical Education,1,1,1,0,0,133,0,SCH0080,Govt. Primary School Jaipur-80,0
TCH07566,Devika Mishra,42,Hindi,17,17,0,1,0,443,0,SCH0309,Govt. Middle School Agra-309,1
TCH07567,Devika Kaur,41,Biology,2,1,2,1,1,8,0,SCH0165,Govt. Primary School Gurgaon-165,1
TCH07568,Lakshmi Menon,58,History,10,8,5,0,0,210,0,SCH0443,Govt. High School Udaipur-443,1
TCH07569,Pushpa Chauhan,36,Geography,10,6,4,0,0,274,0,SCH0238,Govt. Primary School South-238,1
TCH07570,Shanti Jain,42,Art,14,1,4,0,0,379,0,SCH0096,Govt. Senior Secondary School Kanpur-96,1
TCH07571,Rajesh Joshi,41,Science,1,1,0,1,0,356,0,SCH0223,Govt. Middle School Gurgaon-223,1
TCH07572,Mahesh Nair,58,English,26,15,7,0,0,126,1,SCH0127,Govt. High School Central-127,1
TCH07573,Kamla Garg,26,Art,2,1,1,0,0,144,0,SCH0026,Govt. High School South-26,0
TCH07574,Ajay Bansal,27,Hindi,2,2,2,0,0,67,0,SCH0129,Govt. Senior Secondary School Ghaziabad-129,0
TCH07575,Ashok Yadav,41,Geography,16,9,1,0,1,151,0,SCH0049,Govt. Senior Secondary School Agra-49,1
TCH07576,Sanjay Malhotra,44,Geography,9,2,5,0,1,255,1,SCH0271,Govt. Middle School Lucknow-271,1
TCH07577,Meena Kumar,48,Chemistry,21,6,8,0,0,475,0,SCH0044,Govt. High School Udaipur-44,1
TCH07578,Priya Sharma,27,Science,3,2,3,0,0,71,0,SCH0006,Govt. Senior Secondary School West-6,0
TCH07579,Rekha Verma,43,Computer Science,1,1,1,0,1,402,1,SCH0149,Govt. Primary School Central-149,1
TCH07580,Savita Jain,58,Chemistry,3,1,0,0,1,167,1,SCH0338,Govt. Primary School Faridabad-338,0
TCH07581,Saroj Kaur,40,Physical Education,7,4,2,0,0,204,0,SCH0076,Govt. High School Jodhpur-76,0
TCH07582,Vikram Aggarwal,51,Social Science,26,6,5,0,0,60,0,SCH0484,Govt. Middle School Lucknow-484,1
TCH07583,Ramesh Garg,25,Mathematics,1,1,1,0,0,428,1,SCH0380,Govt. Primary School Agra-380,0
TCH07584,Vinod Kaur,46,Geography,8,8,7,0,0,52,0,SCH0446,Govt. Middle School Jodhpur-446,0
TCH07585,Nita Joshi,59,Science,8,8,3,1,0,229,1,SCH0037,Govt. High School Jaipur-37,1
TCH07586,Nita Nair,53,Art,4,4,0,0,0,198,0,SCH0009,Govt. Middle School Gurgaon-9,0
TCH07587,Pushpa Pandey,47,English,21,1,1,0,1,248,0,SCH0295,Govt. Middle School New-295,1
TCH07588,Sunil Rao,25,English,1,1,1,1,0,253,0,SCH0462,Govt. Primary School Noida-462,1
TCH07589,Anita Iyer,32,History,4,4,2,1,1,277,1,SCH0017,Govt. Primary School Udaipur-17,1
TCH07590,Ashok Bansal,28,Computer Science,3,1,0,1,0,228,1,SCH0223,Govt. Middle School Gurgaon-223,1
TCH07591,Rekha Patel,38,Physical Education,11,1,0,1,0,117,0,SCH0197,Govt. Middle School Udaipur-197,0
TCH07592,Deepak Joshi,60,Mathematics,10,10,10,0,0,234,1,SCH0403,Govt. High School Varanasi-403,1
TCH07593,Saroj Bhat,31,Computer Science,3,3,2,0,0,436,1,SCH0169,Govt. Middle School Ajmer-169,0
TCH07594,Sunita Nair,35,English,5,5,0,0,0,436,1,SCH0078,Govt. Middle School Gurgaon-78,1
TCH07595,Usha Bansal,31,Hindi,3,1,1,0,0,479,1,SCH0120,Govt. High School New-120,0
TCH07596,Vikas Jain,31,Biology,3,3,2,0,0,370,1,SCH0016,Govt. Middle School Gurgaon-16,0
TCH07597,Radha Iyer,24,Art,1,1,1,0,0,107,1,SCH0219,Govt. Primary School Ajmer-219,0
TCH07598,Saroj Tiwari,34,History,4,2,1,0,1,204,0,SCH0053,Govt. Senior Secondary School Ghaziabad-53,1
TCH07599,Saroj Shukla,35,English,2,1,1,0,0,471,1,SCH0464,Govt. Middle School Gurgaon-464,0
TCH07600,Vikas Bansal,41,Art,12,3,10,1,0,322,0,SCH0469,Govt. High School Gurgaon-469,1
TCH07601,Amit Reddy,52,Sanskrit,7,4,0,0,0,435,0,SCH0280,Govt. Middle School Udaipur-280,0
TCH07602,Lakshmi Menon,43,English,17,13,12,0,0,197,0,SCH0190,Govt. High School Gurgaon-190,1
TCH07603,Rajesh Gupta,57,Biology,20,16,11,0,0,154,0,SCH0451,Govt. Senior Secondary School Kanpur-451,1
TCH07604,Shanti Mishra,36,Computer Science,8,8,2,0,0,347,0,SCH0338,Govt. Primary School Faridabad-338,0
TCH07605,Rajesh Chauhan,44,Geography,14,3,10,1,0,448,0,SCH0479,Govt. Middle School Agra-479,1
TCH07606,Pankaj Singh,41,History,2,2,1,1,1,239,0,SCH0210,Govt. Middle School West-210,1
TCH07607,Vikas Pandey,49,Biology,10,7,8,0,0,432,0,SCH0221,Govt. Middle School Ghaziabad-221,1
TCH07608,Vinod Garg,48,Sanskrit,24,16,11,1,0,409,0,SCH0079,Govt. Senior Secondary School North-79,1
TCH07609,Rekha Mishra,26,Art,3,2,0,0,1,134,0,SCH0004,Govt. Middle School Jaipur-4,0
TCH07610,Rekha Rao,41,Social Science,7,5,0,1,0,288,1,SCH0481,Govt. Senior Secondary School Jaipur-481,1
TCH07611,Arun Pandey,46,Hindi,6,6,2,0,0,164,0,SCH0062,Govt. High School North-62,0
TCH07612,Vikram Naidu,51,Hindi,21,7,10,0,0,142,1,SCH0494,Govt. Primary School West-494,1
TCH07613,Saroj Pandey,56,Sanskrit,5,5,0,1,0,451,0,SCH0247,Govt. High School New-247,1
TCH07614,Suresh Sharma,46,Mathematics,18,11,3,0,0,154,0,SCH0208,Govt. Middle School Ghaziabad-208,1
TCH07615,Pushpa Rao,56,Hindi,6,3,0,1,0,140,1,SCH0255,Govt. High School Varanasi-255,0
TCH07616,Arun Gupta,36,Biology,5,4,2,0,0,191,1,SCH0329,Govt. Senior Secondary School South-329,0
TCH07617,Dinesh Verma,48,Hindi,7,2,2,0,0,487,0,SCH0497,Govt. High School Ghaziabad-497,0
TCH07618,Anita Malhotra,40,Geography,9,4,2,0,0,250,1,SCH0215,Govt. Middle School Ghaziabad-215,0
TCH07619,Pooja Verma,50,English,22,3,2,0,0,242,1,SCH0391,Govt. Primary School West-391,0
TCH07620,Usha Bansal,39,Geography,6,1,0,0,0,227,1,SCH0356,Govt. Senior Secondary School South-356,0
TCH07621,Anita Iyer,55,Physical Education,29,17,11,0,0,59,0,SCH0382,Govt. Senior Secondary School Jaipur-382,1
TCH07622,Anita Yadav,45,History,4,4,4,1,0,488,1,SCH0037,Govt. High School Jaipur-37,1
TCH07623,Sanjay Yadav,60,Biology,22,2,10,1,0,144,0,SCH0248,Govt. High School Central-248,1
TCH07624,Sanjay Joshi,60,Physical Education,31,4,5,0,1,334,0,SCH0021,Govt. Middle School Faridabad-21,1
TCH07625,Vinod Garg,47,Social Science,18,7,13,0,0,157,0,SCH0095,Govt. Primary School New-95,1
TCH07626,Yogesh Joshi,28,History,4,3,1,0,0,348,0,SCH0141,Govt. Senior Secondary School Jodhpur-141,0
TCH07627,Rajesh Malhotra,42,Social Science,13,6,12,0,0,340,0,SCH0312,Govt. Primary School Kanpur-312,1
TCH07628,Radha Sharma,59,Biology,20,12,3,0,0,273,1,SCH0253,Govt. Middle School Gurgaon-253,1
TCH07629,Sunil Chaudhary,33,Sanskrit,2,1,1,0,0,138,1,SCH0384,Govt. Middle School Jaipur-384,0
TCH07630,Ramesh Pandey,40,Science,15,14,10,0,0,331,0,SCH0066,Govt. Middle School Kanpur-66,1
TCH07631,Rajesh Bhat,51,Sanskrit,27,16,9,1,0,23,1,SCH0473,Govt. High School Central-473,1
TCH07632,Pankaj Pandey,37,Science,12,1,0,1,0,460,0,SCH0241,Govt. High School Udaipur-241,1
TCH07633,Ajay Gupta,47,Art,15,8,12,1,0,468,0,SCH0399,Govt. High School North-399,1
TCH07634,Amit Jain,30,Physical Education,7,2,2,0,0,283,0,SCH0242,Govt. Senior Secondary School Agra-242,0
TCH07635,Dinesh Gupta,51,Biology,27,6,5,0,0,392,1,SCH0286,Govt. Primary School Bikaner-286,1
TCH07636,Geeta Naidu,33,English,10,1,1,0,0,415,0,SCH0356,Govt. Senior Secondary School South-356,0
TCH07637,Sunil Pillai,29,Physics,3,3,0,0,0,132,0,SCH0443,Govt. High School Udaipur-443,0
TCH07638,Seema Dubey,37,Chemistry,10,1,10,0,0,384,0,SCH0041,Govt. Primary School Faridabad-41,1
TCH07639,Mahesh Verma,54,Geography,11,11,9,1,1,397,0,SCH0099,Govt. Senior Secondary School Faridabad-99,1
TCH07640,Vikram Menon,28,Art,4,3,3,1,0,498,0,SCH0417,Govt. Primary School New-417,1
TCH07641,Harish Sharma,61,Physics,32,17,4,1,0,93,0,SCH0182,Govt. Senior Secondary School Varanasi-182,1
TCH07642,Sunil Kaur,48,Science,12,4,10,0,0,475,0,SCH0178,Govt. Middle School Kota-178,1
TCH07643,Suresh Pandey,39,Sanskrit,11,7,4,1,0,117,0,SCH0374,Govt. Senior Secondary School Bikaner-374,1
TCH07644,Mahesh Tiwari,25,Physical Education,2,1,0,1,0,215,0,SCH0232,Govt. High School Bikaner-232,1
TCH07645,Saroj Shukla,39,Computer Science,10,1,5,0,0,266,1,SCH0410,Govt. Senior Secondary School South-410,1
TCH07646,Geeta Iyer,55,Computer Science,17,17,3,1,0,346,1,SCH0188,Govt. Middle School Kanpur-188,1
TCH07647,Lakshmi Verma,41,Computer Science,17,2,12,1,0,42,1,SCH0060,Govt. High School Noida-60,1
TCH07648,Mukesh Sharma,55,Mathematics,17,13,4,1,0,213,1,SCH0252,Govt. Primary School Gurgaon-252,1
TCH07649,Rajesh Pillai,27,Hindi,2,2,2,1,0,190,1,SCH0146,Govt. Middle School Central-146,0
TCH07650,Rajesh Bhat,51,Social Science,28,10,1,0,0,40,0,SCH0457,Govt. Senior Secondary School Ghaziabad-457,0
TCH07651,Rekha Singh,55,History,27,5,5,0,0,321,0,SCH0164,Govt. Senior Secondary School Agra-164,1
TCH07652,Priya Malhotra,57,Hindi,2,2,2,1,1,160,0,SCH0142,Govt. Middle School New-142,1
TCH07653,Sunil Kumar,41,English,10,2,9,0,0,357,0,SCH0310,Govt. Middle School West-310,1
TCH07654,Sunil Sharma,28,Computer Science,3,3,1,0,1,230,0,SCH0042,Govt. High School Jodhpur-42,1
TCH07655,Anita Shukla,40,Chemistry,2,1,2,0,0,458,0,SCH0108,Govt. Senior Secondary School Agra-108,0
TCH07656,Arun Malhotra,49,Physical Education,12,3,8,0,1,221,0,SCH0394,Govt. High School Kanpur-394,1
TCH07657,Amit Mishra,49,History,2,1,1,0,0,292,1,SCH0375,Govt. Primary School South-375,0
TCH07658,Sunil Menon,25,Chemistry,2,1,0,0,1,325,0,SCH0191,Govt. Middle School Gurgaon-191,1
TCH07659,Seema Reddy,48,Physical Education,10,10,10,0,0,407,0,SCH0351,Govt. High School Ghaziabad-351,1
TCH07660,Priya Naidu,28,Biology,1,1,0,0,0,260,0,SCH0381,Govt. High School Jodhpur-381,0
TCH07661,Sunil Sharma,61,English,32,10,11,0,0,139,0,SCH0274,Govt. High School Agra-274,1
TCH07662,Ashok Patel,57,Geography,27,10,12,0,0,76,1,SCH0201,Govt. Primary School Bikaner-201,1
TCH07663,Usha Gupta,29,Chemistry,3,3,3,0,0,83,0,SCH0358,Govt. Primary School Central-358,0
TCH07664,Radha Bhat,47,Geography,12,1,4,1,0,456,0,SCH0145,Govt. Primary School Bikaner-145,1
TCH07665,Nita Kaur,31,Hindi,8,5,1,0,0,26,0,SCH0106,Govt. Middle School West-106,0
TCH07666,Pankaj Kumar,38,Hindi,12,5,5,1,0,448,1,SCH0176,Govt. Middle School Udaipur-176,1
TCH07667,Sanjay Iyer,39,Biology,7,6,2,1,1,458,1,SCH0029,Govt. Primary School Lucknow-29,1
TCH07668,Mahesh Garg,30,Mathematics,5,4,2,1,0,209,0,SCH0154,Govt. Middle School Lucknow-154,1
TCH07669,Harish Mittal,60,Mathematics,1,1,1,0,0,426,0,SCH0258,Govt. Primary School Faridabad-258,0
TCH07670,Radha Rao,39,Mathematics,6,1,3,0,0,279,0,SCH0391,Govt. Primary School West-391,0
TCH07671,Ajay Menon,25,Biology,1,1,1,1,0,182,0,SCH0259,Govt. Primary School North-259,0
TCH07672,Amit Iyer,42,English,7,3,6,0,0,203,0,SCH0497,Govt. High School Ghaziabad-497,0
TCH07673,Kavita Iyer,41,Physical Education,7,3,2,0,0,142,0,SCH0022,Govt. Primary School New-22,0
TCH07674,Anita Menon,48,Sanskrit,17,3,9,0,0,125,0,SCH0315,Govt. Primary School Udaipur-315,0
TCH07675,Vinod Garg,55,Hindi,11,1,4,0,0,461,1,SCH0371,Govt. Primary School Ghaziabad-371,1
TCH07676,Anita Yadav,30,Computer Science,6,5,6,0,0,56,0,SCH0041,Govt. Primary School Faridabad-41,0
TCH07677,Meena Aggarwal,41,Chemistry,11,6,3,1,0,307,0,SCH0439,Govt. Senior Secondary School Kota-439,1
TCH07678,Suresh Singh,54,Physics,21,3,14,0,0,83,0,SCH0194,Govt. Middle School Ajmer-194,0
TCH07679,Seema Menon,59,Physics,19,17,7,1,1,428,1,SCH0276,Govt. High School South-276,1
TCH07680,Sunita Pandey,37,English,5,4,4,0,1,152,0,SCH0288,Govt. Primary School Central-288,0
TCH07681,Lakshmi Mishra,42,English,2,2,1,0,0,268,1,SCH0410,Govt. Senior Secondary School South-410,0
TCH07682,Kavita Singh,31,Geography,1,1,0,0,1,399,1,SCH0337,Govt. Senior Secondary School Ghaziabad-337,1
TCH07683,Lakshmi Verma,34,Social Science,2,1,2,1,0,100,1,SCH0336,Govt. Senior Secondary School Ghaziabad-336,0
TCH07684,Arun Kumar,26,Mathematics,1,1,0,1,0,94,0,SCH0233,Govt. Primary School Jodhpur-233,0
TCH07685,Ramesh Iyer,49,Biology,7,6,1,1,0,312,0,SCH0161,Govt. Middle School Kanpur-161,1
TCH07686,Rajesh Rao,48,Biology,6,5,4,1,0,440,1,SCH0348,Govt. Primary School Udaipur-348,1
TCH07687,Seema Dubey,34,Physical Education,5,3,5,1,0,1,0,SCH0488,Govt. Senior Secondary School Agra-488,1
TCH07688,Vinod Rao,60,Physical Education,2,2,2,1,0,218,0,SCH0143,Govt. Senior Secondary School Kota-143,1
TCH07689,Sunita Garg,50,History,6,4,0,0,0,118,1,SCH0358,Govt. Primary School Central-358,0
TCH07690,Deepak Jain,60,Computer Science,23,1,13,1,0,215,0,SCH0348,Govt. Primary School Udaipur-348,1
TCH07691,Sanjay Gupta,36,Biology,11,4,2,1,0,276,1,SCH0459,Govt. Primary School New-459,1
TCH07692,Vikram Joshi,29,Chemistry,1,1,1,0,0,256,0,SCH0385,Govt. Senior Secondary School Noida-385,0
TCH07693,Vikram Bansal,39,Geography,3,2,2,1,0,416,0,SCH0382,Govt. Senior Secondary School Jaipur-382,1
TCH07694,Usha Kaur,30,Hindi,4,3,2,0,0,24,0,SCH0294,Govt. Middle School East-294,0
TCH07695,Seema Chaudhary,53,Art,12,4,6,0,0,346,1,SCH0296,Govt. Middle School North-296,1
TCH07696,Naresh Chaudhary,32,English,6,4,5,1,0,117,0,SCH0249,Govt. Senior Secondary School West-249,1
TCH07697,Pankaj Patel,29,Hindi,2,1,0,0,0,329,1,SCH0447,Govt. Middle School East-447,0
TCH07698,Vikas Shukla,37,Mathematics,3,2,1,0,0,179,1,SCH0168,Govt. High School Kota-168,0
TCH07699,Ramesh Sharma,60,English,25,4,10,1,0,485,0,SCH0187,Govt. Senior Secondary School Lucknow-187,1
TCH07700,Naresh Gupta,33,Physical Education,7,7,1,0,1,309,1,SCH0384,Govt. Middle School Jaipur-384,1
TCH07701,Rekha Sharma,45,English,18,12,5,0,0,84,1,SCH0274,Govt. High School Agra-274,1
TCH07702,Pushpa Bansal,25,History,2,1,2,0,0,251,0,SCH0192,Govt. High School Faridabad-192,0
TCH07703,Yogesh Sharma,35,Hindi,11,7,4,0,0,372,0,SCH0465,Govt. Middle School Kota-465,1
TCH07704,Naresh Nair,48,Chemistry,2,1,0,0,0,375,1,SCH0465,Govt. Middle School Kota-465,0
TCH07705,Usha Jain,35,Sanskrit,3,3,1,1,0,40,0,SCH0025,Govt. Middle School North-25,0
TCH07706,Lakshmi Mishra,55,Mathematics,24,7,2,0,0,154,0,SCH0027,Govt. High School Central-27,0
TCH07707,Lakshmi Mishra,30,Chemistry,2,2,1,0,0,113,1,SCH0203,Govt. Primary School Kanpur-203,0
TCH07708,Rajesh Dubey,52,Mathematics,16,10,5,0,0,229,1,SCH0425,Govt. High School Gurgaon-425,1
TCH07709,Kamla Mittal,43,Computer Science,7,3,2,0,0,305,0,SCH0067,Govt. Primary School Udaipur-67,0
TCH07710,Radha Tiwari,24,Sanskrit,1,1,0,0,0,405,0,SCH0045,Govt. Senior Secondary School New-45,0
TCH07711,Saroj Menon,61,Geography,24,7,0,0,0,446,0,SCH0005,Govt. Primary School New-5,1
TCH07712,Rajesh Garg,40,Hindi,11,3,9,1,0,250,0,SCH0062,Govt. High School North-62,1
TCH07713,Amit Pillai,33,Science,8,4,8,1,0,218,1,SCH0301,Govt. High School New-301,1
TCH07714,Sunita Aggarwal,31,Physical Education,1,1,0,0,0,288,0,SCH0085,Govt. Middle School Udaipur-85,0
TCH07715,Priya Kumar,51,Physics,16,8,0,1,0,331,1,SCH0122,Govt. High School Ghaziabad-122,1
TCH07716,Priya Iyer,50,Social Science,18,17,10,0,0,27,0,SCH0070,Govt. High School Kota-70,1
TCH07717,Arun Bhat,60,Hindi,23,11,1,1,0,49,1,SCH0174,Govt. Middle School South-174,1
TCH07718,Savita Malhotra,43,Physics,16,6,2,0,0,247,0,SCH0393,Govt. Primary School Ajmer-393,1
TCH07719,Savita Bhat,51,Geography,26,13,7,1,0,416,0,SCH0292,Govt. High School Jodhpur-292,1
TCH07720,Ramesh Garg,58,Science,26,12,7,0,0,197,0,SCH0188,Govt. Middle School Kanpur-188,1
TCH07721,Pooja Shukla,57,Mathematics,21,18,7,0,0,146,0,SCH0295,Govt. Middle School New-295,1
TCH07722,Saroj Bhat,61,History,32,12,9,0,0,141,1,SCH0026,Govt. High School South-26,1
TCH07723,Amit Kumar,41,Sanskrit,12,12,9,0,0,423,0,SCH0221,Govt. Middle School Ghaziabad-221,1
TCH07724,Savita Dubey,29,Sanskrit,6,1,2,0,0,404,0,SCH0496,Govt. Middle School Bikaner-496,0
TCH07725,Pushpa Jain,24,Social Science,1,1,0,1,0,386,0,SCH0486,Govt. Senior Secondary School East-486,1
TCH07726,Ashok Tiwari,46,Art,8,4,5,1,0,70,0,SCH0339,Govt. Middle School Kota-339,1
TCH07727,Anita Kumar,30,Mathematics,1,1,1,1,0,40,0,SCH0140,Govt. Primary School Udaipur-140,0
TCH07728,Vinod Kaur,46,History,15,1,1,0,0,35,0,SCH0164,Govt. Senior Secondary School Agra-164,0
TCH07729,Ajay Joshi,55,Physical Education,21,1,14,0,0,407,0,SCH0493,Govt. High School Jaipur-493,1
TCH07730,Usha Mishra,38,History,4,1,3,1,0,465,0,SCH0147,Govt. High School Gurgaon-147,1
TCH07731,Kavita Menon,36,Mathematics,3,2,2,1,0,271,1,SCH0047,Govt. Middle School Agra-47,1
TCH07732,Devika Singh,37,Physical Education,7,5,7,1,0,317,0,SCH0323,Govt. Middle School Central-323,1
TCH07733,Ajay Shukla,61,Physics,27,11,14,1,0,384,0,SCH0281,Govt. Primary School East-281,1
TCH07734,Dinesh Nair,50,Hindi,14,2,11,0,0,335,0,SCH0323,Govt. Middle School Central-323,1
TCH07735,Vinod Malhotra,25,Physics,2,1,2,1,0,394,1,SCH0146,Govt. Middle School Central-146,1
TCH07736,Lakshmi Patel,47,Sanskrit,19,10,5,0,0,352,0,SCH0204,Govt. Middle School Agra-204,1
TCH07737,Ajay Aggarwal,30,Computer Science,3,1,1,0,0,117,0,SCH0086,Govt. High School Jaipur-86,0
TCH07738,Meena Singh,61,Biology,31,8,5,0,1,92,0,SCH0190,Govt. High School Gurgaon-190,1
TCH07739,Pushpa Verma,49,Physics,20,8,9,0,0,322,1,SCH0316,Govt. Senior Secondary School South-316,1
TCH07740,Pankaj Shukla,48,Mathematics,18,10,3,1,0,117,0,SCH0359,Govt. Primary School Lucknow-359,1
TCH07741,Pankaj Singh,42,Art,18,8,1,0,1,368,1,SCH0121,Govt. Middle School Ajmer-121,1
TCH07742,Deepak Joshi,41,History,14,1,7,1,0,220,0,SCH0216,Govt. Middle School East-216,1
TCH07743,Priya Chauhan,42,Mathematics,16,12,14,0,0,73,1,SCH0217,Govt. Middle School Varanasi-217,1
TCH07744,Yogesh Garg,47,Computer Science,19,4,0,0,0,37,0,SCH0152,Govt. Middle School Agra-152,0
TCH07745,Pankaj Mittal,60,Chemistry,22,15,6,0,1,237,1,SCH0079,Govt. Senior Secondary School North-79,1
TCH07746,Deepak Yadav,29,Physics,4,1,1,0,1,81,0,SCH0009,Govt. Middle School Gurgaon-9,0
TCH07747,Vikram Dubey,34,History,10,8,2,0,0,296,0,SCH0410,Govt. Senior Secondary School South-410,1
TCH07748,Priya Gupta,43,Physics,12,8,1,1,0,449,1,SCH0187,Govt. Senior Secondary School Lucknow-187,1
TCH07749,Sanjay Naidu,55,Mathematics,18,18,4,0,1,447,1,SCH0489,Govt. Senior Secondary School Kanpur-489,1
TCH07750,Yogesh Mishra,53,Computer Science,26,3,3,0,0,249,1,SCH0035,Govt. Primary School South-35,1
TCH07751,Anita Chaudhary,54,Biology,20,6,11,1,0,484,0,SCH0372,Govt. High School Lucknow-372,1
TCH07752,Suresh Pandey,33,Chemistry,2,2,2,1,1,486,1,SCH0415,Govt. Middle School East-415,1
TCH07753,Dinesh Nair,51,Biology,10,5,6,1,0,91,1,SCH0028,Govt. High School Varanasi-28,1
TCH07754,Sunita Dubey,31,English,5,5,2,0,0,214,0,SCH0293,Govt. High School Jaipur-293,0
TCH07755,Mahesh Joshi,44,Science,11,10,1,0,0,341,1,SCH0092,Govt. Primary School Kanpur-92,1
TCH07756,Geeta Pillai,44,Physics,11,6,11,1,0,245,0,SCH0108,Govt. Senior Secondary School Agra-108,1
TCH07757,Yogesh Pillai,28,Social Science,3,2,1,1,0,386,1,SCH0158,Govt. Primary School West-158,1
TCH07758,Naresh Tiwari,24,Physical Education,1,1,1,0,0,363,1,SCH0029,Govt. Primary School Lucknow-29,0
TCH07759,Shanti Yadav,25,Science,1,1,0,0,0,188,0,SCH0382,Govt. Senior Secondary School Jaipur-382,0
TCH07760,Ashok Bhat,45,Biology,3,1,1,0,0,155,0,SCH0349,Govt. High School Faridabad-349,0
TCH07761,Sunita Pandey,40,Physical Education,10,3,9,0,0,474,0,SCH0299,Govt. Primary School Jaipur-299,1
TCH07762,Kavita Pillai,48,Physical Education,13,2,6,0,0,429,0,SCH0236,Govt. Senior Secondary School Jaipur-236,1
TCH07763,Kamla Reddy,56,Geography,22,3,9,0,0,110,0,SCH0041,Govt. Primary School Faridabad-41,0
TCH07764,Lakshmi Chaudhary,60,Physical Education,33,19,7,0,0,444,1,SCH0273,Govt. Middle School West-273,1
TCH07765,Rekha Garg,53,Physical Education,14,14,3,0,0,177,0,SCH0480,Govt. Middle School Jodhpur-480,1
TCH07766,Anita Yadav,56,Chemistry,14,9,11,1,0,30,0,SCH0208,Govt. Middle School Ghaziabad-208,1
TCH07767,Naresh Mittal,27,Science,2,1,1,0,0,214,0,SCH0170,Govt. Primary School Kanpur-170,0
TCH07768,Geeta Yadav,60,Physics,20,11,6,1,0,76,0,SCH0284,Govt. Primary School Bikaner-284,1
TCH07769,Ajay Rao,61,Social Science,13,12,4,1,0,121,0,SCH0366,Govt. Senior Secondary School East-366,1
TCH07770,Devika Chauhan,35,Chemistry,6,6,3,0,0,103,1,SCH0322,Govt. High School Central-322,1
TCH07771,Rajesh Dubey,48,Computer Science,12,9,9,0,0,161,1,SCH0281,Govt. Primary School East-281,1
TCH07772,Sunita Malhotra,31,English,3,3,3,0,0,298,0,SCH0240,Govt. Senior Secondary School New-240,0
TCH07773,Geeta Kaur,33,Physical Education,8,4,7,1,0,490,0,SCH0497,Govt. High School Ghaziabad-497,1
TCH07774,Mukesh Aggarwal,24,Physical Education,1,1,1,0,0,358,0,SCH0245,Govt. Senior Secondary School Bikaner-245,0
TCH07775,Sunil Tiwari,51,Hindi,11,3,7,0,0,480,1,SCH0046,Govt. Senior Secondary School Ajmer-46,1
TCH07776,Rajesh Aggarwal,38,Computer Science,7,4,3,0,0,198,1,SCH0439,Govt. Senior Secondary School Kota-439,0
TCH07777,Vikas Patel,37,English,14,6,6,1,0,117,0,SCH0052,Govt. Middle School Lucknow-52,1
TCH07778,Ajay Dubey,57,Chemistry,31,13,13,0,1,257,0,SCH0014,Govt. Middle School South-14,1
TCH07779,Geeta Yadav,57,Hindi,17,12,3,0,0,354,1,SCH0251,Govt. Primary School New-251,1
TCH07780,Meena Bhat,61,Physical Education,31,8,12,1,0,454,1,SCH0436,Govt. High School Jodhpur-436,1
TCH07781,Mukesh Yadav,24,Art,1,1,0,1,0,381,0,SCH0310,Govt. Middle School West-310,1
TCH07782,Deepak Yadav,30,Geography,3,1,1,1,0,490,0,SCH0350,Govt. Middle School Jaipur-350,1
TCH07783,Lakshmi Joshi,43,Social Science,14,4,2,1,0,344,0,SCH0441,Govt. Senior Secondary School Varanasi-441,1
TCH07784,Pooja Garg,41,History,13,4,1,0,0,108,1,SCH0021,Govt. Middle School Faridabad-21,0
TCH07785,Deepak Pandey,54,Hindi,4,1,1,0,0,355,0,SCH0472,Govt. Middle School Ghaziabad-472,0
TCH07786,Arun Bansal,27,Chemistry,4,2,2,0,0,398,0,SCH0391,Govt. Primary School West-391,0
TCH07787,Savita Shukla,42,Geography,15,4,12,0,0,232,1,SCH0479,Govt. Middle School Agra-479,1
TCH07788,Anita Reddy,60,English,30,9,9,1,0,470,0,SCH0441,Govt. Senior Secondary School Varanasi-441,1
TCH07789,Arun Chauhan,36,Biology,1,1,0,0,0,489,1,SCH0133,Govt. High School East-133,0
TCH07790,Geeta Iyer,38,Physical Education,3,2,3,0,0,159,0,SCH0471,Govt. Middle School Ajmer-471,0
TCH07791,Ramesh Kaur,55,History,13,9,13,0,0,135,0,SCH0082,Govt. Primary School West-82,1
TCH07792,Usha Reddy,59,English,25,18,6,0,1,217,1,SCH0445,Govt. Middle School Central-445,1
TCH07793,Deepak Mishra,55,Computer Science,15,12,6,0,0,147,1,SCH0024,Govt. Middle School Central-24,1
TCH07794,Priya Pillai,37,Science,3,2,0,0,1,296,0,SCH0094,Govt. Middle School Gurgaon-94,1
TCH07795,Rajesh Gupta,47,Chemistry,1,1,1,1,0,297,0,SCH0129,Govt. Senior Secondary School Ghaziabad-129,1
TCH07796,Sanjay Mishra,41,Art,12,12,11,0,0,147,1,SCH0316,Govt. Senior Secondary School South-316,1
TCH07797,Pooja Nair,50,Social Science,5,3,5,0,0,96,0,SCH0409,Govt. Senior Secondary School Agra-409,0
TCH07798,Deepak Yadav,28,Social Science,5,3,4,0,0,1,0,SCH0151,Govt. High School Kanpur-151,0
TCH07799,Vikram Iyer,34,Geography,4,1,0,0,0,393,0,SCH0254,Govt. Primary School Jaipur-254,0
TCH07800,Meena Mittal,34,Geography,1,1,0,0,0,415,1,SCH0269,Govt. Middle School East-269,0
TCH07801,Mukesh Pandey,37,Sanskrit,3,2,3,1,0,340,1,SCH0005,Govt. Primary School New-5,1
TCH07802,Anita Pandey,48,Sanskrit,19,14,7,1,0,99,1,SCH0165,Govt. Primary School Gurgaon-165,1
TCH07803,Usha Kumar,35,Chemistry,2,2,1,0,1,367,0,SCH0138,Govt. Middle School Bikaner-138,1
TCH07804,Yogesh Pandey,58,Chemistry,27,3,12,1,0,42,0,SCH0030,Govt. High School North-30,1
TCH07805,Ajay Iyer,39,Science,3,1,2,0,0,472,0,SCH0292,Govt. High School Jodhpur-292,0
TCH07806,Devika Mishra,47,Science,14,12,14,0,0,186,0,SCH0104,Govt. High School West-104,1
TCH07807,Rajesh Bhat,31,Sanskrit,8,6,0,0,0,180,0,SCH0016,Govt. Middle School Gurgaon-16,0
TCH07808,Vinod Mishra,41,Hindi,10,1,0,0,0,113,1,SCH0202,Govt. High School West-202,0
TCH07809,Meena Patel,28,Art,3,2,2,0,0,41,1,SCH0345,Govt. High School Ajmer-345,0
TCH07810,Radha Reddy,52,Physical Education,27,6,1,0,0,465,1,SCH0389,Govt. Middle School Gurgaon-389,1
TCH07811,Meena Jain,27,English,4,4,0,0,0,349,1,SCH0399,Govt. High School North-399,0
TCH07812,Yogesh Chauhan,39,Biology,1,1,1,0,0,84,0,SCH0253,Govt. Middle School Gurgaon-253,0
TCH07813,Nita Gupta,28,Chemistry,5,3,5,1,1,51,0,SCH0112,Govt. Primary School Bikaner-112,1
TCH07814,Harish Bhat,29,Mathematics,6,3,0,0,0,287,1,SCH0454,Govt. Primary School Faridabad-454,0
TCH07815,Lakshmi Shukla,44,Social Science,15,1,12,0,1,343,0,SCH0489,Govt. Senior Secondary School Kanpur-489,1
TCH07816,Mukesh Sharma,38,Art,11,5,11,0,0,490,0,SCH0374,Govt. Senior Secondary School Bikaner-374,1
TCH07817,Rajesh Yadav,35,History,2,1,1,0,0,235,0,SCH0227,Govt. Senior Secondary School Lucknow-227,0
TCH07818,Sunita Mishra,46,Chemistry,16,4,10,0,0,190,0,SCH0186,Govt. Senior Secondary School Faridabad-186,0
TCH07819,Amit Pandey,35,Geography,11,1,10,0,0,97,0,SCH0409,Govt. Senior Secondary School Agra-409,0
TCH07820,Arun Iyer,47,History,24,13,5,0,0,20,0,SCH0161,Govt. Middle School Kanpur-161,1
TCH07821,Rekha Kumar,39,Computer Science,10,7,3,0,0,153,0,SCH0408,Govt. High School North-408,1
TCH07822,Anita Kaur,59,Sanskrit,26,12,0,1,0,282,0,SCH0148,Govt. High School East-148,1
TCH07823,Mukesh Aggarwal,52,Physical Education,28,16,7,1,1,59,0,SCH0020,Govt. Senior Secondary School Kota-20,1
TCH07824,Sunita Kumar,32,Biology,5,5,3,0,0,152,0,SCH0153,Govt. Primary School Ghaziabad-153,0
TCH07825,Priya Naidu,52,Computer Science,18,4,3,0,0,490,0,SCH0139,Govt. Senior Secondary School Ajmer-139,1
TCH07826,Radha Rao,54,Art,3,2,0,0,0,343,0,SCH0445,Govt. Middle School Central-445,0
TCH07827,Shanti Nair,45,English,4,2,1,0,0,154,1,SCH0389,Govt. Middle School Gurgaon-389,0
TCH07828,Savita Chaudhary,52,English,21,18,0,1,0,334,1,SCH0220,Govt. High School North-220,1
TCH07829,Vikas Jain,59,Mathematics,24,9,14,1,0,331,1,SCH0191,Govt. Middle School Gurgaon-191,1
TCH07830,Radha Bansal,51,English,20,12,9,0,0,472,1,SCH0432,Govt. Middle School Jodhpur-432,1
TCH07831,Amit Mishra,24,Physical Education,1,1,1,0,0,443,0,SCH0008,Govt. High School Ajmer-8,0
TCH07832,Sanjay Aggarwal,45,History,5,5,2,0,0,35,0,SCH0208,Govt. Middle School Ghaziabad-208,0
TCH07833,Dinesh Reddy,32,Sanskrit,7,2,0,0,0,464,1,SCH0340,Govt. High School Ajmer-340,0
TCH07834,Lakshmi Mittal,29,Art,1,1,1,0,0,376,0,SCH0407,Govt. Senior Secondary School South-407,0
TCH07835,Pankaj Kaur,26,Science,1,1,0,0,0,231,0,SCH0135,Govt. Middle School Central-135,0
TCH07836,Vikas Chauhan,40,Social Science,7,1,3,0,0,356,0,SCH0145,Govt. Primary School Bikaner-145,0
TCH07837,Ajay Rao,51,Computer Science,25,9,13,1,0,203,0,SCH0162,Govt. Middle School Gurgaon-162,1
TCH07838,Nita Singh,36,History,10,1,0,0,0,89,0,SCH0301,Govt. High School New-301,0
TCH07839,Nita Pillai,34,Physical Education,2,1,2,1,0,438,0,SCH0474,Govt. Primary School Gurgaon-474,1
TCH07840,Vikas Naidu,26,Biology,2,2,0,0,0,172,0,SCH0395,Govt. Primary School Jodhpur-395,0
TCH07841,Vikas Bansal,48,History,18,5,0,0,0,477,0,SCH0384,Govt. Middle School Jaipur-384,1
TCH07842,Seema Bansal,29,Geography,6,3,1,0,1,228,0,SCH0363,Govt. Primary School Central-363,1
TCH07843,Vikram Tiwari,57,Geography,8,5,6,0,1,383,0,SCH0405,Govt. Middle School Lucknow-405,1
TCH07844,Harish Chaudhary,55,Mathematics,29,3,14,1,0,290,0,SCH0468,Govt. Primary School South-468,1
TCH07845,Saroj Mittal,38,Physics,14,5,6,1,0,37,0,SCH0302,Govt. Senior Secondary School Ghaziabad-302,1
TCH07846,Ashok Sharma,33,Sanskrit,1,1,1,0,0,429,0,SCH0417,Govt. Primary School New-417,0
TCH07847,Ajay Bhat,53,Art,6,1,1,1,0,52,1,SCH0145,Govt. Primary School Bikaner-145,0
TCH07848,Nita Kumar,24,Sanskrit,1,1,0,0,0,107,0,SCH0339,Govt. Middle School Kota-339,0
TCH07849,Radha Joshi,33,Hindi,10,7,7,1,1,179,0,SCH0214,Govt. High School East-214,1
TCH07850,Deepak Kaur,52,Hindi,19,18,2,0,0,450,0,SCH0066,Govt. Middle School Kanpur-66,1
TCH07851,Anita Tiwari,39,Chemistry,4,1,1,1,0,114,0,SCH0500,Govt. Middle School Varanasi-500,0
TCH07852,Deepak Singh,42,English,3,1,0,1,0,411,1,SCH0052,Govt. Middle School Lucknow-52,1
TCH07853,Devika Pillai,47,Physical Education,20,6,5,0,0,479,1,SCH0368,Govt. Middle School Varanasi-368,1
TCH07854,Sunil Aggarwal,28,Computer Science,1,1,1,0,0,8,0,SCH0479,Govt. Middle School Agra-479,0
TCH07855,Suresh Pandey,42,Geography,13,8,3,1,0,105,0,SCH0039,Govt. Senior Secondary School North-39,1
TCH07856,Devika Jain,48,Physics,18,12,13,0,1,480,0,SCH0148,Govt. High School East-148,1
TCH07857,Mahesh Sharma,58,Mathematics,22,18,7,0,0,367,1,SCH0117,Govt. Middle School Ghaziabad-117,1
TCH07858,Vikram Patel,43,Computer Science,4,3,4,1,0,462,0,SCH0359,Govt. Primary School Lucknow-359,1
TCH07859,Radha Kaur,36,Physical Education,7,4,5,1,0,152,0,SCH0231,Govt. Senior Secondary School Gurgaon-231,1
TCH07860,Arun Kumar,24,Hindi,1,1,0,0,0,411,0,SCH0471,Govt. Middle School Ajmer-471,0
TCH07861,Anita Nair,25,Physical Education,2,2,2,0,1,114,0,SCH0419,Govt. Primary School Central-419,0
TCH07862,Rekha Rao,54,Social Science,6,3,2,0,0,126,1,SCH0469,Govt. High School Gurgaon-469,0
TCH07863,Arun Pandey,34,Chemistry,8,5,0,0,0,25,1,SCH0089,Govt. High School Central-89,0
TCH07864,Savita Kaur,35,History,5,5,5,1,0,24,0,SCH0367,Govt. Primary School Ghaziabad-367,1
TCH07865,Pushpa Gupta,58,Sanskrit,22,7,3,0,0,264,0,SCH0357,Govt. Senior Secondary School Ghaziabad-357,1
TCH07866,Harish Nair,58,English,19,8,10,0,0,482,1,SCH0263,Govt. High School Faridabad-263,1
TCH07867,Deepak Yadav,55,Biology,32,10,9,1,0,51,0,SCH0466,Govt. Senior Secondary School Jodhpur-466,1
TCH07868,Sunil Reddy,59,Biology,32,19,14,1,0,332,0,SCH0270,Govt. Senior Secondary School Udaipur-270,1
TCH07869,Usha Naidu,38,History,7,7,5,0,0,18,1,SCH0030,Govt. High School North-30,1
TCH07870,Vinod Gupta,41,Chemistry,10,2,0,1,0,22,1,SCH0498,Govt. Primary School Gurgaon-498,1
TCH07871,Sunita Shukla,50,Physical Education,6,6,0,0,0,473,0,SCH0268,Govt. Middle School North-268,0
TCH07872,Sanjay Bhat,59,Physical Education,19,16,7,0,0,206,0,SCH0040,Govt. High School Jodhpur-40,1
TCH07873,Vikas Reddy,61,Physics,19,5,8,1,0,335,0,SCH0131,Govt. Senior Secondary School New-131,1
TCH07874,Rekha Chauhan,44,Physical Education,21,15,14,1,0,246,0,SCH0206,Govt. High School Lucknow-206,1
TCH07875,Ajay Menon,31,Sanskrit,3,1,1,0,0,118,0,SCH0295,Govt. Middle School New-295,0
TCH07876,Seema Shukla,30,Mathematics,1,1,0,1,0,193,0,SCH0496,Govt. Middle School Bikaner-496,0
TCH07877,Ashok Nair,36,Chemistry,12,3,8,1,0,97,1,SCH0386,Govt. Senior Secondary School South-386,1
TCH07878,Yogesh Iyer,52,Social Science,8,3,3,1,0,90,0,SCH0352,Govt. Middle School Varanasi-352,1
TCH07879,Naresh Yadav,48,Computer Science,2,1,2,0,1,89,0,SCH0291,Govt. Primary School Faridabad-291,0
TCH07880,Geeta Sharma,26,Sanskrit,3,2,3,0,0,387,0,SCH0278,Govt. Senior Secondary School Lucknow-278,0
TCH07881,Yogesh Kumar,25,Hindi,1,1,0,1,0,88,1,SCH0318,Govt. Middle School Kanpur-318,0
TCH07882,Kavita Verma,34,Sanskrit,1,1,1,0,0,61,1,SCH0203,Govt. Primary School Kanpur-203,0
TCH07883,Sunita Pillai,36,English,13,7,1,0,1,475,1,SCH0279,Govt. Primary School Kanpur-279,1
TCH07884,Anita Shukla,37,Chemistry,5,3,4,0,0,360,0,SCH0214,Govt. High School East-214,0
TCH07885,Rajesh Singh,31,Chemistry,7,7,2,1,0,278,0,SCH0068,Govt. Senior Secondary School South-68,1
TCH07886,Dinesh Mittal,38,Physics,2,2,1,0,0,229,1,SCH0166,Govt. Primary School Bikaner-166,0
TCH07887,Yogesh Naidu,46,History,1,1,0,1,0,217,0,SCH0376,Govt. Middle School Udaipur-376,1
TCH07888,Seema Pandey,40,Biology,4,2,1,1,1,270,1,SCH0209,Govt. High School Noida-209,1
TCH07889,Kamla Shukla,58,Physics,14,7,1,0,0,394,0,SCH0341,Govt. High School Gurgaon-341,1
TCH07890,Dinesh Mittal,37,Biology,12,9,8,1,0,262,1,SCH0168,Govt. High School Kota-168,1
TCH07891,Suresh Patel,52,Social Science,15,14,6,0,1,391,0,SCH0181,Govt. Middle School Kota-181,1
TCH07892,Radha Tiwari,24,Mathematics,1,1,0,1,0,466,1,SCH0241,Govt. High School Udaipur-241,1
TCH07893,Sunita Shukla,55,History,3,3,3,0,0,185,0,SCH0004,Govt. Middle School Jaipur-4,0
TCH07894,Usha Nair,24,Art,1,1,0,1,0,20,0,SCH0229,Govt. High School Agra-229,0
TCH07895,Pankaj Aggarwal,55,History,12,2,1,0,0,210,0,SCH0415,Govt. Middle School East-415,0
TCH07896,Deepak Joshi,31,Computer Science,2,1,0,0,0,222,0,SCH0439,Govt. Senior Secondary School Kota-439,0
TCH07897,Dinesh Gupta,47,Chemistry,23,13,4,0,0,213,0,SCH0030,Govt. High School North-30,1
TCH07898,Dinesh Tiwari,35,Physics,4,2,1,0,1,126,1,SCH0196,Govt. Middle School Jaipur-196,0
TCH07899,Meena Patel,37,Social Science,1,1,0,1,0,318,0,SCH0055,Govt. Middle School Noida-55,1
TCH07900,Rekha Tiwari,33,Science,4,2,1,0,0,483,0,SCH0442,Govt. High School Gurgaon-442,0
TCH07901,Harish Pillai,57,Geography,6,3,2,1,1,212,1,SCH0395,Govt. Primary School Jodhpur-395,1
TCH07902,Vinod Sharma,43,English,6,5,2,1,0,215,0,SCH0242,Govt. Senior Secondary School Agra-242,1
TCH07903,Sanjay Yadav,41,History,12,12,12,1,0,11,0,SCH0411,Govt. Middle School New-411,1
TCH07904,Sunil Chaudhary,27,Mathematics,2,2,0,1,0,71,1,SCH0209,Govt. High School Noida-209,0
TCH07905,Ramesh Bansal,49,Physics,8,6,6,0,0,250,0,SCH0263,Govt. High School Faridabad-263,1
TCH07906,Mukesh Garg,28,Mathematics,5,2,1,1,0,83,0,SCH0421,Govt. Middle School Jaipur-421,0
TCH07907,Vikram Chauhan,46,Mathematics,4,1,2,0,0,454,1,SCH0374,Govt. Senior Secondary School Bikaner-374,0
TCH07908,Geeta Chaudhary,55,Hindi,9,7,3,0,0,449,0,SCH0491,Govt. Senior Secondary School Central-491,1
TCH07909,Saroj Joshi,60,Art,22,1,6,0,0,67,0,SCH0024,Govt. Middle School Central-24,0
TCH07910,Seema Kumar,31,Hindi,2,1,1,1,0,84,1,SCH0480,Govt. Middle School Jodhpur-480,0
TCH07911,Pankaj Verma,51,English,5,2,5,0,0,396,0,SCH0263,Govt. High School Faridabad-263,0
TCH07912,Usha Kaur,41,Mathematics,1,1,1,0,1,120,0,SCH0024,Govt. Middle School Central-24,0
TCH07913,Saroj Kaur,28,History,3,2,2,1,0,239,0,SCH0277,Govt. Primary School Udaipur-277,1
TCH07914,Priya Iyer,43,Art,4,1,4,0,1,464,1,SCH0115,Govt. High School Jodhpur-115,1
TCH07915,Seema Kaur,57,Science,6,2,1,1,0,306,0,SCH0447,Govt. Middle School East-447,1
TCH07916,Seema Naidu,47,Geography,2,1,2,1,0,242,0,SCH0109,Govt. High School Jaipur-109,1
TCH07917,Anita Malhotra,56,Chemistry,15,13,5,1,0,236,0,SCH0007,Govt. Primary School South-7,1
TCH07918,Vikram Bansal,28,Geography,2,1,2,1,0,123,0,SCH0327,Govt. High School Faridabad-327,0
TCH07919,Ajay Rao,24,Sanskrit,1,1,1,1,1,92,0,SCH0244,Govt. Senior Secondary School Agra-244,1
TCH07920,Vikas Mittal,33,Biology,8,7,7,0,0,13,0,SCH0433,Govt. High School Jodhpur-433,0
TCH07921,Seema Pandey,60,English,24,9,3,0,0,305,0,SCH0070,Govt. High School Kota-70,1
TCH07922,Seema Singh,59,Hindi,20,6,7,0,0,449,0,SCH0285,Govt. Middle School Kanpur-285,1
TCH07923,Naresh Iyer,59,Social Science,18,12,10,0,0,475,0,SCH0186,Govt. Senior Secondary School Faridabad-186,1
TCH07924,Rajesh Joshi,57,Physics,13,5,7,1,0,110,0,SCH0270,Govt. Senior Secondary School Udaipur-270,1
TCH07925,Amit Chauhan,46,Hindi,14,7,13,1,0,88,0,SCH0469,Govt. High School Gurgaon-469,1
TCH07926,Naresh Malhotra,49,Physical Education,20,5,6,1,0,223,0,SCH0182,Govt. Senior Secondary School Varanasi-182,1
TCH07927,Rekha Nair,54,Mathematics,22,12,8,0,0,146,1,SCH0252,Govt. Primary School Gurgaon-252,1
TCH07928,Ashok Rao,40,Computer Science,4,1,1,1,0,328,0,SCH0294,Govt. Middle School East-294,1
TCH07929,Ramesh Pillai,34,Social Science,3,2,1,1,0,149,1,SCH0328,Govt. Primary School New-328,0
TCH07930,Priya Mittal,39,Physics,1,1,1,0,0,30,0,SCH0347,Govt. Senior Secondary School Ghaziabad-347,0
TCH07931,Devika Verma,30,English,3,2,2,1,0,343,0,SCH0300,Govt. Primary School Central-300,1
TCH07932,Radha Sharma,27,English,4,2,0,0,0,80,0,SCH0337,Govt. Senior Secondary School Ghaziabad-337,0
TCH07933,Saroj Tiwari,37,Social Science,13,1,5,0,0,194,0,SCH0368,Govt. Middle School Varanasi-368,0
TCH07934,Amit Aggarwal,25,Hindi,1,1,1,0,0,234,0,SCH0076,Govt. High School Jodhpur-76,0
TCH07935,Anita Dubey,32,History,2,2,0,0,0,355,0,SCH0497,Govt. High School Ghaziabad-497,0
TCH07936,Deepak Pandey,58,History,19,6,14,0,0,99,1,SCH0308,Govt. Primary School Varanasi-308,1
TCH07937,Saroj Bansal,25,Sanskrit,2,1,0,1,0,63,0,SCH0144,Govt. Senior Secondary School Kanpur-144,0
TCH07938,Savita Yadav,29,Sanskrit,1,1,0,0,0,23,0,SCH0009,Govt. Middle School Gurgaon-9,0
TCH07939,Meena Verma,34,Hindi,6,6,5,1,0,296,0,SCH0160,Govt. Middle School Faridabad-160,1
TCH07940,Vikas Kaur,38,Biology,13,2,8,0,1,398,1,SCH0050,Govt. Senior Secondary School Ajmer-50,1
TCH07941,Savita Rao,27,Social Science,3,2,2,1,0,6,0,SCH0341,Govt. High School Gurgaon-341,0
TCH07942,Radha Chauhan,24,Physics,1,1,1,0,0,253,1,SCH0273,Govt. Middle School West-273,0
TCH07943,Shanti Singh,46,Computer Science,7,1,6,0,0,192,0,SCH0313,Govt. Middle School Ajmer-313,0
TCH07944,Vikram Nair,27,Chemistry,3,3,0,1,0,213,0,SCH0159,Govt. High School North-159,1
TCH07945,Seema Jain,58,Computer Science,4,3,3,1,0,274,0,SCH0378,Govt. High School Udaipur-378,1
TCH07946,Arun Yadav,24,Mathematics,1,1,1,0,0,211,1,SCH0268,Govt. Middle School North-268,0
TCH07947,Kamla Malhotra,25,Physical Education,1,1,1,1,0,98,0,SCH0257,Govt. Middle School West-257,0
TCH07948,Ajay Pandey,27,Art,3,1,3,1,1,124,0,SCH0067,Govt. Primary School Udaipur-67,1
TCH07949,Kamla Garg,56,Chemistry,19,12,10,0,0,347,0,SCH0329,Govt. Senior Secondary School South-329,1
TCH07950,Harish Aggarwal,54,Social Science,29,4,12,0,0,220,1,SCH0357,Govt. Senior Secondary School Ghaziabad-357,1
TCH07951,Vikas Chaudhary,31,English,1,1,0,1,0,83,0,SCH0055,Govt. Middle School Noida-55,0
TCH07952,Ramesh Patel,40,Chemistry,13,10,8,0,0,32,0,SCH0126,Govt. Senior Secondary School West-126,1
TCH07953,Shanti Kaur,25,History,2,2,0,0,1,128,1,SCH0016,Govt. Middle School Gurgaon-16,0
TCH07954,Saroj Malhotra,28,Social Science,3,2,3,0,1,182,1,SCH0193,Govt. Senior Secondary School West-193,1
TCH07955,Savita Chaudhary,26,Sanskrit,2,1,2,1,0,51,0,SCH0085,Govt. Middle School Udaipur-85,0
TCH07956,Vinod Jain,50,History,13,3,9,0,0,220,0,SCH0247,Govt. High School New-247,1
TCH07957,Suresh Garg,60,Biology,9,8,3,1,0,487,0,SCH0108,Govt. Senior Secondary School Agra-108,1
TCH07958,Rajesh Shukla,44,Chemistry,14,14,8,0,0,140,0,SCH0099,Govt. Senior Secondary School Faridabad-99,1
TCH07959,Anita Yadav,34,Computer Science,10,1,4,0,0,283,0,SCH0094,Govt. Middle School Gurgaon-94,1
TCH07960,Anita Dubey,33,Science,3,2,3,1,0,224,1,SCH0495,Govt. Senior Secondary School Faridabad-495,1
TCH07961,Kamla Jain,48,Art,6,4,3,0,0,146,1,SCH0416,Govt. Primary School Faridabad-416,0
TCH07962,Anita Chauhan,38,History,6,1,1,0,0,114,0,SCH0392,Govt. High School South-392,0
TCH07963,Meena Joshi,57,Art,14,2,12,0,0,105,0,SCH0257,Govt. Middle School West-257,0
TCH07964,Naresh Bansal,40,Physics,3,2,3,0,0,324,0,SCH0076,Govt. High School Jodhpur-76,0
TCH07965,Usha Pillai,25,Social Science,2,2,1,1,1,381,0,SCH0421,Govt. Middle School Jaipur-421,1
TCH07966,Saroj Menon,61,Geography,14,2,10,0,0,23,0,SCH0213,Govt. Senior Secondary School Kanpur-213,0
TCH07967,Priya Jain,43,Chemistry,10,4,9,0,0,497,1,SCH0429,Govt. Middle School Central-429,1
TCH07968,Meena Mishra,27,English,1,1,1,0,1,395,0,SCH0476,Govt. Primary School East-476,1
TCH07969,Meena Mishra,42,Computer Science,9,6,7,0,0,168,0,SCH0236,Govt. Senior Secondary School Jaipur-236,0
TCH07970,Kavita Chauhan,54,Geography,21,11,8,0,0,482,1,SCH0243,Govt. Middle School Kanpur-243,1
TCH07971,Anita Sharma,46,English,21,5,3,1,0,67,0,SCH0258,Govt. Primary School Faridabad-258,1
TCH07972,Arun Mishra,53,Biology,16,4,7,0,0,6,0,SCH0453,Govt. High School West-453,0
TCH07973,Vikas Verma,45,Mathematics,9,8,6,1,0,50,0,SCH0348,Govt. Primary School Udaipur-348,1
TCH07974,Radha Pandey,45,Sanskrit,3,3,1,0,1,481,0,SCH0363,Govt. Primary School Central-363,1
TCH07975,Sunil Reddy,40,Computer Science,9,7,0,0,1,333,1,SCH0140,Govt. Primary School Udaipur-140,1
TCH07976,Sunita Naidu,30,History,7,7,3,0,0,73,0,SCH0230,Govt. High School West-230,0
TCH07977,Savita Chauhan,53,Geography,13,8,8,1,0,317,0,SCH0144,Govt. Senior Secondary School Kanpur-144,1
TCH07978,Mahesh Gupta,47,Computer Science,14,3,2,0,1,442,0,SCH0166,Govt. Primary School Bikaner-166,1
TCH07979,Yogesh Chaudhary,32,Biology,5,2,0,0,1,460,0,SCH0406,Govt. High School Gurgaon-406,1
TCH07980,Ashok Yadav,33,Geography,8,3,0,1,0,492,0,SCH0161,Govt. Middle School Kanpur-161,1
TCH07981,Vikram Bansal,25,Sanskrit,1,1,1,0,0,66,0,SCH0269,Govt. Middle School East-269,0
TCH07982,Sunil Iyer,56,Computer Science,25,5,3,0,0,210,0,SCH0279,Govt. Primary School Kanpur-279,1
TCH07983,Yogesh Kaur,50,Hindi,7,3,5,0,1,33,0,SCH0021,Govt. Middle School Faridabad-21,0
TCH07984,Harish Gupta,41,Physics,12,9,1,1,0,334,1,SCH0237,Govt. Senior Secondary School East-237,1
TCH07985,Vikram Pandey,49,Biology,25,12,0,1,0,219,0,SCH0299,Govt. Primary School Jaipur-299,1
TCH07986,Sunita Menon,31,Geography,6,4,5,0,1,191,1,SCH0309,Govt. Middle School Agra-309,1
TCH07987,Shanti Nair,58,Geography,17,14,10,0,0,336,1,SCH0155,Govt. Primary School Gurgaon-155,1
TCH07988,Naresh Patel,56,Chemistry,33,17,1,0,0,126,0,SCH0391,Govt. Primary School West-391,0
TCH07989,Devika Yadav,49,History,16,1,14,0,0,24,0,SCH0424,Govt. Primary School Varanasi-424,0
TCH07990,Devika Nair,26,Biology,3,1,2,1,0,13,0,SCH0135,Govt. Middle School Central-135,0
TCH07991,Nita Nair,40,Mathematics,14,9,4,1,0,263,1,SCH0211,Govt. Middle School North-211,1
TCH07992,Meena Sharma,60,Computer Science,15,2,4,0,0,25,0,SCH0441,Govt. Senior Secondary School Varanasi-441,0
TCH07993,Lakshmi Gupta,36,English,9,7,2,0,0,224,1,SCH0246,Govt. Senior Secondary School Central-246,1
TCH07994,Anita Shukla,45,Computer Science,14,8,7,1,0,399,1,SCH0122,Govt. High School Ghaziabad-122,1
TCH07995,Pooja Singh,46,Computer Science,6,2,1,0,0,169,0,SCH0056,Govt. Senior Secondary School South-56,0
TCH07996,Ajay Sharma,40,Computer Science,16,2,10,0,0,206,0,SCH0403,Govt. High School Varanasi-403,1
TCH07997,Usha Kaur,57,Science,15,2,12,1,0,443,1,SCH0436,Govt. High School Jodhpur-436,1
TCH07998,Sunil Singh,40,English,12,7,11,1,0,368,1,SCH0281,Govt. Primary School East-281,1
TCH07999,Vikas Reddy,24,Art,1,1,0,1,0,270,0,SCH0476,Govt. Primary School East-476,1
TCH08000,Kamla Reddy,26,Chemistry,1,1,1,0,0,19,0,SCH0277,Govt. Primary School Udaipur-277,0
TCH08001,Suresh Nair,38,Art,2,2,2,1,0,334,0,SCH0434,Govt. High School West-434,1
TCH08002,Priya Reddy,35,Sanskrit,9,5,1,0,0,364,1,SCH0069,Govt. Primary School West-69,1
TCH08003,Rajesh Jain,48,Chemistry,2,2,1,1,0,456,0,SCH0251,Govt. Primary School New-251,1
TCH08004,Ajay Verma,41,Sanskrit,16,7,1,0,1,356,0,SCH0199,Govt. High School Bikaner-199,1
TCH08005,Sunita Chauhan,47,Geography,3,2,0,0,0,457,0,SCH0061,Govt. Primary School Kota-61,0
TCH08006,Ramesh Rao,49,Art,20,8,12,1,0,107,0,SCH0068,Govt. Senior Secondary School South-68,1
TCH08007,Anita Menon,50,English,19,15,14,1,0,220,0,SCH0076,Govt. High School Jodhpur-76,1
TCH08008,Devika Iyer,61,Hindi,20,11,14,1,0,343,1,SCH0199,Govt. High School Bikaner-199,1
TCH08009,Seema Mittal,60,Physical Education,21,11,3,1,0,473,1,SCH0115,Govt. High School Jodhpur-115,1
TCH08010,Radha Naidu,56,Social Science,16,5,8,0,0,235,0,SCH0262,Govt. High School Jodhpur-262,1
TCH08011,Savita Jain,43,Mathematics,12,11,6,0,0,257,0,SCH0312,Govt. Primary School Kanpur-312,1
TCH08012,Ashok Verma,61,Chemistry,31,1,14,0,0,447,1,SCH0125,Govt. Primary School Jodhpur-125,1
TCH08013,Ashok Chauhan,54,History,23,1,13,1,0,181,1,SCH0252,Govt. Primary School Gurgaon-252,1
TCH08014,Pankaj Garg,55,History,25,3,8,1,0,182,0,SCH0315,Govt. Primary School Udaipur-315,1
TCH08015,Ramesh Yadav,32,Physics,6,2,1,0,1,302,0,SCH0401,Govt. Senior Secondary School Varanasi-401,1
TCH08016,Yogesh Sharma,42,Art,10,1,8,1,0,394,0,SCH0182,Govt. Senior Secondary School Varanasi-182,1
TCH08017,Yogesh Mishra,27,Physical Education,4,1,4,1,0,444,1,SCH0250,Govt. High School Kanpur-250,1
TCH08018,Arun Bansal,35,Art,9,9,0,0,1,238,0,SCH0052,Govt. Middle School Lucknow-52,1
TCH08019,Nita Singh,29,Physics,3,2,2,0,0,334,1,SCH0337,Govt. Senior Secondary School Ghaziabad-337,0
TCH08020,Usha Reddy,29,Mathematics,1,1,1,0,0,374,1,SCH0169,Govt. Middle School Ajmer-169,0
TCH08021,Ashok Chauhan,60,Computer Science,14,3,2,1,0,60,0,SCH0349,Govt. High School Faridabad-349,0
TCH08022,Amit Dubey,51,English,21,3,14,1,0,171,0,SCH0464,Govt. Middle School Gurgaon-464,1
TCH08023,Anita Nair,26,Biology,3,3,0,0,0,166,1,SCH0330,Govt. High School Varanasi-330,0
TCH08024,Ajay Naidu,50,Physical Education,3,2,2,1,0,49,0,SCH0317,Govt. Middle School Jodhpur-317,0
TCH08025,Kamla Tiwari,30,Physical Education,4,4,2,1,0,211,1,SCH0114,Govt. Middle School Bikaner-114,1
TCH08026,Seema Tiwari,57,Mathematics,10,3,0,0,1,300,0,SCH0421,Govt. Middle School Jaipur-421,1
TCH08027,Shanti Nair,46,History,5,5,2,0,0,314,0,SCH0160,Govt. Middle School Faridabad-160,0
TCH08028,Suresh Gupta,57,Social Science,30,16,12,0,0,99,1,SCH0108,Govt. Senior Secondary School Agra-108,1
TCH08029,Rekha Mittal,60,Biology,25,11,6,0,0,412,0,SCH0033,Govt. Primary School Jodhpur-33,1
TCH08030,Sunita Reddy,57,Physical Education,26,13,11,0,0,35,0,SCH0487,Govt. High School East-487,1
TCH08031,Meena Jain,60,Hindi,32,4,3,1,1,362,0,SCH0053,Govt. Senior Secondary School Ghaziabad-53,1
TCH08032,Ashok Garg,49,Mathematics,1,1,0,1,0,202,0,SCH0332,Govt. Primary School Agra-332,1
TCH08033,Lakshmi Menon,61,Biology,32,6,7,0,1,274,0,SCH0102,Govt. High School Gurgaon-102,1
TCH08034,Ashok Reddy,28,Art,5,3,1,0,0,17,0,SCH0059,Govt. Senior Secondary School Central-59,0
TCH08035,Sunil Iyer,32,Science,3,3,2,1,0,97,1,SCH0202,Govt. High School West-202,0
TCH08036,Amit Pillai,37,Computer Science,13,6,10,1,0,418,0,SCH0381,Govt. High School Jodhpur-381,1
TCH08037,Yogesh Iyer,40,Biology,3,2,1,1,0,20,1,SCH0225,Govt. Primary School Agra-225,0
TCH08038,Sunita Garg,46,English,16,16,4,0,0,82,0,SCH0276,Govt. High School South-276,1
TCH08039,Rekha Aggarwal,29,Art,6,5,2,0,0,170,1,SCH0119,Govt. Middle School Noida-119,0
TCH08040,Seema Dubey,54,Chemistry,10,10,1,1,0,73,1,SCH0322,Govt. High School Central-322,1
TCH08041,Vinod Tiwari,42,Chemistry,6,3,6,0,0,89,1,SCH0263,Govt. High School Faridabad-263,0
TCH08042,Mukesh Pillai,55,Art,31,4,5,0,0,440,0,SCH0500,Govt. Middle School Varanasi-500,1
TCH08043,Priya Jain,37,Art,5,5,4,1,0,356,0,SCH0151,Govt. High School Kanpur-151,1
TCH08044,Radha Kaur,57,Sanskrit,15,5,10,0,0,199,0,SCH0119,Govt. Middle School Noida-119,1
TCH08045,Rekha Bansal,52,Mathematics,6,5,2,1,0,95,0,SCH0219,Govt. Primary School Ajmer-219,1
TCH08046,Radha Yadav,34,English,7,2,0,0,0,112,0,SCH0034,Govt. Middle School Varanasi-34,0
TCH08047,Ashok Rao,35,Hindi,10,10,10,0,0,433,1,SCH0314,Govt. Primary School Udaipur-314,1
TCH08048,Pushpa Nair,45,Computer Science,11,1,5,0,0,386,0,SCH0389,Govt. Middle School Gurgaon-389,1
TCH08049,Kavita Dubey,50,Geography,4,4,2,0,0,169,0,SCH0107,Govt. Middle School Varanasi-107,0
TCH08050,Pushpa Dubey,58,Biology,19,15,4,0,0,460,0,SCH0484,Govt. Middle School Lucknow-484,1
TCH08051,Arun Iyer,54,Physical Education,1,1,0,0,0,463,0,SCH0362,Govt. High School West-362,0
TCH08052,Meena Naidu,57,Biology,25,1,11,1,0,437,0,SCH0343,Govt. Senior Secondary School Central-343,1
TCH08053,Suresh Nair,25,Chemistry,1,1,1,0,0,450,0,SCH0120,Govt. High School New-120,0
TCH08054,Devika Malhotra,53,Physical Education,28,5,11,1,0,476,0,SCH0493,Govt. High School Jaipur-493,1
TCH08055,Amit Kumar,59,Geography,8,8,4,1,0,7,1,SCH0107,Govt. Middle School Varanasi-107,1
TCH08056,Anita Pandey,28,History,1,1,1,0,0,107,0,SCH0425,Govt. High School Gurgaon-425,0
TCH08057,Rekha Reddy,24,English,1,1,1,0,0,414,0,SCH0189,Govt. Senior Secondary School Noida-189,0
TCH08058,Ramesh Mishra,34,English,10,9,5,0,0,352,0,SCH0421,Govt. Middle School Jaipur-421,1
TCH08059,Anita Shukla,24,Sanskrit,1,1,0,1,1,233,0,SCH0154,Govt. Middle School Lucknow-154,1
TCH08060,Shanti Gupta,61,History,25,18,11,1,0,286,1,SCH0378,Govt. High School Udaipur-378,1
TCH08061,Mahesh Menon,42,Hindi,19,17,12,0,0,248,0,SCH0178,Govt. Middle School Kota-178,1
TCH08062,Radha Aggarwal,38,Chemistry,3,1,3,0,0,231,0,SCH0299,Govt. Primary School Jaipur-299,0
TCH08063,Savita Jain,57,Hindi,10,1,6,0,0,98,0,SCH0013,Govt. High School Kota-13,0
TCH08064,Vinod Aggarwal,46,Chemistry,7,5,0,1,0,113,0,SCH0154,Govt. Middle School Lucknow-154,1
TCH08065,Mukesh Bhat,33,Social Science,10,2,0,1,0,166,1,SCH0434,Govt. High School West-434,1
TCH08066,Pooja Kaur,38,Science,1,1,1,0,0,61,0,SCH0200,Govt. Middle School Bikaner-200,0
TCH08067,Vikas Dubey,41,History,7,6,1,1,0,424,0,SCH0177,Govt. Senior Secondary School Agra-177,1
TCH08068,Anita Jain,55,Computer Science,26,6,6,0,0,159,0,SCH0146,Govt. Middle School Central-146,1
TCH08069,Seema Kaur,51,Geography,13,3,2,0,0,156,0,SCH0250,Govt. High School Kanpur-250,0
TCH08070,Radha Gupta,56,Biology,28,13,1,0,0,369,0,SCH0059,Govt. Senior Secondary School Central-59,1
TCH08071,Usha Sharma,43,English,18,16,0,0,0,420,0,SCH0002,Govt. Senior Secondary School Kota-2,1
TCH08072,Arun Gupta,28,History,3,3,1,1,0,178,0,SCH0460,Govt. High School Ghaziabad-460,0
TCH08073,Suresh Shukla,25,Geography,1,1,0,1,0,75,1,SCH0341,Govt. High School Gurgaon-341,0
TCH08074,Vikram Reddy,24,Sanskrit,1,1,0,1,1,430,0,SCH0283,Govt. Primary School New-283,1
TCH08075,Vinod Mittal,27,Science,1,1,0,0,0,389,1,SCH0483,Govt. Middle School Central-483,0
TCH08076,Rekha Bansal,40,Social Science,7,1,5,0,0,306,1,SCH0117,Govt. Middle School Ghaziabad-117,1
TCH08077,Mukesh Shukla,43,Physical Education,5,4,0,0,0,1,1,SCH0342,Govt. Primary School Agra-342,0
TCH08078,Sunita Bhat,26,Geography,1,1,0,1,1,216,1,SCH0456,Govt. Senior Secondary School Ghaziabad-456,1
TCH08079,Devika Yadav,48,Physical Education,14,7,13,0,0,159,1,SCH0131,Govt. Senior Secondary School New-131,1
TCH08080,Yogesh Joshi,27,Mathematics,1,1,0,1,0,251,0,SCH0250,Govt. High School Kanpur-250,1
TCH08081,Deepak Pillai,43,Art,3,1,0,0,0,207,1,SCH0377,Govt. Middle School Agra-377,0
TCH08082,Deepak Menon,35,Chemistry,10,5,7,1,1,348,0,SCH0369,Govt. Middle School Central-369,1
TCH08083,Geeta Yadav,39,Art,10,6,5,1,0,497,0,SCH0148,Govt. High School East-148,1
TCH08084,Priya Aggarwal,52,English,1,1,1,1,0,155,0,SCH0479,Govt. Middle School Agra-479,0
TCH08085,Dinesh Jain,56,Physical Education,2,1,1,0,0,197,0,SCH0218,Govt. Primary School Lucknow-218,0
TCH08086,Vikas Kaur,34,Computer Science,10,4,4,0,0,258,1,SCH0016,Govt. Middle School Gurgaon-16,1
TCH08087,Naresh Bhat,29,Sanskrit,1,1,0,0,0,38,0,SCH0300,Govt. Primary School Central-300,0
TCH08088,Kavita Menon,58,Hindi,26,10,12,0,0,296,1,SCH0096,Govt. Senior Secondary School Kanpur-96,1
TCH08089,Naresh Chauhan,36,Biology,9,1,8,1,0,235,0,SCH0213,Govt. Senior Secondary School Kanpur-213,1
TCH08090,Ajay Kaur,52,Chemistry,18,12,7,0,0,118,1,SCH0064,Govt. High School Jodhpur-64,1
TCH08091,Pankaj Chaudhary,59,Science,13,10,3,0,0,481,0,SCH0213,Govt. Senior Secondary School Kanpur-213,1
TCH08092,Deepak Pandey,49,Physical Education,4,4,1,0,0,422,0,SCH0001,Govt. Senior Secondary School West-1,0
TCH08093,Geeta Tiwari,34,English,2,2,2,1,0,88,0,SCH0202,Govt. High School West-202,0
TCH08094,Amit Kumar,28,Art,5,5,5,0,0,464,1,SCH0416,Govt. Primary School Faridabad-416,1
TCH08095,Deepak Kumar,45,Computer Science,17,11,5,1,0,329,0,SCH0435,Govt. Primary School Noida-435,1
TCH08096,Ramesh Tiwari,27,Geography,3,3,1,0,0,135,0,SCH0358,Govt. Primary School Central-358,0
TCH08097,Sunil Verma,43,Science,3,3,1,0,0,237,1,SCH0302,Govt. Senior Secondary School Ghaziabad-302,0
TCH08098,Nita Kaur,54,Biology,20,13,5,0,0,231,0,SCH0461,Govt. Middle School South-461,1
TCH08099,Radha Menon,39,Hindi,6,4,5,0,0,276,0,SCH0498,Govt. Primary School Gurgaon-498,0
TCH08100,Pankaj Rao,53,Physics,22,14,6,0,1,370,1,SCH0457,Govt. Senior Secondary School Ghaziabad-457,1
TCH08101,Priya Singh,32,Biology,9,6,4,1,0,495,0,SCH0317,Govt. Middle School Jodhpur-317,1
TCH08102,Yogesh Iyer,30,Science,6,6,6,0,0,496,0,SCH0443,Govt. High School Udaipur-443,1
TCH08103,Meena Reddy,29,Social Science,1,1,1,0,0,1,1,SCH0168,Govt. High School Kota-168,0
TCH08104,Lakshmi Singh,59,Social Science,7,4,7,1,0,461,1,SCH0142,Govt. Middle School New-142,1
TCH08105,Priya Iyer,30,English,7,1,7,0,0,84,0,SCH0151,Govt. High School Kanpur-151,0
TCH08106,Geeta Malhotra,39,Sanskrit,12,1,12,0,0,386,1,SCH0109,Govt. High School Jaipur-109,1
TCH08107,Vikram Chauhan,39,Social Science,9,5,0,0,0,492,0,SCH0180,Govt. Senior Secondary School Lucknow-180,0
TCH08108,Lakshmi Jain,50,Physics,9,9,5,0,0,218,1,SCH0436,Govt. High School Jodhpur-436,1
TCH08109,Rekha Kumar,49,Sanskrit,22,4,2,1,0,75,0,SCH0223,Govt. Middle School Gurgaon-223,0
TCH08110,Naresh Bansal,53,Mathematics,14,8,8,1,0,334,0,SCH0415,Govt. Middle School East-415,1
TCH08111,Devika Shukla,31,Hindi,5,4,0,0,0,323,0,SCH0057,Govt. Primary School New-57,0
TCH08112,Deepak Shukla,52,Hindi,28,19,2,0,1,440,0,SCH0251,Govt. Primary School New-251,1
TCH08113,Vikas Pillai,43,Art,18,16,7,0,0,299,0,SCH0035,Govt. Primary School South-35,1
TCH08114,Dinesh Kaur,26,Computer Science,1,1,0,0,0,316,1,SCH0385,Govt. Senior Secondary School Noida-385,0
TCH08115,Saroj Reddy,54,Physics,8,1,0,0,0,103,0,SCH0196,Govt. Middle School Jaipur-196,0
TCH08116,Anita Malhotra,40,English,10,9,1,0,0,315,0,SCH0183,Govt. Senior Secondary School Jodhpur-183,1
TCH08117,Pooja Rao,31,Computer Science,2,2,0,1,0,277,0,SCH0328,Govt. Primary School New-328,1
TCH08118,Naresh Garg,56,Social Science,3,1,0,1,0,353,0,SCH0225,Govt. Primary School Agra-225,1
TCH08119,Anita Joshi,50,Geography,19,1,11,0,0,110,0,SCH0416,Govt. Primary School Faridabad-416,0
TCH08120,Priya Yadav,51,Sanskrit,16,6,11,1,0,275,0,SCH0024,Govt. Middle School Central-24,1
TCH08121,Devika Pandey,39,Mathematics,11,6,7,0,0,47,1,SCH0496,Govt. Middle School Bikaner-496,1
TCH08122,Pooja Kaur,57,Art,20,13,2,1,0,297,0,SCH0499,Govt. Senior Secondary School East-499,1
TCH08123,Usha Gupta,48,Physical Education,3,1,2,1,0,290,0,SCH0172,Govt. Senior Secondary School North-172,1
TCH08124,Nita Bansal,38,Art,7,3,1,0,0,355,1,SCH0370,Govt. High School Kanpur-370,0
TCH08125,Seema Malhotra,32,Social Science,9,6,5,0,0,172,0,SCH0496,Govt. Middle School Bikaner-496,0
TCH08126,Mahesh Mittal,46,History,12,10,11,0,0,119,0,SCH0474,Govt. Primary School Gurgaon-474,1
TCH08127,Mukesh Kumar,56,English,23,4,12,0,0,472,0,SCH0205,Govt. Senior Secondary School East-205,1
TCH08128,Sunil Mishra,59,Geography,18,7,8,0,0,160,1,SCH0274,Govt. High School Agra-274,1
TCH08129,Rekha Rao,55,Art,20,13,13,1,0,283,0,SCH0001,Govt. Senior Secondary School West-1,1
TCH08130,Ramesh Gupta,32,Social Science,6,5,0,0,0,78,1,SCH0124,Govt. High School Ghaziabad-124,0
TCH08131,Shanti Tiwari,55,Chemistry,8,3,0,1,0,359,1,SCH0474,Govt. Primary School Gurgaon-474,1
TCH08132,Anita Dubey,60,Computer Science,25,13,12,1,0,363,0,SCH0375,Govt. Primary School South-375,1
TCH08133,Vinod Pillai,43,Sanskrit,20,11,9,1,1,108,0,SCH0247,Govt. High School New-247,1
TCH08134,Meena Dubey,28,Science,4,4,2,0,0,153,0,SCH0102,Govt. High School Gurgaon-102,0
TCH08135,Mahesh Bhat,47,Art,18,7,6,1,0,161,0,SCH0059,Govt. Senior Secondary School Central-59,1
TCH08136,Savita Nair,53,History,6,5,4,1,0,66,0,SCH0302,Govt. Senior Secondary School Ghaziabad-302,1
TCH08137,Anita Bansal,53,Physics,24,9,0,1,0,89,1,SCH0239,Govt. Senior Secondary School Central-239,1
TCH08138,Vikram Kumar,27,Sanskrit,1,1,0,1,0,478,1,SCH0110,Govt. Primary School Bikaner-110,1
TCH08139,Rajesh Joshi,55,Mathematics,1,1,1,1,0,122,1,SCH0353,Govt. High School West-353,0
TCH08140,Ashok Joshi,39,Hindi,11,4,9,1,0,198,0,SCH0299,Govt. Primary School Jaipur-299,1
TCH08141,Pushpa Reddy,43,Chemistry,13,13,9,1,1,32,1,SCH0226,Govt. Senior Secondary School Kanpur-226,1
TCH08142,Suresh Nair,55,Hindi,4,2,3,0,0,217,0,SCH0218,Govt. Primary School Lucknow-218,0
TCH08143,Kamla Aggarwal,45,Physics,12,3,9,0,1,172,1,SCH0027,Govt. High School Central-27,1
TCH08144,Sunita Verma,36,Science,10,8,1,1,0,371,0,SCH0258,Govt. Primary School Faridabad-258,1
TCH08145,Sunil Rao,51,Hindi,19,16,1,0,0,70,1,SCH0371,Govt. Primary School Ghaziabad-371,0
TCH08146,Rekha Yadav,43,Geography,3,1,3,0,0,469,1,SCH0044,Govt. High School Udaipur-44,1
TCH08147,Ashok Gupta,37,Science,7,6,7,0,0,199,0,SCH0044,Govt. High School Udaipur-44,0
TCH08148,Ramesh Chaudhary,24,Biology,1,1,1,1,0,392,1,SCH0129,Govt. Senior Secondary School Ghaziabad-129,1
TCH08149,Pankaj Patel,47,Computer Science,9,2,2,0,1,452,0,SCH0274,Govt. High School Agra-274,1
TCH08150,Rajesh Rao,25,Art,2,2,2,0,0,94,0,SCH0054,Govt. High School West-54,0
TCH08151,Vikram Menon,37,Biology,8,2,8,0,0,62,0,SCH0281,Govt. Primary School East-281,0
TCH08152,Amit Iyer,35,Computer Science,4,2,0,1,0,392,1,SCH0050,Govt. Senior Secondary School Ajmer-50,1
TCH08153,Kamla Pandey,59,Chemistry,28,10,12,0,0,27,0,SCH0208,Govt. Middle School Ghaziabad-208,1
TCH08154,Deepak Pandey,47,Art,5,1,0,0,0,402,0,SCH0155,Govt. Primary School Gurgaon-155,0
TCH08155,Sunita Chaudhary,38,Computer Science,9,9,2,1,1,302,1,SCH0233,Govt. Primary School Jodhpur-233,1
TCH08156,Rajesh Kumar,41,Sanskrit,16,15,4,0,0,475,1,SCH0281,Govt. Primary School East-281,1
TCH08157,Anita Naidu,25,Hindi,2,2,2,1,1,336,0,SCH0220,Govt. High School North-220,1
TCH08158,Vikram Dubey,61,Social Science,29,18,13,1,0,373,1,SCH0126,Govt. Senior Secondary School West-126,1
TCH08159,Sanjay Sharma,41,Chemistry,3,2,1,1,0,443,0,SCH0092,Govt. Primary School Kanpur-92,1
TCH08160,Sunita Patel,34,Hindi,3,1,3,0,0,240,0,SCH0018,Govt. High School West-18,0
TCH08161,Pooja Nair,44,Chemistry,1,1,0,0,0,62,0,SCH0028,Govt. High School Varanasi-28,0
TCH08162,Usha Reddy,32,Physical Education,1,1,1,0,1,12,0,SCH0448,Govt. Senior Secondary School West-448,0
TCH08163,Usha Jain,56,Physical Education,32,10,12,1,0,444,1,SCH0483,Govt. Middle School Central-483,1
TCH08164,Ashok Jain,34,Sanskrit,9,7,5,0,0,291,0,SCH0010,Govt. Primary School West-10,1
TCH08165,Arun Joshi,54,Physical Education,25,8,12,1,0,179,1,SCH0071,Govt. Middle School Bikaner-71,1
TCH08166,Suresh Joshi,49,Art,20,10,12,0,0,89,1,SCH0049,Govt. Senior Secondary School Agra-49,1
TCH08167,Priya Shukla,40,Chemistry,13,11,6,1,0,272,0,SCH0079,Govt. Senior Secondary School North-79,1
TCH08168,Amit Singh,53,Physics,14,6,11,1,0,179,0,SCH0246,Govt. Senior Secondary School Central-246,1
TCH08169,Mahesh Pandey,39,Physical Education,10,3,10,0,1,427,0,SCH0039,Govt. Senior Secondary School North-39,1
TCH08170,Vikas Kumar,25,Mathematics,2,1,1,1,0,267,0,SCH0302,Govt. Senior Secondary School Ghaziabad-302,1
TCH08171,Lakshmi Chaudhary,60,Hindi,21,5,7,1,0,212,1,SCH0049,Govt. Senior Secondary School Agra-49,1
TCH08172,Kamla Kumar,47,English,14,5,11,0,0,445,0,SCH0106,Govt. Middle School West-106,1
TCH08173,Deepak Tiwari,53,Mathematics,4,2,0,0,0,419,0,SCH0070,Govt. High School Kota-70,0
TCH08174,Ashok Mishra,60,Sanskrit,3,2,0,0,0,0,0,SCH0017,Govt. Primary School Udaipur-17,0
TCH08175,Deepak Patel,55,Computer Science,13,8,12,0,0,460,1,SCH0301,Govt. High School New-301,1
TCH08176,Sunita Dubey,31,Chemistry,8,6,2,1,0,319,1,SCH0091,Govt. High School South-91,1
TCH08177,Priya Singh,61,Computer Science,7,6,6,1,0,193,1,SCH0072,Govt. Middle School Udaipur-72,1
TCH08178,Saroj Malhotra,44,Mathematics,15,2,2,0,0,262,0,SCH0379,Govt. Primary School New-379,0
TCH08179,Vikram Singh,59,Art,18,6,3,0,0,430,0,SCH0436,Govt. High School Jodhpur-436,1
TCH08180,Mahesh Menon,44,Social Science,13,2,2,1,0,429,0,SCH0107,Govt. Middle School Varanasi-107,1
TCH08181,Ramesh Pillai,40,Science,9,4,3,0,0,428,0,SCH0108,Govt. Senior Secondary School Agra-108,0
TCH08182,Ramesh Reddy,47,English,20,12,14,1,1,212,1,SCH0099,Govt. Senior Secondary School Faridabad-99,1
TCH08183,Pooja Nair,34,Chemistry,2,1,2,0,1,108,0,SCH0187,Govt. Senior Secondary School Lucknow-187,0
TCH08184,Kavita Aggarwal,53,Hindi,20,5,12,0,0,49,0,SCH0490,Govt. Middle School Lucknow-490,1
TCH08185,Geeta Kaur,30,Geography,3,2,1,0,0,468,0,SCH0082,Govt. Primary School West-82,0
TCH08186,Usha Bansal,42,Sanskrit,12,5,11,0,0,210,1,SCH0131,Govt. Senior Secondary School New-131,1
TCH08187,Vinod Pandey,32,English,4,4,2,0,0,39,0,SCH0211,Govt. Middle School North-211,0
TCH08188,Rekha Patel,47,History,12,7,5,1,0,31,0,SCH0111,Govt. Senior Secondary School Gurgaon-111,1
TCH08189,Rekha Malhotra,59,Art,18,5,0,0,0,41,1,SCH0205,Govt. Senior Secondary School East-205,0
TCH08190,Saroj Chauhan,38,Chemistry,14,4,13,1,0,123,0,SCH0153,Govt. Primary School Ghaziabad-153,1
TCH08191,Rajesh Patel,57,Social Science,15,3,10,1,0,38,0,SCH0407,Govt. Senior Secondary School South-407,1
TCH08192,Harish Chaudhary,31,Chemistry,5,2,4,0,0,375,0,SCH0299,Govt. Primary School Jaipur-299,0
TCH08193,Seema Patel,54,Physical Education,19,5,8,0,0,38,0,SCH0099,Govt. Senior Secondary School Faridabad-99,1
TCH08194,Anita Dubey,26,Hindi,2,1,0,0,0,17,1,SCH0028,Govt. High School Varanasi-28,0
TCH08195,Savita Reddy,37,Computer Science,6,6,4,0,0,109,1,SCH0224,Govt. Primary School South-224,1
TCH08196,Geeta Tiwari,32,Computer Science,9,6,1,0,0,148,1,SCH0243,Govt. Middle School Kanpur-243,0
TCH08197,Devika Reddy,48,Computer Science,5,4,4,0,0,171,0,SCH0294,Govt. Middle School East-294,0
TCH08198,Pooja Iyer,40,Biology,10,7,4,1,0,314,0,SCH0185,Govt. High School Ajmer-185,1
TCH08199,Ramesh Dubey,33,Chemistry,4,1,0,1,0,87,1,SCH0426,Govt. High School Jodhpur-426,0
TCH08200,Anita Pandey,28,Physical Education,2,2,0,1,0,357,0,SCH0428,Govt. High School Faridabad-428,1
TCH08201,Naresh Shukla,25,Physics,2,2,0,1,0,481,0,SCH0091,Govt. High School South-91,1
TCH08202,Usha Pillai,32,Sanskrit,2,1,0,1,0,237,0,SCH0417,Govt. Primary School New-417,1
TCH08203,Seema Rao,24,Art,1,1,1,0,0,17,0,SCH0034,Govt. Middle School Varanasi-34,0
TCH08204,Naresh Patel,45,Physics,20,11,8,1,0,436,0,SCH0460,Govt. High School Ghaziabad-460,1
TCH08205,Geeta Garg,38,Computer Science,6,2,2,0,0,33,0,SCH0404,Govt. High School Central-404,0
TCH08206,Sunita Iyer,39,Chemistry,3,2,1,0,0,214,0,SCH0262,Govt. High School Jodhpur-262,0
TCH08207,Rekha Singh,36,Social Science,3,1,1,0,0,144,0,SCH0214,Govt. High School East-214,0
TCH08208,Shanti Mishra,52,Hindi,5,5,0,1,0,74,0,SCH0243,Govt. Middle School Kanpur-243,1
TCH08209,Anita Bhat,30,Physics,3,2,1,1,0,171,0,SCH0208,Govt. Middle School Ghaziabad-208,0
TCH08210,Vinod Mittal,25,Biology,2,2,2,1,0,155,0,SCH0082,Govt. Primary School West-82,0
TCH08211,Seema Jain,32,Art,9,2,9,0,0,324,0,SCH0399,Govt. High School North-399,0
TCH08212,Radha Kaur,40,Physics,11,9,6,1,0,72,1,SCH0202,Govt. High School West-202,1
TCH08213,Ramesh Pandey,29,Hindi,4,1,4,0,0,343,0,SCH0342,Govt. Primary School Agra-342,0
TCH08214,Anita Bhat,40,Physical Education,11,11,5,0,0,381,0,SCH0288,Govt. Primary School Central-288,1
TCH08215,Pankaj Kumar,56,Art,20,2,2,0,0,166,1,SCH0359,Govt. Primary School Lucknow-359,0
TCH08216,Vikas Menon,44,Physics,19,12,0,0,0,371,0,SCH0325,Govt. Primary School Udaipur-325,1
TCH08217,Geeta Kumar,26,Social Science,2,2,1,1,0,312,0,SCH0383,Govt. Middle School Gurgaon-383,1
TCH08218,Naresh Rao,49,Geography,23,14,10,1,0,367,0,SCH0104,Govt. High School West-104,1
TCH08219,Rekha Singh,52,Physics,14,6,1,1,1,26,0,SCH0078,Govt. Middle School Gurgaon-78,1
TCH08220,Anita Patel,45,Computer Science,15,5,2,1,0,227,1,SCH0244,Govt. Senior Secondary School Agra-244,1
TCH08221,Pankaj Yadav,28,Physical Education,2,2,2,0,1,427,0,SCH0235,Govt. Senior Secondary School Faridabad-235,1
TCH08222,Devika Jain,24,Hindi,1,1,1,0,0,51,0,SCH0321,Govt. Primary School West-321,0
TCH08223,Seema Yadav,61,Computer Science,5,3,4,1,0,107,0,SCH0166,Govt. Primary School Bikaner-166,1
TCH08224,Pankaj Menon,39,Physics,8,7,0,1,0,101,1,SCH0147,Govt. High School Gurgaon-147,1
TCH08225,Radha Mishra,59,Computer Science,18,7,6,0,0,119,0,SCH0257,Govt. Middle School West-257,1
TCH08226,Priya Chaudhary,57,Art,34,2,10,0,0,121,0,SCH0296,Govt. Middle School North-296,0
TCH08227,Lakshmi Kaur,57,History,26,10,6,0,0,231,1,SCH0052,Govt. Middle School Lucknow-52,1
TCH08228,Vinod Pillai,34,Biology,6,6,1,0,0,263,0,SCH0076,Govt. High School Jodhpur-76,0
TCH08229,Geeta Iyer,59,Geography,14,8,6,0,0,415,0,SCH0303,Govt. Middle School Central-303,1
TCH08230,Sunil Aggarwal,55,Computer Science,5,5,0,0,0,272,0,SCH0386,Govt. Senior Secondary School South-386,0
TCH08231,Pankaj Singh,37,Physics,5,2,2,1,1,315,0,SCH0040,Govt. High School Jodhpur-40,1
TCH08232,Ramesh Naidu,57,History,8,3,8,0,0,48,0,SCH0441,Govt. Senior Secondary School Varanasi-441,0
TCH08233,Suresh Shukla,42,Art,13,3,2,0,0,478,1,SCH0043,Govt. Senior Secondary School Ajmer-43,0
TCH08234,Sanjay Bhat,59,Biology,19,2,4,0,0,143,1,SCH0264,Govt. Primary School Udaipur-264,0
TCH08235,Priya Mishra,59,Mathematics,22,8,10,0,0,276,0,SCH0046,Govt. Senior Secondary School Ajmer-46,1
TCH08236,Nita Rao,50,English,9,4,9,1,0,390,0,SCH0255,Govt. High School Varanasi-255,1
TCH08237,Sunita Rao,61,Physical Education,20,3,14,0,0,279,0,SCH0195,Govt. High School South-195,1
TCH08238,Rajesh Singh,32,Social Science,2,2,2,0,1,86,1,SCH0086,Govt. High School Jaipur-86,0
TCH08239,Saroj Chaudhary,28,Sanskrit,1,1,0,0,0,239,0,SCH0275,Govt. Primary School East-275,0
TCH08240,Devika Mittal,60,Physical Education,24,7,3,0,0,365,1,SCH0247,Govt. High School New-247,1
TCH08241,Devika Mittal,55,English,9,4,0,0,0,222,1,SCH0010,Govt. Primary School West-10,0
TCH08242,Seema Pillai,31,Hindi,2,1,1,0,0,23,1,SCH0198,Govt. Senior Secondary School Varanasi-198,0
TCH08243,Deepak Singh,24,Social Science,1,1,1,0,0,357,0,SCH0061,Govt. Primary School Kota-61,0
TCH08244,Sanjay Pillai,56,Art,31,6,12,0,0,415,0,SCH0204,Govt. Middle School Agra-204,1
TCH08245,Yogesh Shukla,30,English,6,1,3,1,0,386,0,SCH0153,Govt. Primary School Ghaziabad-153,1
TCH08246,Seema Bansal,33,English,8,1,7,0,0,279,0,SCH0166,Govt. Primary School Bikaner-166,0
TCH08247,Anita Bansal,46,Computer Science,14,3,0,1,1,110,0,SCH0384,Govt. Middle School Jaipur-384,1
TCH08248,Naresh Bansal,41,Physical Education,16,10,13,1,0,101,0,SCH0085,Govt. Middle School Udaipur-85,1
TCH08249,Dinesh Malhotra,53,Chemistry,12,9,11,1,0,498,1,SCH0152,Govt. Middle School Agra-152,1
TCH08250,Sanjay Iyer,46,Science,20,13,12,0,0,203,0,SCH0106,Govt. Middle School West-106,1
TCH08251,Deepak Kaur,42,Geography,2,2,2,0,0,408,0,SCH0236,Govt. Senior Secondary School Jaipur-236,0
TCH08252,Anita Reddy,30,Social Science,6,3,0,0,0,400,1,SCH0441,Govt. Senior Secondary School Varanasi-441,0
TCH08253,Nita Shukla,40,Sanskrit,7,1,1,0,0,461,0,SCH0006,Govt. Senior Secondary School West-6,0
TCH08254,Mahesh Nair,39,Sanskrit,5,3,4,0,0,75,0,SCH0294,Govt. Middle School East-294,0
TCH08255,Anita Naidu,40,Science,10,9,8,0,0,36,1,SCH0341,Govt. High School Gurgaon-341,1
TCH08256,Pankaj Bhat,42,Chemistry,13,9,12,1,0,346,0,SCH0093,Govt. Primary School Kanpur-93,1
TCH08257,Vinod Pillai,25,Biology,2,2,2,1,0,79,0,SCH0368,Govt. Middle School Varanasi-368,0
TCH08258,Saroj Chaudhary,33,Biology,4,1,1,1,0,225,1,SCH0046,Govt. Senior Secondary School Ajmer-46,1
TCH08259,Priya Chaudhary,43,Computer Science,5,4,3,0,0,244,0,SCH0345,Govt. High School Ajmer-345,0
TCH08260,Devika Mishra,45,Hindi,15,4,14,0,0,185,1,SCH0456,Govt. Senior Secondary School Ghaziabad-456,0
TCH08261,Ramesh Iyer,59,Science,25,13,9,1,0,253,0,SCH0169,Govt. Middle School Ajmer-169,1
TCH08262,Suresh Shukla,35,Science,2,2,1,1,0,33,0,SCH0017,Govt. Primary School Udaipur-17,0
TCH08263,Dinesh Aggarwal,60,Art,3,3,2,0,0,43,0,SCH0087,Govt. Primary School Udaipur-87,0
TCH08264,Priya Singh,61,Chemistry,28,6,12,0,0,351,0,SCH0293,Govt. High School Jaipur-293,1
TCH08265,Geeta Pillai,51,Geography,18,14,8,1,0,481,0,SCH0398,Govt. Senior Secondary School South-398,1
TCH08266,Anita Verma,56,Art,26,7,6,1,0,157,0,SCH0140,Govt. Primary School Udaipur-140,1
TCH08267,Anita Yadav,51,Hindi,18,10,10,0,0,113,0,SCH0387,Govt. High School Kota-387,1
TCH08268,Seema Tiwari,36,Hindi,1,1,1,0,0,382,1,SCH0119,Govt. Middle School Noida-119,0
TCH08269,Pankaj Bansal,46,Biology,7,2,2,0,0,31,1,SCH0244,Govt. Senior Secondary School Agra-244,0
TCH08270,Nita Naidu,28,Social Science,3,2,2,0,0,74,1,SCH0337,Govt. Senior Secondary School Ghaziabad-337,0
TCH08271,Suresh Joshi,43,Mathematics,14,12,2,1,1,386,0,SCH0274,Govt. High School Agra-274,1
TCH08272,Vikas Menon,25,Art,1,1,0,0,0,402,1,SCH0423,Govt. Senior Secondary School Lucknow-423,0
TCH08273,Mahesh Gupta,39,Physical Education,8,1,4,1,0,81,0,SCH0354,Govt. Middle School North-354,1
TCH08274,Vikram Garg,31,Chemistry,3,1,1,1,0,403,0,SCH0032,Govt. High School Jodhpur-32,1
TCH08275,Ajay Yadav,37,Mathematics,1,1,0,0,0,436,0,SCH0253,Govt. Middle School Gurgaon-253,0
TCH08276,Mahesh Jain,51,History,26,4,10,1,0,11,0,SCH0038,Govt. Senior Secondary School Kota-38,1
TCH08277,Suresh Shukla,27,Mathematics,4,1,1,0,0,318,0,SCH0047,Govt. Middle School Agra-47,0
TCH08278,Vinod Pillai,35,Computer Science,3,1,1,0,0,390,1,SCH0500,Govt. Middle School Varanasi-500,0
TCH08279,Anita Naidu,34,Computer Science,2,2,2,0,0,181,0,SCH0364,Govt. Primary School North-364,0
TCH08280,Priya Verma,41,Sanskrit,3,1,3,1,0,245,1,SCH0043,Govt. Senior Secondary School Ajmer-43,1
TCH08281,Arun Mittal,42,Mathematics,1,1,0,0,0,214,0,SCH0160,Govt. Middle School Faridabad-160,0
TCH08282,Kamla Menon,51,Sanskrit,22,15,0,0,0,82,1,SCH0078,Govt. Middle School Gurgaon-78,0
TCH08283,Pankaj Garg,28,Chemistry,5,1,2,1,0,322,0,SCH0452,Govt. High School Noida-452,1
TCH08284,Kavita Shukla,45,History,2,2,2,1,0,299,0,SCH0475,Govt. Primary School Kanpur-475,1
TCH08285,Vikram Mittal,24,Geography,1,1,1,0,1,95,0,SCH0017,Govt. Primary School Udaipur-17,0
TCH08286,Amit Mishra,48,Social Science,15,8,4,1,0,93,0,SCH0309,Govt. Middle School Agra-309,1
TCH08287,Kavita Garg,35,Art,7,1,1,0,0,20,1,SCH0074,Govt. Middle School Ajmer-74,0
TCH08288,Mahesh Nair,24,Physical Education,1,1,0,1,0,281,0,SCH0103,Govt. Middle School Faridabad-103,1
TCH08289,Usha Joshi,44,History,14,14,5,1,0,309,1,SCH0479,Govt. Middle School Agra-479,1
TCH08290,Meena Verma,54,Hindi,12,7,11,0,0,435,0,SCH0134,Govt. Primary School Noida-134,1
TCH08291,Sanjay Gupta,45,Chemistry,1,1,0,0,0,252,0,SCH0164,Govt. Senior Secondary School Agra-164,0
TCH08292,Mukesh Pillai,51,Computer Science,16,11,2,0,1,140,1,SCH0032,Govt. High School Jodhpur-32,1
TCH08293,Pushpa Bansal,36,Geography,8,3,4,0,0,213,0,SCH0050,Govt. Senior Secondary School Ajmer-50,0
TCH08294,Nita Jain,33,History,10,4,10,0,0,262,0,SCH0052,Govt. Middle School Lucknow-52,1
TCH08295,Sunita Gupta,35,Physics,12,12,5,0,0,158,0,SCH0196,Govt. Middle School Jaipur-196,1
TCH08296,Mukesh Singh,60,Sanskrit,24,4,1,1,0,480,0,SCH0404,Govt. High School Central-404,1
TCH08297,Anita Aggarwal,50,Biology,22,4,3,1,0,187,0,SCH0360,Govt. Senior Secondary School Bikaner-360,1
TCH08298,Nita Mittal,60,English,6,3,5,1,0,33,0,SCH0060,Govt. High School Noida-60,1
TCH08299,Suresh Pillai,24,Computer Science,1,1,1,1,0,327,1,SCH0401,Govt. Senior Secondary School Varanasi-401,1
TCH08300,Priya Kumar,42,Social Science,9,3,1,0,0,288,0,SCH0159,Govt. High School North-159,0
TCH08301,Savita Naidu,61,Sanskrit,9,4,4,1,0,297,0,SCH0464,Govt. Middle School Gurgaon-464,1
TCH08302,Arun Jain,25,History,2,2,2,0,0,183,0,SCH0003,Govt. Senior Secondary School Udaipur-3,0
TCH08303,Anita Joshi,58,Science,13,3,2,0,0,203,0,SCH0285,Govt. Middle School Kanpur-285,0
TCH08304,Deepak Bansal,51,History,7,1,3,1,0,425,1,SCH0062,Govt. High School North-62,1
TCH08305,Rekha Pandey,41,English,10,10,7,0,0,242,0,SCH0236,Govt. Senior Secondary School Jaipur-236,1
TCH08306,Pushpa Jain,61,Physical Education,22,4,14,0,0,482,0,SCH0466,Govt. Senior Secondary School Jodhpur-466,1
TCH08307,Ajay Yadav,40,Chemistry,1,1,0,1,0,470,1,SCH0039,Govt. Senior Secondary School North-39,1
TCH08308,Harish Dubey,54,Biology,5,4,5,0,0,69,0,SCH0244,Govt. Senior Secondary School Agra-244,0
TCH08309,Vinod Garg,53,Chemistry,30,16,6,0,0,258,1,SCH0195,Govt. High School South-195,1
TCH08310,Ajay Gupta,45,Hindi,21,19,11,0,0,249,0,SCH0097,Govt. Primary School Central-97,1
TCH08311,Anita Verma,54,Computer Science,2,2,2,0,0,418,0,SCH0284,Govt. Primary School Bikaner-284,0
TCH08312,Rekha Iyer,60,Science,17,4,0,0,0,345,0,SCH0256,Govt. Senior Secondary School Faridabad-256,0
TCH08313,Naresh Singh,61,Art,33,8,0,0,0,232,1,SCH0337,Govt. Senior Secondary School Ghaziabad-337,1
TCH08314,Vinod Patel,29,Hindi,1,1,0,0,1,71,0,SCH0296,Govt. Middle School North-296,0
TCH08315,Meena Singh,58,Physics,25,4,6,1,0,374,0,SCH0329,Govt. Senior Secondary School South-329,1
TCH08316,Sunita Gupta,41,Physical Education,16,1,12,0,0,369,0,SCH0146,Govt. Middle School Central-146,1
TCH08317,Anita Jain,31,Physics,3,1,2,0,0,311,0,SCH0122,Govt. High School Ghaziabad-122,0
TCH08318,Usha Verma,51,Chemistry,21,1,8,1,1,191,0,SCH0112,Govt. Primary School Bikaner-112,1
TCH08319,Radha Naidu,45,English,1,1,0,0,0,155,0,SCH0306,Govt. Primary School Ghaziabad-306,0
TCH08320,Vikram Chaudhary,56,History,2,1,0,0,0,290,0,SCH0199,Govt. High School Bikaner-199,0
TCH08321,Dinesh Pandey,57,English,5,1,1,1,0,150,0,SCH0130,Govt. High School East-130,0
TCH08322,Pooja Malhotra,40,Computer Science,11,7,9,0,1,135,0,SCH0166,Govt. Primary School Bikaner-166,1
TCH08323,Rekha Mittal,49,Science,2,2,1,1,0,195,0,SCH0255,Govt. High School Varanasi-255,0
TCH08324,Deepak Reddy,43,Physics,14,1,9,0,0,466,1,SCH0002,Govt. Senior Secondary School Kota-2,1
TCH08325,Pushpa Kaur,58,Art,33,19,0,0,0,75,0,SCH0145,Govt. Primary School Bikaner-145,0
TCH08326,Savita Pillai,50,History,24,17,10,0,0,287,1,SCH0034,Govt. Middle School Varanasi-34,1
TCH08327,Saroj Tiwari,55,History,24,8,4,1,0,297,0,SCH0306,Govt. Primary School Ghaziabad-306,1
TCH08328,Dinesh Chaudhary,49,Chemistry,21,12,11,0,0,122,0,SCH0270,Govt. Senior Secondary School Udaipur-270,1
TCH08329,Vinod Nair,35,Geography,4,4,1,1,0,288,1,SCH0310,Govt. Middle School West-310,1
TCH08330,Ajay Mishra,59,Mathematics,30,9,14,1,0,130,1,SCH0487,Govt. High School East-487,1
TCH08331,Shanti Singh,33,Geography,5,4,2,1,0,211,0,SCH0016,Govt. Middle School Gurgaon-16,1
TCH08332,Usha Chaudhary,38,Biology,4,4,1,1,0,161,0,SCH0322,Govt. High School Central-322,0
TCH08333,Lakshmi Yadav,45,Physics,13,3,11,0,0,61,1,SCH0179,Govt. Middle School North-179,0
TCH08334,Harish Joshi,29,English,3,2,0,0,0,16,0,SCH0187,Govt. Senior Secondary School Lucknow-187,0
TCH08335,Pooja Chauhan,36,Computer Science,8,4,8,0,0,77,1,SCH0437,Govt. Primary School Varanasi-437,0
TCH08336,Anita Chauhan,32,English,6,4,0,1,0,491,0,SCH0371,Govt. Primary School Ghaziabad-371,1
TCH08337,Lakshmi Kumar,60,Art,33,3,7,0,0,208,0,SCH0200,Govt. Middle School Bikaner-200,1
TCH08338,Shanti Shukla,46,Physics,15,12,1,0,0,163,0,SCH0335,Govt. Primary School Noida-335,0
TCH08339,Mahesh Shukla,48,Sanskrit,13,8,0,1,1,282,0,SCH0014,Govt. Middle School South-14,1
TCH08340,Mukesh Sharma,32,Computer Science,6,3,0,0,0,273,0,SCH0005,Govt. Primary School New-5,0
TCH08341,Anita Joshi,56,Sanskrit,22,1,10,0,0,480,0,SCH0022,Govt. Primary School New-22,1
TCH08342,Seema Singh,47,Sanskrit,6,6,0,0,0,338,1,SCH0335,Govt. Primary School Noida-335,1
TCH08343,Rajesh Bansal,46,Chemistry,12,2,2,0,0,0,0,SCH0114,Govt. Middle School Bikaner-114,0
TCH08344,Pankaj Garg,42,English,6,2,1,0,0,485,1,SCH0261,Govt. Middle School West-261,0
TCH08345,Amit Aggarwal,36,Physical Education,8,8,1,1,0,125,0,SCH0134,Govt. Primary School Noida-134,1
TCH08346,Yogesh Malhotra,29,Art,6,5,6,0,0,141,1,SCH0263,Govt. High School Faridabad-263,1
TCH08347,Rajesh Sharma,58,Computer Science,12,7,5,0,0,403,0,SCH0053,Govt. Senior Secondary School Ghaziabad-53,1
TCH08348,Pankaj Chaudhary,28,History,5,3,2,0,0,171,0,SCH0417,Govt. Primary School New-417,0
TCH08349,Sunita Naidu,45,Social Science,1,1,1,1,0,431,1,SCH0307,Govt. Middle School Kanpur-307,1
TCH08350,Suresh Rao,47,English,8,2,5,0,0,477,1,SCH0498,Govt. Primary School Gurgaon-498,1
TCH08351,Meena Sharma,36,Biology,12,3,9,0,0,343,0,SCH0275,Govt. Primary School East-275,1
TCH08352,Arun Yadav,26,History,1,1,0,1,0,216,0,SCH0209,Govt. High School Noida-209,1
TCH08353,Kavita Singh,60,Physics,3,1,2,0,0,474,0,SCH0369,Govt. Middle School Central-369,0
TCH08354,Arun Kumar,39,Hindi,8,8,1,0,0,471,0,SCH0446,Govt. Middle School Jodhpur-446,0
TCH08355,Devika Kumar,53,English,12,5,11,0,0,11,0,SCH0074,Govt. Middle School Ajmer-74,1
TCH08356,Devika Kumar,60,Social Science,16,9,0,0,0,174,0,SCH0090,Govt. Senior Secondary School Noida-90,0
TCH08357,Sunil Tiwari,41,Biology,6,5,3,0,0,197,0,SCH0007,Govt. Primary School South-7,0
TCH08358,Meena Nair,41,Hindi,5,4,4,0,1,108,0,SCH0168,Govt. High School Kota-168,0
TCH08359,Ajay Pillai,58,Geography,32,10,12,0,0,136,0,SCH0184,Govt. Primary School Central-184,1
TCH08360,Amit Sharma,24,Social Science,1,1,1,0,0,100,0,SCH0153,Govt. Primary School Ghaziabad-153,0
TCH08361,Amit Kaur,28,Art,5,3,4,0,0,112,0,SCH0048,Govt. Middle School Gurgaon-48,0
TCH08362,Seema Chauhan,35,Geography,3,1,2,1,0,236,1,SCH0284,Govt. Primary School Bikaner-284,1
TCH08363,Kavita Mishra,31,Physics,6,4,2,1,0,71,1,SCH0411,Govt. Middle School New-411,0
TCH08364,Suresh Bhat,50,Science,15,5,10,1,0,149,0,SCH0456,Govt. Senior Secondary School Ghaziabad-456,1
TCH08365,Geeta Dubey,57,Computer Science,31,15,4,1,0,60,0,SCH0480,Govt. Middle School Jodhpur-480,1
TCH08366,Ashok Yadav,55,Physics,5,1,0,0,0,176,0,SCH0016,Govt. Middle School Gurgaon-16,0
TCH08367,Yogesh Jain,38,English,4,2,1,0,0,136,0,SCH0496,Govt. Middle School Bikaner-496,0
TCH08368,Kamla Pillai,42,English,10,4,2,0,0,231,0,SCH0085,Govt. Middle School Udaipur-85,0
TCH08369,Rajesh Aggarwal,32,Chemistry,2,1,0,0,0,144,0,SCH0473,Govt. High School Central-473,0
TCH08370,Kavita Reddy,36,Physical Education,13,13,1,1,0,190,0,SCH0149,Govt. Primary School Central-149,1
TCH08371,Shanti Rao,43,History,9,2,9,0,0,484,0,SCH0480,Govt. Middle School Jodhpur-480,0
TCH08372,Ajay Malhotra,31,Biology,6,2,3,1,0,65,1,SCH0021,Govt. Middle School Faridabad-21,1
TCH08373,Geeta Sharma,48,English,20,6,4,0,0,255,0,SCH0269,Govt. Middle School East-269,1
TCH08374,Sunil Sharma,37,Sanskrit,8,3,5,1,0,254,1,SCH0475,Govt. Primary School Kanpur-475,1
TCH08375,Priya Mittal,42,Social Science,10,6,2,1,0,342,0,SCH0038,Govt. Senior Secondary School Kota-38,1
TCH08376,Saroj Joshi,28,Sanskrit,3,1,2,0,0,77,1,SCH0053,Govt. Senior Secondary School Ghaziabad-53,0
TCH08377,Usha Mishra,54,Social Science,5,4,2,0,0,270,1,SCH0365,Govt. Senior Secondary School Ajmer-365,0
TCH08378,Saroj Pandey,46,Sanskrit,15,15,10,0,0,82,1,SCH0040,Govt. High School Jodhpur-40,1
TCH08379,Deepak Aggarwal,39,Art,11,1,6,0,1,311,0,SCH0389,Govt. Middle School Gurgaon-389,1
TCH08380,Suresh Jain,57,Computer Science,17,1,14,0,0,31,0,SCH0262,Govt. High School Jodhpur-262,0
TCH08381,Vinod Rao,57,History,19,12,3,0,0,383,0,SCH0135,Govt. Middle School Central-135,1
TCH08382,Savita Joshi,57,Physical Education,33,13,7,0,0,493,1,SCH0210,Govt. Middle School West-210,1
TCH08383,Deepak Menon,59,Mathematics,29,3,4,1,0,329,0,SCH0453,Govt. High School West-453,1
TCH08384,Anita Reddy,31,History,4,1,1,0,0,249,0,SCH0090,Govt. Senior Secondary School Noida-90,0
TCH08385,Devika Jain,26,Geography,3,2,2,0,0,467,1,SCH0346,Govt. Primary School South-346,0
TCH08386,Priya Shukla,39,Hindi,1,1,1,0,0,15,0,SCH0115,Govt. High School Jodhpur-115,0
TCH08387,Dinesh Rao,37,History,14,2,7,1,0,476,0,SCH0388,Govt. Senior Secondary School Noida-388,1
TCH08388,Priya Naidu,41,Hindi,14,11,1,1,0,275,0,SCH0329,Govt. Senior Secondary School South-329,1
TCH08389,Devika Pillai,46,Art,16,12,13,0,0,132,0,SCH0238,Govt. Primary School South-238,1
TCH08390,Meena Singh,32,Hindi,9,4,7,0,0,291,1,SCH0060,Govt. High School Noida-60,1
TCH08391,Saroj Kaur,58,Physical Education,29,1,9,0,0,171,1,SCH0422,Govt. Primary School Varanasi-422,0
TCH08392,Mahesh Jain,55,Hindi,30,17,11,1,0,157,0,SCH0228,Govt. Senior Secondary School Kanpur-228,1
TCH08393,Lakshmi Iyer,32,Geography,4,4,2,1,0,358,0,SCH0421,Govt. Middle School Jaipur-421,1
TCH08394,Ashok Bansal,31,Physics,1,1,1,0,0,147,1,SCH0008,Govt. High School Ajmer-8,0
TCH08395,Ashok Dubey,50,Biology,27,7,5,0,0,10,0,SCH0283,Govt. Primary School New-283,1
TCH08396,Shanti Pillai,24,Geography,1,1,0,1,0,140,0,SCH0402,Govt. Middle School Faridabad-402,0
TCH08397,Priya Menon,47,Art,20,6,11,0,0,343,0,SCH0157,Govt. Senior Secondary School Jodhpur-157,1
TCH08398,Pooja Pillai,38,Physical Education,5,2,0,1,0,140,0,SCH0143,Govt. Senior Secondary School Kota-143,0
TCH08399,Pankaj Iyer,59,Chemistry,12,11,1,0,0,222,0,SCH0001,Govt. Senior Secondary School West-1,1
TCH08400,Sunita Bhat,27,Social Science,2,2,0,0,0,403,0,SCH0291,Govt. Primary School Faridabad-291,0
TCH08401,Meena Nair,42,Geography,10,9,0,0,0,134,1,SCH0184,Govt. Primary School Central-184,0
TCH08402,Sunil Chaudhary,39,Mathematics,1,1,0,1,0,154,0,SCH0411,Govt. Middle School New-411,0
TCH08403,Vikram Kaur,59,Mathematics,16,8,2,0,0,466,1,SCH0194,Govt. Middle School Ajmer-194,1
TCH08404,Usha Chaudhary,57,Biology,32,7,1,0,1,367,0,SCH0199,Govt. High School Bikaner-199,1
TCH08405,Ramesh Chauhan,59,Art,12,9,12,0,0,194,0,SCH0124,Govt. High School Ghaziabad-124,1
TCH08406,Shanti Chauhan,55,Mathematics,26,4,0,0,1,45,0,SCH0140,Govt. Primary School Udaipur-140,0
TCH08407,Lakshmi Pandey,32,English,8,2,6,1,0,425,1,SCH0043,Govt. Senior Secondary School Ajmer-43,1
TCH08408,Pankaj Gupta,52,Hindi,19,2,5,0,0,196,0,SCH0228,Govt. Senior Secondary School Kanpur-228,0
TCH08409,Devika Gupta,53,Social Science,22,13,6,1,0,302,0,SCH0215,Govt. Middle School Ghaziabad-215,1
TCH08410,Devika Verma,54,English,15,9,5,0,0,266,0,SCH0301,Govt. High School New-301,1
TCH08411,Ramesh Reddy,60,Mathematics,5,4,4,0,0,388,1,SCH0184,Govt. Primary School Central-184,1
TCH08412,Seema Yadav,53,Biology,17,5,11,0,0,168,0,SCH0263,Govt. High School Faridabad-263,1
TCH08413,Lakshmi Iyer,27,Geography,2,1,0,0,0,497,0,SCH0371,Govt. Primary School Ghaziabad-371,0
TCH08414,Saroj Garg,42,Chemistry,14,4,1,1,0,437,0,SCH0083,Govt. Primary School Udaipur-83,1
TCH08415,Seema Joshi,33,Biology,5,3,3,1,0,19,0,SCH0152,Govt. Middle School Agra-152,1
TCH08416,Pushpa Garg,55,English,32,17,8,0,0,11,1,SCH0397,Govt. Senior Secondary School Udaipur-397,1
TCH08417,Rajesh Menon,40,Social Science,3,3,0,1,0,482,0,SCH0166,Govt. Primary School Bikaner-166,1
TCH08418,Pooja Mishra,53,Physical Education,7,6,1,1,0,212,1,SCH0346,Govt. Primary School South-346,1
TCH08419,Mahesh Patel,45,Hindi,5,3,1,0,0,324,0,SCH0073,Govt. High School Central-73,0
TCH08420,Harish Sharma,45,Art,1,1,0,0,0,217,1,SCH0155,Govt. Primary School Gurgaon-155,0
TCH08421,Seema Gupta,26,Biology,1,1,0,0,0,9,0,SCH0017,Govt. Primary School Udaipur-17,0
TCH08422,Deepak Joshi,43,Science,10,3,8,0,0,84,0,SCH0364,Govt. Primary School North-364,0
TCH08423,Usha Pandey,45,Hindi,15,12,5,1,0,18,1,SCH0369,Govt. Middle School Central-369,1
TCH08424,Lakshmi Iyer,33,Science,2,2,2,0,1,458,0,SCH0483,Govt. Middle School Central-483,1
TCH08425,Sunil Pandey,34,Physics,6,3,1,1,0,306,0,SCH0168,Govt. High School Kota-168,1
TCH08426,Vinod Garg,24,Geography,1,1,0,1,0,167,0,SCH0235,Govt. Senior Secondary School Faridabad-235,0
TCH08427,Priya Shukla,35,English,4,1,2,0,0,181,1,SCH0476,Govt. Primary School East-476,0
TCH08428,Pushpa Pillai,51,Art,4,4,2,0,0,36,0,SCH0428,Govt. High School Faridabad-428,0
TCH08429,Rajesh Patel,55,Social Science,16,3,14,0,0,24,1,SCH0194,Govt. Middle School Ajmer-194,0
TCH08430,Shanti Chauhan,29,Mathematics,2,2,1,0,0,113,1,SCH0085,Govt. Middle School Udaipur-85,0
TCH08431,Nita Mishra,31,Computer Science,7,1,0,0,0,15,0,SCH0123,Govt. Middle School Central-123,0
TCH08432,Saroj Aggarwal,54,Physics,29,17,4,1,0,145,0,SCH0074,Govt. Middle School Ajmer-74,1
TCH08433,Ajay Joshi,48,Physics,11,10,4,1,0,313,0,SCH0346,Govt. Primary School South-346,1
TCH08434,Ramesh Garg,50,Science,17,9,14,1,0,7,0,SCH0093,Govt. Primary School Kanpur-93,1
TCH08435,Sunil Jain,59,Art,24,2,9,0,0,201,0,SCH0165,Govt. Primary School Gurgaon-165,1
TCH08436,Kamla Shukla,29,Hindi,2,2,2,1,0,483,0,SCH0072,Govt. Middle School Udaipur-72,1
TCH08437,Seema Sharma,57,Sanskrit,34,12,3,0,0,302,0,SCH0024,Govt. Middle School Central-24,1
TCH08438,Ajay Chaudhary,38,Chemistry,8,6,7,0,0,319,1,SCH0072,Govt. Middle School Udaipur-72,1
TCH08439,Saroj Iyer,37,Science,2,2,1,0,1,144,0,SCH0095,Govt. Primary School New-95,0
TCH08440,Arun Singh,33,Biology,1,1,1,0,0,438,1,SCH0227,Govt. Senior Secondary School Lucknow-227,0
TCH08441,Arun Iyer,58,English,22,11,4,0,0,329,1,SCH0152,Govt. Middle School Agra-152,1
TCH08442,Deepak Sharma,26,Social Science,2,1,0,1,0,266,0,SCH0425,Govt. High School Gurgaon-425,1
TCH08443,Pankaj Chauhan,43,History,20,1,4,0,0,187,0,SCH0045,Govt. Senior Secondary School New-45,0
TCH08444,Pooja Mittal,30,Science,6,6,6,0,1,134,0,SCH0475,Govt. Primary School Kanpur-475,1
TCH08445,Geeta Pillai,34,English,6,5,4,0,0,46,1,SCH0184,Govt. Primary School Central-184,1
TCH08446,Lakshmi Shukla,45,Geography,11,7,6,0,0,116,0,SCH0461,Govt. Middle School South-461,1
TCH08447,Mukesh Garg,39,Sanskrit,12,7,1,1,0,96,1,SCH0108,Govt. Senior Secondary School Agra-108,1
TCH08448,Lakshmi Mishra,40,English,1,1,0,0,0,286,0,SCH0003,Govt. Senior Secondary School Udaipur-3,0
TCH08449,Dinesh Malhotra,49,Mathematics,19,4,0,0,0,69,0,SCH0420,Govt. Senior Secondary School Lucknow-420,0
TCH08450,Nita Singh,61,Sanskrit,23,16,10,0,0,222,1,SCH0498,Govt. Primary School Gurgaon-498,1
TCH08451,Anita Patel,31,History,3,3,3,0,0,141,0,SCH0119,Govt. Middle School Noida-119,0
TCH08452,Rekha Menon,60,Art,2,2,1,0,0,363,1,SCH0024,Govt. Middle School Central-24,0
TCH08453,Dinesh Sharma,26,English,2,1,2,1,0,375,0,SCH0481,Govt. Senior Secondary School Jaipur-481,1
TCH08454,Amit Chaudhary,45,Science,11,10,10,1,0,493,0,SCH0078,Govt. Middle School Gurgaon-78,1
TCH08455,Anita Verma,61,Science,1,1,1,1,0,14,0,SCH0344,Govt. Middle School Ghaziabad-344,0
TCH08456,Geeta Reddy,35,Hindi,1,1,0,0,0,328,0,SCH0296,Govt. Middle School North-296,0
TCH08457,Shanti Iyer,29,Hindi,3,2,3,1,0,273,0,SCH0109,Govt. High School Jaipur-109,1
TCH08458,Ajay Rao,51,Science,12,4,12,0,1,221,0,SCH0251,Govt. Primary School New-251,1
TCH08459,Sunita Sharma,26,Mathematics,1,1,1,1,0,196,0,SCH0310,Govt. Middle School West-310,0
TCH08460,Priya Patel,45,Physical Education,22,9,12,0,0,354,0,SCH0331,Govt. Senior Secondary School Jodhpur-331,1
TCH08461,Usha Chaudhary,41,Science,14,6,7,1,0,455,0,SCH0298,Govt. Senior Secondary School Varanasi-298,1
TCH08462,Meena Patel,25,Sanskrit,1,1,1,0,0,406,0,SCH0193,Govt. Senior Secondary School West-193,0
TCH08463,Naresh Bhat,32,Physical Education,5,2,3,1,0,22,0,SCH0175,Govt. Middle School Ghaziabad-175,1
TCH08464,Seema Bhat,36,Biology,10,8,10,0,0,197,1,SCH0347,Govt. Senior Secondary School Ghaziabad-347,1
TCH08465,Harish Kaur,56,Physics,28,5,11,0,0,41,1,SCH0033,Govt. Primary School Jodhpur-33,1
TCH08466,Ajay Joshi,32,Mathematics,7,6,6,1,0,380,1,SCH0182,Govt. Senior Secondary School Varanasi-182,1
TCH08467,Yogesh Pillai,54,Geography,30,2,6,0,0,110,0,SCH0373,Govt. Senior Secondary School Varanasi-373,0
TCH08468,Meena Mishra,42,Mathematics,9,6,5,0,0,251,0,SCH0416,Govt. Primary School Faridabad-416,1
TCH08469,Dinesh Kaur,43,Art,18,17,1,0,0,195,0,SCH0147,Govt. High School Gurgaon-147,0
TCH08470,Deepak Kaur,24,Hindi,1,1,1,0,0,136,0,SCH0112,Govt. Primary School Bikaner-112,0
TCH08471,Naresh Reddy,58,Computer Science,5,4,0,0,0,191,0,SCH0043,Govt. Senior Secondary School Ajmer-43,0
TCH08472,Savita Jain,51,Art,26,18,13,0,0,36,0,SCH0240,Govt. Senior Secondary School New-240,1
TCH08473,Vikram Joshi,30,Physics,1,1,1,0,0,132,1,SCH0274,Govt. High School Agra-274,0
TCH08474,Vinod Chauhan,49,Physical Education,7,5,4,0,0,287,0,SCH0193,Govt. Senior Secondary School West-193,1
TCH08475,Geeta Chauhan,40,Mathematics,14,11,9,0,1,439,0,SCH0148,Govt. High School East-148,1
TCH08476,Kavita Iyer,41,Social Science,2,1,1,0,0,490,0,SCH0401,Govt. Senior Secondary School Varanasi-401,0
TCH08477,Dinesh Yadav,30,Computer Science,7,1,5,0,1,492,0,SCH0484,Govt. Middle School Lucknow-484,1
TCH08478,Suresh Jain,52,Science,26,4,2,1,0,257,1,SCH0315,Govt. Primary School Udaipur-315,1
TCH08479,Yogesh Rao,39,Chemistry,1,1,1,1,0,367,0,SCH0344,Govt. Middle School Ghaziabad-344,1
TCH08480,Pankaj Bhat,45,Chemistry,21,17,1,0,0,284,1,SCH0497,Govt. High School Ghaziabad-497,1
TCH08481,Sunita Dubey,56,English,32,17,3,0,0,410,0,SCH0175,Govt. Middle School Ghaziabad-175,1
TCH08482,Mukesh Reddy,43,Art,2,1,1,0,0,224,0,SCH0338,Govt. Primary School Faridabad-338,0
TCH08483,Vikram Kumar,59,Mathematics,29,7,3,0,0,462,0,SCH0215,Govt. Middle School Ghaziabad-215,1
TCH08484,Vikas Patel,41,History,12,7,5,1,0,31,1,SCH0402,Govt. Middle School Faridabad-402,1
TCH08485,Ashok Rao,49,History,9,1,4,0,0,490,0,SCH0045,Govt. Senior Secondary School New-45,0
TCH08486,Pankaj Naidu,27,Science,1,1,0,0,0,90,1,SCH0029,Govt. Primary School Lucknow-29,0
TCH08487,Saroj Verma,37,English,5,3,0,0,0,2,0,SCH0409,Govt. Senior Secondary School Agra-409,0
TCH08488,Geeta Gupta,42,Computer Science,9,2,6,0,0,344,0,SCH0068,Govt. Senior Secondary School South-68,0
TCH08489,Lakshmi Rao,49,Computer Science,19,6,3,1,0,47,0,SCH0059,Govt. Senior Secondary School Central-59,1
TCH08490,Yogesh Sharma,48,Chemistry,11,1,0,1,0,198,0,SCH0281,Govt. Primary School East-281,0
TCH08491,Mukesh Reddy,47,Chemistry,5,4,3,0,0,484,0,SCH0323,Govt. Middle School Central-323,0
TCH08492,Usha Mishra,29,English,4,1,3,0,0,487,0,SCH0105,Govt. Primary School Ajmer-105,0
TCH08493,Sanjay Naidu,48,Biology,2,2,0,0,0,162,0,SCH0078,Govt. Middle School Gurgaon-78,0
TCH08494,Sunil Dubey,29,Geography,3,2,0,0,0,473,0,SCH0064,Govt. High School Jodhpur-64,0
TCH08495,Vikram Garg,39,English,4,1,2,1,0,129,1,SCH0080,Govt. Primary School Jaipur-80,0
TCH08496,Kamla Kaur,50,Social Science,4,4,2,1,0,475,0,SCH0194,Govt. Middle School Ajmer-194,1
TCH08497,Harish Dubey,56,Chemistry,18,12,8,0,0,106,1,SCH0332,Govt. Primary School Agra-332,1
TCH08498,Pushpa Gupta,48,Science,20,7,3,0,0,177,0,SCH0113,Govt. High School Jodhpur-113,1
TCH08499,Meena Iyer,38,Social Science,15,13,7,0,0,411,1,SCH0147,Govt. High School Gurgaon-147,1
TCH08500,Priya Verma,39,Mathematics,2,1,1,0,1,370,0,SCH0099,Govt. Senior Secondary School Faridabad-99,1
TCH08501,Geeta Chauhan,46,Sanskrit,1,1,1,0,0,386,0,SCH0481,Govt. Senior Secondary School Jaipur-481,0
TCH08502,Geeta Pillai,28,Art,5,4,0,0,0,233,0,SCH0173,Govt. High School Gurgaon-173,0
TCH08503,Vikas Jain,53,Physical Education,12,4,2,0,0,20,0,SCH0276,Govt. High School South-276,0
TCH08504,Geeta Bhat,25,Physical Education,1,1,0,0,0,3,0,SCH0077,Govt. Middle School Bikaner-77,0
TCH08505,Nita Kumar,56,Social Science,14,10,14,0,0,175,0,SCH0038,Govt. Senior Secondary School Kota-38,1
TCH08506,Dinesh Iyer,40,Computer Science,16,4,0,1,0,326,1,SCH0224,Govt. Primary School South-224,1
TCH08507,Harish Garg,24,Chemistry,1,1,1,1,1,108,0,SCH0321,Govt. Primary School West-321,1
TCH08508,Saroj Yadav,53,English,6,5,2,0,1,41,0,SCH0195,Govt. High School South-195,1
TCH08509,Mukesh Malhotra,24,History,1,1,0,1,0,46,0,SCH0498,Govt. Primary School Gurgaon-498,0
TCH08510,Mahesh Singh,51,Biology,17,7,7,0,0,3,0,SCH0366,Govt. Senior Secondary School East-366,1
TCH08511,Devika Yadav,42,Art,4,1,2,0,0,402,1,SCH0338,Govt. Primary School Faridabad-338,0
TCH08512,Pushpa Chaudhary,48,Physics,7,7,0,1,1,364,0,SCH0350,Govt. Middle School Jaipur-350,1
TCH08513,Vikram Mittal,24,Physics,1,1,1,0,0,137,0,SCH0292,Govt. High School Jodhpur-292,0
TCH08514,Nita Jain,36,History,11,6,8,1,0,265,0,SCH0459,Govt. Primary School New-459,1
TCH08515,Amit Singh,33,Science,6,6,6,1,1,358,0,SCH0072,Govt. Middle School Udaipur-72,1
TCH08516,Seema Naidu,27,Sanskrit,4,1,2,1,0,152,0,SCH0399,Govt. High School North-399,0
TCH08517,Naresh Aggarwal,41,Physics,7,6,1,0,0,188,0,SCH0016,Govt. Middle School Gurgaon-16,0
TCH08518,Radha Shukla,34,Social Science,5,4,2,1,0,220,1,SCH0084,Govt. Primary School West-84,1
TCH08519,Radha Chauhan,54,Sanskrit,8,7,4,1,0,354,1,SCH0095,Govt. Primary School New-95,1
TCH08520,Ramesh Garg,27,Physics,4,3,4,0,0,17,1,SCH0407,Govt. Senior Secondary School South-407,0
TCH08521,Meena Rao,61,English,32,16,0,0,0,153,1,SCH0033,Govt. Primary School Jodhpur-33,0
TCH08522,Ashok Dubey,38,Hindi,4,2,4,0,0,484,1,SCH0144,Govt. Senior Secondary School Kanpur-144,1
TCH08523,Geeta Rao,46,Sanskrit,14,11,5,0,0,40,0,SCH0493,Govt. High School Jaipur-493,1
TCH08524,Lakshmi Pandey,40,Art,9,1,4,0,0,94,1,SCH0188,Govt. Middle School Kanpur-188,0
TCH08525,Saroj Rao,45,Chemistry,14,3,7,0,0,131,0,SCH0198,Govt. Senior Secondary School Varanasi-198,0
TCH08526,Kamla Chauhan,34,History,9,1,1,1,0,96,0,SCH0134,Govt. Primary School Noida-134,0
TCH08527,Anita Chaudhary,36,English,9,4,8,1,0,364,0,SCH0151,Govt. High School Kanpur-151,1
TCH08528,Seema Bansal,36,Art,8,3,0,0,0,383,0,SCH0085,Govt. Middle School Udaipur-85,0
TCH08529,Vinod Bhat,46,Physics,20,16,7,0,0,351,0,SCH0296,Govt. Middle School North-296,1
TCH08530,Kavita Sharma,52,Social Science,18,16,12,0,0,398,0,SCH0426,Govt. High School Jodhpur-426,1
TCH08531,Deepak Pandey,44,Mathematics,7,4,2,1,1,140,1,SCH0209,Govt. High School Noida-209,1
TCH08532,Pankaj Pillai,45,English,7,4,2,0,0,428,1,SCH0491,Govt. Senior Secondary School Central-491,0
TCH08533,Vikas Chaudhary,61,Physics,17,6,7,1,0,466,0,SCH0497,Govt. High School Ghaziabad-497,1
TCH08534,Sunil Jain,45,Physics,17,2,13,0,0,336,0,SCH0197,Govt. Middle School Udaipur-197,1
TCH08535,Kavita Kumar,37,Sanskrit,2,2,0,0,0,24,1,SCH0440,Govt. High School Lucknow-440,0
TCH08536,Sunita Garg,58,Chemistry,6,3,3,1,0,64,0,SCH0345,Govt. High School Ajmer-345,1
TCH08537,Deepak Malhotra,59,Biology,6,3,5,1,0,329,1,SCH0393,Govt. Primary School Ajmer-393,1
TCH08538,Pankaj Bhat,59,Biology,15,14,13,0,0,363,0,SCH0449,Govt. High School Gurgaon-449,1
TCH08539,Ajay Mishra,36,Physical Education,10,6,0,0,0,285,1,SCH0092,Govt. Primary School Kanpur-92,1
TCH08540,Priya Iyer,36,Biology,10,4,2,0,0,153,0,SCH0164,Govt. Senior Secondary School Agra-164,0
TCH08541,Nita Tiwari,57,Computer Science,31,10,6,0,0,370,0,SCH0300,Govt. Primary School Central-300,1
TCH08542,Seema Garg,27,English,4,2,3,1,0,367,0,SCH0450,Govt. High School Kanpur-450,1
TCH08543,Deepak Pillai,28,Science,3,2,2,1,0,290,1,SCH0038,Govt. Senior Secondary School Kota-38,1
TCH08544,Radha Garg,58,Art,8,4,3,0,0,113,0,SCH0155,Govt. Primary School Gurgaon-155,0
TCH08545,Shanti Mittal,45,Mathematics,13,6,1,0,0,83,0,SCH0337,Govt. Senior Secondary School Ghaziabad-337,0
TCH08546,Meena Aggarwal,28,Hindi,5,1,3,0,0,250,0,SCH0096,Govt. Senior Secondary School Kanpur-96,0
TCH08547,Pushpa Chauhan,32,History,6,1,3,0,0,211,1,SCH0150,Govt. Primary School Jodhpur-150,1
TCH08548,Rajesh Joshi,43,Physics,8,3,3,0,0,181,0,SCH0439,Govt. Senior Secondary School Kota-439,0
TCH08549,Pushpa Kaur,61,Geography,19,12,12,1,1,82,0,SCH0498,Govt. Primary School Gurgaon-498,1
TCH08550,Deepak Dubey,29,Science,1,1,1,0,0,473,1,SCH0238,Govt. Primary School South-238,0
TCH08551,Kamla Joshi,35,Physical Education,6,6,5,0,0,223,0,SCH0443,Govt. High School Udaipur-443,1
TCH08552,Sunita Chauhan,37,Mathematics,9,9,9,1,0,153,1,SCH0336,Govt. Senior Secondary School Ghaziabad-336,1
TCH08553,Ramesh Reddy,26,Geography,2,1,1,1,0,326,1,SCH0105,Govt. Primary School Ajmer-105,1
TCH08554,Deepak Gupta,29,Social Science,1,1,1,0,0,465,0,SCH0272,Govt. Middle School East-272,0
TCH08555,Devika Naidu,45,Sanskrit,14,8,7,1,0,89,0,SCH0232,Govt. High School Bikaner-232,1
TCH08556,Meena Malhotra,39,Hindi,4,4,3,1,0,279,0,SCH0485,Govt. Senior Secondary School New-485,1
TCH08557,Yogesh Reddy,39,Physical Education,11,11,11,1,0,204,0,SCH0099,Govt. Senior Secondary School Faridabad-99,1
TCH08558,Meena Bhat,53,Mathematics,16,3,8,0,0,2,1,SCH0451,Govt. Senior Secondary School Kanpur-451,0
TCH08559,Vikas Bhat,46,Physical Education,1,1,1,0,0,102,0,SCH0475,Govt. Primary School Kanpur-475,0
TCH08560,Ashok Gupta,54,Physical Education,17,7,12,0,0,191,1,SCH0139,Govt. Senior Secondary School Ajmer-139,1
TCH08561,Lakshmi Rao,61,Chemistry,7,3,4,1,0,268,0,SCH0473,Govt. High School Central-473,1
TCH08562,Yogesh Sharma,33,Chemistry,8,4,0,0,0,380,1,SCH0393,Govt. Primary School Ajmer-393,0
TCH08563,Pankaj Reddy,33,Hindi,3,2,1,0,0,494,1,SCH0101,Govt. High School Gurgaon-101,0
TCH08564,Deepak Garg,36,Sanskrit,6,2,5,0,0,355,0,SCH0344,Govt. Middle School Ghaziabad-344,0
TCH08565,Kamla Chaudhary,45,Hindi,5,4,5,1,0,449,1,SCH0402,Govt. Middle School Faridabad-402,1
TCH08566,Kavita Gupta,59,English,14,7,8,0,0,217,0,SCH0003,Govt. Senior Secondary School Udaipur-3,1
TCH08567,Meena Sharma,35,Sanskrit,8,8,7,0,1,409,1,SCH0453,Govt. High School West-453,1
TCH08568,Sunita Mittal,41,Physical Education,11,5,5,0,0,143,0,SCH0486,Govt. Senior Secondary School East-486,1
TCH08569,Kamla Joshi,52,History,1,1,1,1,0,25,1,SCH0347,Govt. Senior Secondary School Ghaziabad-347,0
TCH08570,Seema Kumar,50,Chemistry,4,3,4,0,1,289,0,SCH0471,Govt. Middle School Ajmer-471,1
TCH08571,Mahesh Malhotra,31,Sanskrit,8,3,3,1,0,262,0,SCH0419,Govt. Primary School Central-419,1
TCH08572,Nita Yadav,47,Art,3,1,1,0,0,363,1,SCH0279,Govt. Primary School Kanpur-279,0
TCH08573,Radha Garg,36,Biology,8,7,2,1,0,401,0,SCH0109,Govt. High School Jaipur-109,1
TCH08574,Vikas Shukla,52,Mathematics,9,7,6,1,0,44,0,SCH0346,Govt. Primary School South-346,1
TCH08575,Harish Patel,29,Physical Education,1,1,0,1,0,17,1,SCH0485,Govt. Senior Secondary School New-485,0
TCH08576,Ajay Shukla,56,Biology,23,14,11,0,0,70,0,SCH0277,Govt. Primary School Udaipur-277,1
TCH08577,Anita Bhat,60,Hindi,28,7,12,1,1,189,0,SCH0371,Govt. Primary School Ghaziabad-371,1
TCH08578,Rajesh Garg,27,Physics,2,1,0,0,0,357,0,SCH0196,Govt. Middle School Jaipur-196,0
TCH08579,Mahesh Iyer,48,Social Science,10,1,1,0,0,244,0,SCH0328,Govt. Primary School New-328,0
TCH08580,Radha Mittal,26,Geography,1,1,1,0,0,123,0,SCH0457,Govt. Senior Secondary School Ghaziabad-457,0
TCH08581,Priya Menon,26,Physics,1,1,0,0,0,152,1,SCH0069,Govt. Primary School West-69,0
TCH08582,Pankaj Tiwari,46,Geography,10,10,0,0,0,73,1,SCH0470,Govt. High School Bikaner-470,0
TCH08583,Sunita Singh,41,Sanskrit,7,7,5,1,0,67,0,SCH0367,Govt. Primary School Ghaziabad-367,1
TCH08584,Meena Tiwari,26,Geography,1,1,1,0,0,201,0,SCH0097,Govt. Primary School Central-97,0
TCH08585,Anita Jain,51,Geography,11,3,7,0,1,268,0,SCH0190,Govt. High School Gurgaon-190,1
TCH08586,Nita Dubey,57,Mathematics,3,3,3,0,0,426,0,SCH0477,Govt. Senior Secondary School Agra-477,0
TCH08587,Rajesh Gupta,26,Science,2,1,0,1,0,419,0,SCH0423,Govt. Senior Secondary School Lucknow-423,1
TCH08588,Usha Joshi,24,Chemistry,1,1,0,0,0,383,0,SCH0461,Govt. Middle School South-461,0
TCH08589,Mukesh Dubey,59,Art,32,7,8,0,0,418,1,SCH0057,Govt. Primary School New-57,1
TCH08590,Kamla Bhat,33,Physical Education,4,3,0,0,0,83,0,SCH0461,Govt. Middle School South-461,0
TCH08591,Sunita Menon,59,Mathematics,11,4,9,0,0,169,0,SCH0459,Govt. Primary School New-459,0
TCH08592,Kamla Kaur,58,History,8,7,4,0,0,8,0,SCH0111,Govt. Senior Secondary School Gurgaon-111,0
TCH08593,Amit Joshi,30,Social Science,4,4,2,0,0,42,0,SCH0296,Govt. Middle School North-296,0
TCH08594,Vikram Verma,26,Social Science,3,3,0,0,0,382,1,SCH0327,Govt. High School Faridabad-327,0
TCH08595,Seema Mishra,57,Science,27,13,10,1,0,73,0,SCH0032,Govt. High School Jodhpur-32,1
TCH08596,Lakshmi Shukla,36,History,13,2,0,1,0,396,0,SCH0179,Govt. Middle School North-179,1
TCH08597,Vikram Naidu,36,Hindi,5,1,5,1,0,336,0,SCH0175,Govt. Middle School Ghaziabad-175,1
TCH08598,Usha Yadav,54,History,30,6,9,0,0,6,0,SCH0427,Govt. Primary School Faridabad-427,1
TCH08599,Suresh Tiwari,50,History,1,1,1,1,0,169,0,SCH0325,Govt. Primary School Udaipur-325,0
TCH08600,Nita Rao,25,Social Science,1,1,1,0,0,264,1,SCH0331,Govt. Senior Secondary School Jodhpur-331,0
TCH08601,Ashok Dubey,61,History,32,2,6,1,1,362,0,SCH0235,Govt. Senior Secondary School Faridabad-235,1
TCH08602,Sanjay Verma,25,Geography,1,1,1,0,0,355,0,SCH0026,Govt. High School South-26,0
TCH08603,Rajesh Singh,58,Chemistry,32,13,5,1,1,329,0,SCH0328,Govt. Primary School New-328,1
TCH08604,Ashok Shukla,56,Social Science,11,8,0,1,0,203,0,SCH0265,Govt. Middle School Gurgaon-265,1
TCH08605,Kavita Rao,42,Sanskrit,13,8,1,0,0,58,1,SCH0230,Govt. High School West-230,0
TCH08606,Yogesh Menon,42,Social Science,14,4,1,0,0,414,0,SCH0418,Govt. High School Ghaziabad-418,0
TCH08607,Anita Jain,34,Geography,8,3,8,0,0,254,0,SCH0019,Govt. Senior Secondary School Bikaner-19,0
TCH08608,Meena Mittal,54,Biology,21,18,1,0,0,431,0,SCH0020,Govt. Senior Secondary School Kota-20,1
TCH08609,Suresh Shukla,27,Geography,2,2,1,0,0,303,0,SCH0405,Govt. Middle School Lucknow-405,0
TCH08610,Devika Reddy,46,Physical Education,12,6,2,1,0,385,1,SCH0270,Govt. Senior Secondary School Udaipur-270,1
TCH08611,Mukesh Bhat,24,Science,1,1,0,0,0,419,0,SCH0105,Govt. Primary School Ajmer-105,0
TCH08612,Anita Singh,43,Physics,15,7,11,1,0,446,0,SCH0224,Govt. Primary School South-224,1
TCH08613,Naresh Chaudhary,54,Art,3,3,1,0,0,28,0,SCH0265,Govt. Middle School Gurgaon-265,0
TCH08614,Radha Singh,25,Science,1,1,1,0,0,422,0,SCH0265,Govt. Middle School Gurgaon-265,0
TCH08615,Vikas Rao,44,Sanskrit,9,2,2,0,0,18,0,SCH0292,Govt. High School Jodhpur-292,0
TCH08616,Naresh Chauhan,46,Physics,18,13,13,0,0,48,0,SCH0426,Govt. High School Jodhpur-426,1
TCH08617,Kamla Yadav,33,Computer Science,10,5,5,0,0,267,0,SCH0297,Govt. Middle School East-297,1
TCH08618,Arun Chaudhary,56,Science,25,16,14,1,0,497,0,SCH0102,Govt. High School Gurgaon-102,1
TCH08619,Amit Kaur,38,Physics,6,4,2,0,0,430,0,SCH0244,Govt. Senior Secondary School Agra-244,0
TCH08620,Priya Pandey,37,History,5,1,2,1,0,220,0,SCH0443,Govt. High School Udaipur-443,1
TCH08621,Shanti Yadav,26,Social Science,1,1,1,1,0,219,1,SCH0107,Govt. Middle School Varanasi-107,1
TCH08622,Sunil Gupta,57,Geography,22,7,4,0,0,314,1,SCH0183,Govt. Senior Secondary School Jodhpur-183,1
TCH08623,Radha Pandey,42,Biology,4,2,3,0,0,230,0,SCH0179,Govt. Middle School North-179,0
TCH08624,Meena Menon,35,Physics,1,1,1,0,0,358,0,SCH0362,Govt. High School West-362,0
TCH08625,Shanti Mishra,49,Hindi,19,13,7,0,0,154,1,SCH0127,Govt. High School Central-127,1
TCH08626,Anita Malhotra,28,Art,5,5,2,0,0,140,0,SCH0297,Govt. Middle School East-297,0
TCH08627,Arun Joshi,57,English,3,2,1,0,0,133,0,SCH0261,Govt. Middle School West-261,0
TCH08628,Lakshmi Naidu,28,English,3,2,3,0,0,142,0,SCH0199,Govt. High School Bikaner-199,0
TCH08629,Savita Mittal,49,Art,6,2,1,1,0,210,0,SCH0049,Govt. Senior Secondary School Agra-49,1
TCH08630,Mukesh Pandey,53,History,5,5,3,1,0,80,1,SCH0359,Govt. Primary School Lucknow-359,1
TCH08631,Vikram Naidu,32,Physics,1,1,0,0,0,249,1,SCH0023,Govt. High School Faridabad-23,0
TCH08632,Seema Jain,34,Chemistry,6,1,4,0,0,490,0,SCH0277,Govt. Primary School Udaipur-277,0
TCH08633,Devika Rao,26,Geography,2,1,1,0,0,173,1,SCH0220,Govt. High School North-220,0
TCH08634,Nita Sharma,36,Sanskrit,8,8,5,1,0,286,1,SCH0445,Govt. Middle School Central-445,1
TCH08635,Sanjay Sharma,40,English,3,2,1,1,0,299,1,SCH0448,Govt. Senior Secondary School West-448,1
TCH08636,Harish Pandey,47,Hindi,14,1,9,1,0,57,0,SCH0404,Govt. High School Central-404,1
TCH08637,Savita Patel,61,Biology,11,3,8,0,0,72,0,SCH0081,Govt. High School Gurgaon-81,0
TCH08638,Naresh Chaudhary,50,Geography,2,1,0,1,1,491,1,SCH0387,Govt. High School Kota-387,1
TCH08639,Ramesh Tiwari,29,Physics,6,5,0,0,0,23,1,SCH0287,Govt. Middle School Gurgaon-287,0
TCH08640,Shanti Aggarwal,43,Physical Education,19,19,5,0,0,277,0,SCH0036,Govt. Primary School Noida-36,1
TCH08641,Sunita Patel,54,Physics,15,7,0,0,0,28,0,SCH0364,Govt. Primary School North-364,0
TCH08642,Kamla Dubey,27,Social Science,4,2,2,1,0,458,1,SCH0065,Govt. High School Ghaziabad-65,1
TCH08643,Suresh Mishra,61,Mathematics,12,8,8,0,0,47,0,SCH0219,Govt. Primary School Ajmer-219,1
TCH08644,Sunil Chauhan,46,Sanskrit,13,1,3,0,0,219,0,SCH0412,Govt. Primary School Central-412,1
TCH08645,Rajesh Menon,33,Geography,1,1,0,1,0,193,0,SCH0098,Govt. High School Agra-98,0
TCH08646,Mukesh Kumar,25,Physical Education,2,2,0,0,0,175,0,SCH0474,Govt. Primary School Gurgaon-474,0
TCH08647,Rajesh Reddy,57,Biology,34,12,12,0,0,221,1,SCH0432,Govt. Middle School Jodhpur-432,1
TCH08648,Ramesh Menon,57,Sanskrit,32,12,6,0,0,395,0,SCH0392,Govt. High School South-392,1
TCH08649,Arun Rao,42,Art,2,2,1,1,0,143,1,SCH0367,Govt. Primary School Ghaziabad-367,0
TCH08650,Mukesh Chauhan,52,Physical Education,13,6,12,0,0,470,0,SCH0244,Govt. Senior Secondary School Agra-244,1
TCH08651,Kavita Singh,30,Art,6,5,2,0,0,22,0,SCH0487,Govt. High School East-487,0
TCH08652,Vinod Kumar,59,Physics,21,18,5,0,0,38,1,SCH0257,Govt. Middle School West-257,1
TCH08653,Mukesh Reddy,37,History,14,2,5,1,0,1,1,SCH0066,Govt. Middle School Kanpur-66,1
TCH08654,Naresh Yadav,58,Mathematics,23,6,4,0,0,297,0,SCH0472,Govt. Middle School Ghaziabad-472,1
TCH08655,Ajay Verma,31,Mathematics,7,1,1,0,0,49,0,SCH0400,Govt. Senior Secondary School Jodhpur-400,0
TCH08656,Anita Kumar,31,Science,1,1,1,0,0,364,1,SCH0227,Govt. Senior Secondary School Lucknow-227,0
TCH08657,Meena Bhat,46,Sanskrit,12,7,7,0,0,101,0,SCH0025,Govt. Middle School North-25,1
TCH08658,Meena Yadav,47,Social Science,19,8,5,1,0,11,0,SCH0143,Govt. Senior Secondary School Kota-143,1
TCH08659,Vinod Rao,36,Hindi,10,3,8,0,0,234,0,SCH0346,Govt. Primary School South-346,1
TCH08660,Sunita Dubey,27,Physical Education,4,3,4,0,0,235,0,SCH0455,Govt. Senior Secondary School Ajmer-455,0
TCH08661,Mukesh Garg,32,Sanskrit,9,9,4,0,1,465,1,SCH0338,Govt. Primary School Faridabad-338,1
TCH08662,Yogesh Rao,54,Science,29,2,14,0,1,393,0,SCH0355,Govt. Senior Secondary School Ajmer-355,1
TCH08663,Saroj Bansal,24,Art,1,1,0,0,0,471,0,SCH0388,Govt. Senior Secondary School Noida-388,0
TCH08664,Radha Jain,38,Science,10,10,0,1,0,322,0,SCH0365,Govt. Senior Secondary School Ajmer-365,1
TCH08665,Anita Pillai,39,Computer Science,11,6,2,1,0,435,1,SCH0348,Govt. Primary School Udaipur-348,1
TCH08666,Suresh Shukla,53,Physics,8,3,6,1,0,121,0,SCH0244,Govt. Senior Secondary School Agra-244,1
TCH08667,Saroj Chaudhary,50,Physics,10,2,1,0,0,43,1,SCH0364,Govt. Primary School North-364,0
TCH08668,Lakshmi Shukla,39,Art,12,9,3,0,0,191,0,SCH0396,Govt. Primary School Kota-396,1
TCH08669,Pankaj Joshi,41,Mathematics,4,3,2,0,0,366,1,SCH0234,Govt. High School Agra-234,0
TCH08670,Saroj Kaur,32,Computer Science,2,2,1,0,0,364,1,SCH0311,Govt. High School Jaipur-311,0
TCH08671,Kamla Garg,34,Hindi,3,1,1,0,0,340,1,SCH0194,Govt. Middle School Ajmer-194,0
TCH08672,Vinod Malhotra,34,Social Science,9,9,9,0,0,326,0,SCH0100,Govt. Senior Secondary School Gurgaon-100,1
TCH08673,Priya Iyer,60,Physical Education,22,7,12,1,0,12,1,SCH0009,Govt. Middle School Gurgaon-9,1
TCH08674,Meena Patel,28,Sanskrit,3,3,1,1,0,262,1,SCH0188,Govt. Middle School Kanpur-188,1
TCH08675,Vinod Kumar,40,Computer Science,10,6,0,1,0,230,0,SCH0430,Govt. Primary School Bikaner-430,1
TCH08676,Shanti Yadav,45,Art,4,2,1,0,0,423,0,SCH0195,Govt. High School South-195,0
TCH08677,Saroj Yadav,41,Physical Education,15,3,9,0,0,388,1,SCH0235,Govt. Senior Secondary School Faridabad-235,1
TCH08678,Deepak Bansal,25,Science,1,1,1,0,0,93,1,SCH0094,Govt. Middle School Gurgaon-94,0
TCH08679,Vikram Malhotra,60,Social Science,21,12,9,0,0,492,0,SCH0297,Govt. Middle School East-297,1
TCH08680,Saroj Bhat,31,Mathematics,3,3,3,0,0,263,0,SCH0125,Govt. Primary School Jodhpur-125,0
TCH08681,Priya Dubey,32,Physical Education,4,2,3,0,0,448,0,SCH0235,Govt. Senior Secondary School Faridabad-235,0
TCH08682,Mukesh Naidu,40,Hindi,12,8,3,1,0,205,0,SCH0146,Govt. Middle School Central-146,1
TCH08683,Sunita Malhotra,45,Science,9,5,2,1,0,366,1,SCH0216,Govt. Middle School East-216,1
TCH08684,Pushpa Aggarwal,52,Computer Science,4,4,1,1,0,411,0,SCH0172,Govt. Senior Secondary School North-172,1
TCH08685,Kavita Gupta,40,Physics,9,4,4,0,0,459,0,SCH0301,Govt. High School New-301,0
TCH08686,Suresh Verma,54,Science,31,1,8,0,0,203,0,SCH0020,Govt. Senior Secondary School Kota-20,1
TCH08687,Meena Chaudhary,44,Mathematics,1,1,1,1,0,339,1,SCH0204,Govt. Middle School Agra-204,1
TCH08688,Harish Verma,59,English,33,5,3,0,1,362,0,SCH0016,Govt. Middle School Gurgaon-16,1
TCH08689,Dinesh Menon,33,Geography,10,4,10,0,0,162,1,SCH0206,Govt. High School Lucknow-206,0
TCH08690,Nita Naidu,57,Social Science,26,6,1,0,0,208,0,SCH0368,Govt. Middle School Varanasi-368,1
TCH08691,Savita Jain,55,Physics,25,9,5,0,0,335,0,SCH0433,Govt. High School Jodhpur-433,1
TCH08692,Savita Garg,47,History,10,7,0,1,0,247,0,SCH0307,Govt. Middle School Kanpur-307,1
TCH08693,Nita Mishra,42,Physics,7,3,7,1,0,255,0,SCH0471,Govt. Middle School Ajmer-471,1
TCH08694,Harish Nair,41,Physical Education,5,4,1,0,0,187,0,SCH0148,Govt. High School East-148,0
TCH08695,Dinesh Rao,50,Science,8,6,0,0,0,292,0,SCH0106,Govt. Middle School West-106,0
TCH08696,Pooja Singh,60,Social Science,29,3,10,1,0,133,0,SCH0308,Govt. Primary School Varanasi-308,1
TCH08697,Lakshmi Rao,57,Geography,24,19,12,0,0,242,1,SCH0293,Govt. High School Jaipur-293,1
TCH08698,Mahesh Shukla,55,Hindi,25,14,11,1,0,126,0,SCH0047,Govt. Middle School Agra-47,1
TCH08699,Harish Jain,46,Chemistry,11,2,11,0,0,225,1,SCH0497,Govt. High School Ghaziabad-497,1
TCH08700,Naresh Garg,29,Social Science,4,4,3,1,1,303,0,SCH0325,Govt. Primary School Udaipur-325,1
TCH08701,Geeta Aggarwal,59,English,28,2,8,0,0,123,1,SCH0348,Govt. Primary School Udaipur-348,0
TCH08702,Nita Gupta,42,Biology,8,5,7,0,0,348,0,SCH0012,Govt. High School East-12,1
TCH08703,Deepak Bansal,49,Computer Science,25,15,6,0,0,207,0,SCH0355,Govt. Senior Secondary School Ajmer-355,1
TCH08704,Radha Dubey,42,English,6,4,6,0,0,171,1,SCH0209,Govt. High School Noida-209,0
TCH08705,Kamla Kumar,40,Social Science,13,7,12,1,0,161,0,SCH0399,Govt. High School North-399,1
TCH08706,Sunil Pandey,35,Social Science,11,8,8,0,0,215,0,SCH0202,Govt. High School West-202,1
TCH08707,Anita Mittal,37,English,5,1,4,0,1,298,1,SCH0440,Govt. High School Lucknow-440,1
TCH08708,Pushpa Naidu,50,English,2,1,1,0,0,23,0,SCH0369,Govt. Middle School Central-369,0
TCH08709,Rajesh Verma,61,Art,28,2,7,1,0,379,0,SCH0149,Govt. Primary School Central-149,1
TCH08710,Meena Sharma,59,History,8,6,6,0,0,445,0,SCH0018,Govt. High School West-18,1
TCH08711,Sunita Gupta,27,Social Science,4,3,0,0,0,112,0,SCH0201,Govt. Primary School Bikaner-201,0
TCH08712,Naresh Aggarwal,48,Mathematics,24,7,11,0,0,394,0,SCH0342,Govt. Primary School Agra-342,1
TCH08713,Anita Pillai,42,Mathematics,5,4,1,0,0,427,0,SCH0164,Govt. Senior Secondary School Agra-164,0
TCH08714,Usha Tiwari,48,Hindi,9,5,8,1,0,43,0,SCH0287,Govt. Middle School Gurgaon-287,1
TCH08715,Meena Rao,31,Science,4,4,4,1,1,274,1,SCH0422,Govt. Primary School Varanasi-422,1
TCH08716,Sanjay Kaur,31,Mathematics,3,1,2,1,0,479,1,SCH0206,Govt. High School Lucknow-206,1
TCH08717,Sanjay Mishra,51,Physics,24,2,3,0,1,57,0,SCH0451,Govt. Senior Secondary School Kanpur-451,1
TCH08718,Pankaj Garg,53,Computer Science,10,1,5,0,0,489,0,SCH0461,Govt. Middle School South-461,1
TCH08719,Nita Shukla,61,Geography,12,4,12,0,0,471,1,SCH0466,Govt. Senior Secondary School Jodhpur-466,1
TCH08720,Sanjay Aggarwal,55,Mathematics,32,2,12,0,0,80,1,SCH0365,Govt. Senior Secondary School Ajmer-365,0
TCH08721,Sunita Verma,50,Physical Education,7,4,5,0,0,191,1,SCH0046,Govt. Senior Secondary School Ajmer-46,0
TCH08722,Anita Verma,55,History,30,11,10,0,0,300,0,SCH0020,Govt. Senior Secondary School Kota-20,1
TCH08723,Ajay Pillai,54,Hindi,10,10,0,0,0,283,1,SCH0421,Govt. Middle School Jaipur-421,1
TCH08724,Devika Chauhan,37,History,8,6,3,1,0,62,0,SCH0034,Govt. Middle School Varanasi-34,1
TCH08725,Rajesh Aggarwal,45,Social Science,7,5,5,1,0,156,0,SCH0059,Govt. Senior Secondary School Central-59,1
TCH08726,Sunil Verma,43,English,14,7,11,0,1,101,0,SCH0438,Govt. Primary School Jodhpur-438,1
TCH08727,Ramesh Pandey,47,Physical Education,19,17,3,0,1,346,0,SCH0270,Govt. Senior Secondary School Udaipur-270,1
TCH08728,Seema Gupta,49,Physics,21,11,10,1,0,150,0,SCH0488,Govt. Senior Secondary School Agra-488,1
TCH08729,Ajay Malhotra,46,English,8,1,7,1,0,250,0,SCH0279,Govt. Primary School Kanpur-279,1
TCH08730,Sunita Iyer,36,Physical Education,4,1,1,1,0,413,0,SCH0320,Govt. Primary School Udaipur-320,1
TCH08731,Sunita Jain,48,Social Science,4,2,4,0,0,489,0,SCH0118,Govt. Middle School Agra-118,0
TCH08732,Ramesh Reddy,57,Biology,9,1,7,1,0,235,1,SCH0362,Govt. High School West-362,1
TCH08733,Radha Gupta,33,Hindi,9,9,2,0,0,119,0,SCH0214,Govt. High School East-214,0
TCH08734,Pankaj Shukla,50,English,26,16,5,1,0,82,1,SCH0395,Govt. Primary School Jodhpur-395,1
TCH08735,Priya Nair,54,Art,24,11,4,0,0,3,1,SCH0274,Govt. High School Agra-274,1
TCH08736,Anita Kumar,44,English,20,13,8,1,0,210,1,SCH0416,Govt. Primary School Faridabad-416,1
TCH08737,Radha Nair,47,Science,17,6,14,1,0,346,0,SCH0346,Govt. Primary School South-346,1
TCH08738,Vikas Joshi,35,Art,9,6,6,0,0,466,0,SCH0179,Govt. Middle School North-179,1
TCH08739,Mahesh Malhotra,44,Biology,14,8,13,1,0,382,0,SCH0235,Govt. Senior Secondary School Faridabad-235,1
TCH08740,Rajesh Garg,44,Physics,16,9,14,1,0,100,0,SCH0434,Govt. High School West-434,1
TCH08741,Ramesh Gupta,51,Sanskrit,2,2,2,0,0,122,0,SCH0467,Govt. High School Jaipur-467,0
TCH08742,Anita Verma,59,Physics,2,1,0,0,0,356,0,SCH0442,Govt. High School Gurgaon-442,0
TCH08743,Devika Yadav,31,Computer Science,1,1,1,1,0,487,1,SCH0349,Govt. High School Faridabad-349,1
TCH08744,Geeta Sharma,51,Sanskrit,11,2,8,0,0,262,0,SCH0400,Govt. Senior Secondary School Jodhpur-400,1
TCH08745,Radha Rao,27,Hindi,1,1,1,1,0,421,1,SCH0314,Govt. Primary School Udaipur-314,1
TCH08746,Yogesh Iyer,24,History,1,1,0,1,1,237,0,SCH0310,Govt. Middle School West-310,1
TCH08747,Deepak Singh,36,History,7,4,5,0,0,65,0,SCH0149,Govt. Primary School Central-149,0
TCH08748,Kavita Kaur,37,Social Science,9,1,6,0,0,132,0,SCH0300,Govt. Primary School Central-300,0
TCH08749,Radha Iyer,36,Hindi,6,5,4,1,0,91,0,SCH0072,Govt. Middle School Udaipur-72,1
TCH08750,Pankaj Kaur,25,Sanskrit,2,1,0,0,0,125,1,SCH0243,Govt. Middle School Kanpur-243,0
TCH08751,Priya Malhotra,25,Physical Education,1,1,1,1,0,223,1,SCH0183,Govt. Senior Secondary School Jodhpur-183,1
TCH08752,Lakshmi Aggarwal,26,Biology,3,2,0,0,0,124,0,SCH0054,Govt. High School West-54,0
TCH08753,Mukesh Bhat,49,Sanskrit,8,6,7,0,0,271,0,SCH0219,Govt. Primary School Ajmer-219,1
TCH08754,Harish Rao,39,Biology,4,1,1,0,0,309,0,SCH0051,Govt. Middle School Udaipur-51,0
TCH08755,Deepak Naidu,49,History,26,8,11,1,0,375,0,SCH0204,Govt. Middle School Agra-204,1
TCH08756,Nita Chaudhary,53,Hindi,13,2,10,0,0,227,0,SCH0278,Govt. Senior Secondary School Lucknow-278,1
TCH08757,Sunil Nair,57,Computer Science,31,18,11,1,0,208,0,SCH0222,Govt. High School Varanasi-222,1
TCH08758,Dinesh Sharma,44,Science,2,2,2,1,1,348,1,SCH0342,Govt. Primary School Agra-342,1
TCH08759,Lakshmi Mittal,59,Art,9,3,0,1,0,332,0,SCH0374,Govt. Senior Secondary School Bikaner-374,1
TCH08760,Arun Chauhan,32,Chemistry,6,5,0,0,0,102,0,SCH0401,Govt. Senior Secondary School Varanasi-401,0
TCH08761,Anita Patel,28,English,3,2,2,0,0,324,1,SCH0089,Govt. High School Central-89,0
TCH08762,Radha Chaudhary,32,Biology,6,4,3,1,0,169,0,SCH0218,Govt. Primary School Lucknow-218,1
TCH08763,Harish Sharma,52,Geography,11,6,7,0,1,398,0,SCH0264,Govt. Primary School Udaipur-264,1
TCH08764,Sanjay Chauhan,50,Computer Science,19,18,8,1,1,445,0,SCH0359,Govt. Primary School Lucknow-359,1
TCH08765,Anita Shukla,40,Sanskrit,13,4,11,1,0,142,0,SCH0204,Govt. Middle School Agra-204,1
TCH08766,Arun Patel,38,History,1,1,0,0,0,385,0,SCH0167,Govt. Middle School Jaipur-167,0
TCH08767,Ajay Naidu,59,Physical Education,12,3,10,1,0,404,0,SCH0470,Govt. High School Bikaner-470,1
TCH08768,Ajay Sharma,40,Biology,12,7,8,0,0,271,0,SCH0276,Govt. High School South-276,1
TCH08769,Anita Pillai,36,Hindi,13,2,8,0,0,10,1,SCH0150,Govt. Primary School Jodhpur-150,0
TCH08770,Ashok Pillai,54,History,11,11,6,0,1,317,1,SCH0414,Govt. Senior Secondary School Central-414,1
TCH08771,Deepak Pandey,51,Physics,14,13,7,0,0,27,0,SCH0055,Govt. Middle School Noida-55,1
TCH08772,Mukesh Rao,51,Biology,22,6,0,1,0,452,0,SCH0319,Govt. High School Ajmer-319,1
TCH08773,Radha Pandey,24,Geography,1,1,1,0,0,124,1,SCH0078,Govt. Middle School Gurgaon-78,0
TCH08774,Pushpa Shukla,29,Social Science,5,1,0,1,0,26,0,SCH0429,Govt. Middle School Central-429,0
TCH08775,Devika Bansal,38,Hindi,5,3,1,0,0,201,0,SCH0013,Govt. High School Kota-13,0
TCH08776,Devika Dubey,24,Physical Education,1,1,0,1,1,260,0,SCH0468,Govt. Primary School South-468,1
TCH08777,Priya Pandey,61,Mathematics,31,10,6,0,0,184,0,SCH0273,Govt. Middle School West-273,1
TCH08778,Vikram Jain,48,Physical Education,12,11,8,1,0,250,1,SCH0474,Govt. Primary School Gurgaon-474,1
TCH08779,Vinod Singh,48,Art,13,7,8,0,0,416,0,SCH0482,Govt. Primary School Jaipur-482,1
TCH08780,Suresh Mittal,31,Art,1,1,1,1,0,14,1,SCH0226,Govt. Senior Secondary School Kanpur-226,0
TCH08781,Usha Rao,44,History,3,2,1,0,1,335,0,SCH0199,Govt. High School Bikaner-199,1
TCH08782,Sanjay Pillai,30,Science,1,1,1,0,0,78,0,SCH0299,Govt. Primary School Jaipur-299,0
TCH08783,Deepak Pillai,52,Sanskrit,26,17,4,1,1,404,0,SCH0489,Govt. Senior Secondary School Kanpur-489,1
TCH08784,Lakshmi Dubey,49,Art,11,11,5,1,0,203,0,SCH0181,Govt. Middle School Kota-181,1
TCH08785,Sunil Menon,49,Biology,13,12,8,0,0,80,0,SCH0048,Govt. Middle School Gurgaon-48,1
TCH08786,Kavita Bansal,46,Social Science,18,11,13,1,1,18,0,SCH0042,Govt. High School Jodhpur-42,1
TCH08787,Radha Verma,27,Mathematics,1,1,1,0,0,136,0,SCH0270,Govt. Senior Secondary School Udaipur-270,0
TCH08788,Shanti Malhotra,59,Mathematics,3,2,3,0,0,320,1,SCH0447,Govt. Middle School East-447,1
TCH08789,Ajay Patel,27,Social Science,2,2,2,0,0,242,1,SCH0003,Govt. Senior Secondary School Udaipur-3,0
TCH08790,Ajay Bhat,45,Computer Science,4,3,2,0,0,424,0,SCH0139,Govt. Senior Secondary School Ajmer-139,0
TCH08791,Kamla Chauhan,32,History,5,2,0,1,1,407,1,SCH0093,Govt. Primary School Kanpur-93,1
TCH08792,Pushpa Dubey,40,Computer Science,16,9,11,1,0,229,0,SCH0428,Govt. High School Faridabad-428,1
TCH08793,Sunita Reddy,56,Hindi,15,5,8,1,0,102,0,SCH0238,Govt. Primary School South-238,1
TCH08794,Priya Malhotra,51,English,26,3,14,0,0,421,1,SCH0329,Govt. Senior Secondary School South-329,1
TCH08795,Sanjay Sharma,61,Science,16,2,0,1,0,259,1,SCH0302,Govt. Senior Secondary School Ghaziabad-302,1
TCH08796,Meena Pandey,25,Computer Science,2,1,2,0,0,336,0,SCH0053,Govt. Senior Secondary School Ghaziabad-53,0
TCH08797,Vikram Reddy,59,History,26,12,8,1,0,229,1,SCH0007,Govt. Primary School South-7,1
TCH08798,Amit Rao,33,Social Science,5,2,0,1,0,188,1,SCH0201,Govt. Primary School Bikaner-201,0
TCH08799,Vikas Malhotra,56,Mathematics,9,2,4,0,0,131,0,SCH0088,Govt. High School Ghaziabad-88,0
TCH08800,Ajay Dubey,41,English,18,8,1,0,0,86,0,SCH0206,Govt. High School Lucknow-206,0
TCH08801,Arun Mishra,55,Sanskrit,16,3,2,1,0,305,0,SCH0093,Govt. Primary School Kanpur-93,1
TCH08802,Pankaj Iyer,30,Hindi,7,6,0,0,1,0,0,SCH0097,Govt. Primary School Central-97,1
TCH08803,Kavita Reddy,59,History,16,2,14,0,0,164,0,SCH0421,Govt. Middle School Jaipur-421,0
TCH08804,Naresh Patel,41,Mathematics,5,3,3,1,0,397,0,SCH0009,Govt. Middle School Gurgaon-9,1
TCH08805,Pushpa Reddy,33,Hindi,6,1,1,0,0,105,0,SCH0007,Govt. Primary School South-7,0
TCH08806,Deepak Aggarwal,31,Social Science,6,5,4,0,0,163,0,SCH0011,Govt. Middle School Lucknow-11,0
TCH08807,Pooja Mittal,57,Chemistry,32,19,2,1,0,12,0,SCH0403,Govt. High School Varanasi-403,1
TCH08808,Radha Kumar,53,Social Science,8,2,6,0,0,462,1,SCH0334,Govt. Middle School Faridabad-334,1
TCH08809,Vikas Chauhan,30,Physics,4,2,3,1,0,445,0,SCH0360,Govt. Senior Secondary School Bikaner-360,1
TCH08810,Mukesh Aggarwal,43,Physical Education,2,2,2,0,0,298,1,SCH0123,Govt. Middle School Central-123,0
TCH08811,Vinod Sharma,42,Physical Education,3,3,2,0,0,306,0,SCH0326,Govt. Middle School Varanasi-326,0
TCH08812,Ashok Rao,42,Art,5,4,2,0,0,24,0,SCH0415,Govt. Middle School East-415,0
TCH08813,Anita Aggarwal,38,Computer Science,9,4,7,0,0,176,0,SCH0354,Govt. Middle School North-354,0
TCH08814,Seema Joshi,51,Chemistry,17,14,6,0,0,399,0,SCH0391,Govt. Primary School West-391,1
TCH08815,Ajay Dubey,49,Chemistry,21,6,14,0,0,442,0,SCH0485,Govt. Senior Secondary School New-485,1
TCH08816,Pushpa Tiwari,38,Mathematics,4,2,2,0,0,258,0,SCH0348,Govt. Primary School Udaipur-348,0
TCH08817,Naresh Menon,24,Biology,1,1,0,0,0,3,1,SCH0369,Govt. Middle School Central-369,0
TCH08818,Nita Dubey,51,Computer Science,10,5,3,1,0,178,0,SCH0404,Govt. High School Central-404,1
TCH08819,Mahesh Dubey,52,Hindi,4,2,2,0,0,472,1,SCH0156,Govt. Middle School South-156,0
TCH08820,Usha Kaur,56,Science,19,18,9,0,0,403,1,SCH0131,Govt. Senior Secondary School New-131,1
TCH08821,Naresh Reddy,61,Chemistry,16,4,2,1,0,440,1,SCH0144,Govt. Senior Secondary School Kanpur-144,1
TCH08822,Devika Menon,30,Computer Science,4,1,3,0,0,243,1,SCH0459,Govt. Primary School New-459,1
TCH08823,Pankaj Dubey,36,Sanskrit,12,10,12,1,0,247,1,SCH0422,Govt. Primary School Varanasi-422,1
TCH08824,Sanjay Naidu,46,Physical Education,11,10,3,0,0,253,0,SCH0264,Govt. Primary School Udaipur-264,1
TCH08825,Seema Nair,54,Hindi,7,2,0,0,0,280,0,SCH0447,Govt. Middle School East-447,0
TCH08826,Vinod Menon,49,Physical Education,6,6,2,1,0,94,0,SCH0403,Govt. High School Varanasi-403,1
TCH08827,Ramesh Naidu,35,Physics,6,2,2,0,0,22,0,SCH0439,Govt. Senior Secondary School Kota-439,0
TCH08828,Devika Chaudhary,29,Computer Science,5,2,2,0,0,222,0,SCH0336,Govt. Senior Secondary School Ghaziabad-336,0
TCH08829,Pankaj Bansal,29,Biology,2,1,1,0,0,283,0,SCH0082,Govt. Primary School West-82,0
TCH08830,Radha Shukla,26,Sanskrit,1,1,0,0,0,202,0,SCH0111,Govt. Senior Secondary School Gurgaon-111,0
TCH08831,Kamla Pandey,40,Hindi,5,3,4,0,0,338,1,SCH0154,Govt. Middle School Lucknow-154,1
TCH08832,Priya Garg,51,Computer Science,17,17,8,1,0,69,0,SCH0079,Govt. Senior Secondary School North-79,1
TCH08833,Savita Rao,57,Physics,21,12,0,0,0,355,0,SCH0416,Govt. Primary School Faridabad-416,1
TCH08834,Mukesh Sharma,40,History,14,6,0,0,0,345,1,SCH0269,Govt. Middle School East-269,1
TCH08835,Ajay Joshi,50,Hindi,17,2,1,0,0,259,0,SCH0462,Govt. Primary School Noida-462,0
TCH08836,Pankaj Malhotra,53,Art,13,10,8,1,0,36,1,SCH0082,Govt. Primary School West-82,1
TCH08837,Devika Yadav,39,Computer Science,16,8,2,1,0,206,0,SCH0313,Govt. Middle School Ajmer-313,1
TCH08838,Mahesh Joshi,34,Hindi,6,4,1,1,0,441,0,SCH0425,Govt. High School Gurgaon-425,1
TCH08839,Radha Iyer,59,Physical Education,21,17,3,0,0,445,1,SCH0447,Govt. Middle School East-447,1
TCH08840,Sunil Verma,34,Physics,4,4,2,0,0,106,1,SCH0173,Govt. High School Gurgaon-173,0
TCH08841,Rekha Pandey,25,Art,2,2,0,1,0,274,1,SCH0013,Govt. High School Kota-13,1
TCH08842,Shanti Kaur,28,Mathematics,2,2,2,0,0,427,0,SCH0031,Govt. Senior Secondary School East-31,0
TCH08843,Pooja Menon,40,Social Science,12,3,9,1,1,359,1,SCH0306,Govt. Primary School Ghaziabad-306,1
TCH08844,Savita Patel,45,Physical Education,13,10,6,0,0,330,0,SCH0206,Govt. High School Lucknow-206,1
TCH08845,Rajesh Verma,58,Biology,23,8,12,0,0,59,0,SCH0422,Govt. Primary School Varanasi-422,1
TCH08846,Seema Patel,56,Art,2,1,0,1,1,250,1,SCH0101,Govt. High School Gurgaon-101,1
TCH08847,Sanjay Pillai,28,Mathematics,3,2,2,1,0,104,0,SCH0309,Govt. Middle School Agra-309,0
TCH08848,Savita Chauhan,57,Hindi,10,3,5,1,0,187,1,SCH0357,Govt. Senior Secondary School Ghaziabad-357,1
TCH08849,Pushpa Jain,25,English,1,1,0,1,0,245,0,SCH0469,Govt. High School Gurgaon-469,1
TCH08850,Anita Pandey,24,Social Science,1,1,0,1,0,42,0,SCH0433,Govt. High School Jodhpur-433,0
TCH08851,Dinesh Naidu,45,Computer Science,7,5,5,0,0,237,1,SCH0326,Govt. Middle School Varanasi-326,1
TCH08852,Rajesh Mishra,37,History,3,2,1,0,0,139,0,SCH0497,Govt. High School Ghaziabad-497,0
TCH08853,Priya Gupta,43,Chemistry,2,2,2,1,0,245,0,SCH0474,Govt. Primary School Gurgaon-474,1
TCH08854,Usha Menon,25,Physics,2,1,2,1,0,38,0,SCH0071,Govt. Middle School Bikaner-71,0
TCH08855,Dinesh Verma,42,Computer Science,13,7,10,0,0,498,0,SCH0057,Govt. Primary School New-57,1
TCH08856,Rajesh Joshi,35,Physics,4,1,1,1,0,3,0,SCH0068,Govt. Senior Secondary School South-68,0
TCH08857,Pooja Menon,45,Science,11,6,11,1,1,217,0,SCH0012,Govt. High School East-12,1
TCH08858,Nita Pandey,45,Hindi,1,1,1,1,0,409,0,SCH0160,Govt. Middle School Faridabad-160,1
TCH08859,Vikram Kumar,27,Biology,3,3,2,0,0,436,1,SCH0453,Govt. High School West-453,0
TCH08860,Mahesh Malhotra,29,Computer Science,5,5,0,0,0,27,1,SCH0306,Govt. Primary School Ghaziabad-306,0
TCH08861,Ramesh Bansal,42,Hindi,1,1,0,0,0,271,0,SCH0352,Govt. Middle School Varanasi-352,0
TCH08862,Pushpa Iyer,48,Sanskrit,17,8,6,0,0,46,0,SCH0385,Govt. Senior Secondary School Noida-385,1
TCH08863,Usha Yadav,26,Science,3,2,0,1,0,252,0,SCH0427,Govt. Primary School Faridabad-427,1
TCH08864,Suresh Singh,44,English,14,11,5,0,0,306,0,SCH0409,Govt. Senior Secondary School Agra-409,1
TCH08865,Dinesh Pillai,25,Mathematics,1,1,1,0,0,386,0,SCH0123,Govt. Middle School Central-123,0
TCH08866,Arun Shukla,57,Physics,16,4,1,1,0,361,0,SCH0141,Govt. Senior Secondary School Jodhpur-141,1
TCH08867,Savita Bansal,60,Social Science,9,1,3,1,0,161,1,SCH0095,Govt. Primary School New-95,1
TCH08868,Devika Chaudhary,60,Sanskrit,1,1,0,1,1,306,0,SCH0077,Govt. Middle School Bikaner-77,1
TCH08869,Naresh Mittal,57,English,1,1,0,1,0,144,1,SCH0346,Govt. Primary School South-346,0
TCH08870,Dinesh Singh,58,Physical Education,16,15,0,1,0,156,1,SCH0413,Govt. High School Ajmer-413,1
TCH08871,Kamla Dubey,59,Biology,10,4,4,1,0,54,0,SCH0027,Govt. High School Central-27,1
TCH08872,Kamla Yadav,44,History,7,4,3,0,0,1,0,SCH0115,Govt. High School Jodhpur-115,0
TCH08873,Dinesh Dubey,27,Social Science,3,1,2,0,0,338,0,SCH0367,Govt. Primary School Ghaziabad-367,0
TCH08874,Anita Tiwari,45,Computer Science,2,1,2,1,0,12,1,SCH0176,Govt. Middle School Udaipur-176,0
TCH08875,Radha Verma,30,Art,6,2,6,1,0,69,0,SCH0388,Govt. Senior Secondary School Noida-388,1
TCH08876,Anita Pillai,30,Hindi,1,1,1,1,1,276,0,SCH0310,Govt. Middle School West-310,1
TCH08877,Suresh Gupta,29,Biology,1,1,0,0,1,218,0,SCH0166,Govt. Primary School Bikaner-166,1
TCH08878,Rekha Dubey,32,Sanskrit,8,5,0,1,0,140,0,SCH0341,Govt. High School Gurgaon-341,1
TCH08879,Ashok Malhotra,48,Computer Science,6,2,3,1,0,82,0,SCH0184,Govt. Primary School Central-184,1
TCH08880,Savita Bhat,25,Mathematics,1,1,0,1,0,478,0,SCH0113,Govt. High School Jodhpur-113,1
TCH08881,Pankaj Kumar,38,Biology,7,6,6,1,0,112,0,SCH0473,Govt. High School Central-473,1
TCH08882,Sunil Garg,25,Science,2,2,1,0,0,117,0,SCH0096,Govt. Senior Secondary School Kanpur-96,0
TCH08883,Savita Yadav,40,Hindi,4,3,4,0,0,128,0,SCH0213,Govt. Senior Secondary School Kanpur-213,0
TCH08884,Mahesh Shukla,48,Science,22,6,3,0,1,201,1,SCH0227,Govt. Senior Secondary School Lucknow-227,1
TCH08885,Deepak Garg,47,Science,11,8,2,0,0,123,0,SCH0432,Govt. Middle School Jodhpur-432,0
TCH08886,Ashok Bansal,59,Biology,6,2,4,1,0,372,0,SCH0342,Govt. Primary School Agra-342,1
TCH08887,Radha Kaur,49,Physical Education,9,9,7,0,0,322,0,SCH0192,Govt. High School Faridabad-192,1
TCH08888,Arun Malhotra,28,Chemistry,2,2,1,0,0,381,0,SCH0391,Govt. Primary School West-391,0
TCH08889,Suresh Patel,24,Art,1,1,0,0,0,462,0,SCH0132,Govt. High School South-132,0
TCH08890,Priya Nair,25,Social Science,2,2,1,0,1,435,1,SCH0218,Govt. Primary School Lucknow-218,1
TCH08891,Kavita Nair,31,Art,1,1,0,1,0,143,0,SCH0270,Govt. Senior Secondary School Udaipur-270,0
TCH08892,Yogesh Shukla,61,English,30,5,1,0,0,266,0,SCH0336,Govt. Senior Secondary School Ghaziabad-336,1
TCH08893,Anita Iyer,29,Mathematics,3,2,3,1,0,241,0,SCH0008,Govt. High School Ajmer-8,1
TCH08894,Vikas Mishra,32,Science,5,3,1,0,0,192,1,SCH0218,Govt. Primary School Lucknow-218,0
TCH08895,Radha Mishra,49,Mathematics,15,2,4,0,1,467,1,SCH0309,Govt. Middle School Agra-309,1
TCH08896,Geeta Jain,40,Geography,5,1,2,0,0,372,0,SCH0405,Govt. Middle School Lucknow-405,0
TCH08897,Usha Gupta,36,Chemistry,7,6,6,1,0,402,0,SCH0307,Govt. Middle School Kanpur-307,1
TCH08898,Pushpa Verma,33,Social Science,8,5,0,1,0,100,1,SCH0382,Govt. Senior Secondary School Jaipur-382,1
TCH08899,Amit Bhat,60,Physics,5,1,2,1,0,400,0,SCH0172,Govt. Senior Secondary School North-172,1
TCH08900,Saroj Bansal,49,Geography,2,2,2,1,0,49,1,SCH0370,Govt. High School Kanpur-370,0
TCH08901,Meena Jain,57,Sanskrit,10,8,1,1,0,492,0,SCH0277,Govt. Primary School Udaipur-277,1
TCH08902,Pankaj Chauhan,55,Hindi,12,1,8,0,0,119,1,SCH0065,Govt. High School Ghaziabad-65,0
TCH08903,Suresh Patel,37,Art,5,5,0,0,0,282,0,SCH0347,Govt. Senior Secondary School Ghaziabad-347,0
TCH08904,Seema Aggarwal,39,Hindi,10,5,1,0,0,402,0,SCH0111,Govt. Senior Secondary School Gurgaon-111,1
TCH08905,Kamla Jain,34,History,4,2,1,1,1,284,1,SCH0424,Govt. Primary School Varanasi-424,1
TCH08906,Amit Joshi,47,History,11,4,4,0,0,370,0,SCH0272,Govt. Middle School East-272,1
TCH08907,Anita Naidu,24,Social Science,1,1,0,1,0,261,0,SCH0177,Govt. Senior Secondary School Agra-177,1
TCH08908,Meena Verma,43,English,19,16,3,0,0,343,0,SCH0333,Govt. Middle School Kota-333,1
TCH08909,Ajay Bansal,55,Hindi,8,5,4,1,0,346,0,SCH0190,Govt. High School Gurgaon-190,1
TCH08910,Rekha Dubey,45,Mathematics,6,4,1,0,0,7,1,SCH0206,Govt. High School Lucknow-206,0
TCH08911,Meena Menon,54,English,6,2,6,1,0,132,0,SCH0440,Govt. High School Lucknow-440,1
TCH08912,Geeta Singh,43,Hindi,20,18,11,1,0,274,1,SCH0403,Govt. High School Varanasi-403,1
TCH08913,Deepak Rao,46,Physics,18,10,11,0,0,323,1,SCH0131,Govt. Senior Secondary School New-131,1
TCH08914,Shanti Chauhan,46,Chemistry,4,3,0,0,0,26,1,SCH0393,Govt. Primary School Ajmer-393,0
TCH08915,Pooja Iyer,29,Geography,4,4,2,1,1,101,0,SCH0239,Govt. Senior Secondary School Central-239,1
TCH08916,Kavita Bhat,36,Physics,6,4,5,0,1,157,0,SCH0033,Govt. Primary School Jodhpur-33,0
TCH08917,Anita Sharma,27,Physical Education,3,3,3,0,0,169,0,SCH0150,Govt. Primary School Jodhpur-150,0
TCH08918,Mahesh Yadav,41,Science,5,1,5,1,0,437,1,SCH0147,Govt. High School Gurgaon-147,1
TCH08919,Sanjay Reddy,52,Social Science,2,1,1,0,0,71,0,SCH0267,Govt. Senior Secondary School Bikaner-267,0
TCH08920,Radha Mittal,26,Geography,2,1,1,0,0,246,0,SCH0128,Govt. High School Bikaner-128,0
TCH08921,Ramesh Jain,42,Art,14,10,7,1,0,143,1,SCH0191,Govt. Middle School Gurgaon-191,1
TCH08922,Amit Naidu,60,Computer Science,7,3,4,0,0,226,0,SCH0044,Govt. High School Udaipur-44,0
TCH08923,Arun Naidu,24,Geography,1,1,0,0,0,249,0,SCH0439,Govt. Senior Secondary School Kota-439,0
TCH08924,Mukesh Singh,33,Computer Science,3,2,2,0,0,115,0,SCH0248,Govt. High School Central-248,0
TCH08925,Suresh Pandey,34,Mathematics,3,3,1,0,0,327,0,SCH0329,Govt. Senior Secondary School South-329,0
TCH08926,Meena Naidu,26,Geography,1,1,0,1,0,297,0,SCH0209,Govt. High School Noida-209,1
TCH08927,Savita Iyer,50,English,27,14,8,0,0,366,1,SCH0059,Govt. Senior Secondary School Central-59,1
TCH08928,Usha Aggarwal,37,Science,9,2,2,0,0,329,1,SCH0200,Govt. Middle School Bikaner-200,0
TCH08929,Yogesh Yadav,32,Sanskrit,3,1,1,1,0,236,1,SCH0466,Govt. Senior Secondary School Jodhpur-466,1
TCH08930,Harish Singh,46,Sanskrit,7,3,7,1,0,100,1,SCH0083,Govt. Primary School Udaipur-83,1
TCH08931,Meena Naidu,54,Geography,30,8,6,0,0,466,0,SCH0219,Govt. Primary School Ajmer-219,1
TCH08932,Sunita Kaur,36,History,12,9,11,1,1,98,0,SCH0043,Govt. Senior Secondary School Ajmer-43,1
TCH08933,Ramesh Bansal,37,Geography,2,2,0,1,0,143,0,SCH0251,Govt. Primary School New-251,0
TCH08934,Arun Singh,61,Geography,3,1,3,0,1,103,1,SCH0080,Govt. Primary School Jaipur-80,1
TCH08935,Geeta Shukla,49,Geography,6,4,6,0,0,57,0,SCH0282,Govt. Middle School East-282,0
TCH08936,Vikram Aggarwal,49,Physics,15,4,14,0,0,116,0,SCH0461,Govt. Middle School South-461,0
TCH08937,Nita Naidu,58,Biology,26,5,12,0,0,46,0,SCH0227,Govt. Senior Secondary School Lucknow-227,1
TCH08938,Mukesh Singh,36,Art,4,3,1,1,0,244,0,SCH0223,Govt. Middle School Gurgaon-223,1
TCH08939,Dinesh Kumar,29,Geography,6,2,2,0,0,137,1,SCH0014,Govt. Middle School South-14,0
TCH08940,Yogesh Rao,53,Mathematics,16,16,8,1,0,198,0,SCH0264,Govt. Primary School Udaipur-264,1
TCH08941,Vinod Dubey,26,Sanskrit,2,1,2,0,0,230,0,SCH0227,Govt. Senior Secondary School Lucknow-227,0
TCH08942,Saroj Bansal,30,Physical Education,1,1,0,0,0,11,0,SCH0305,Govt. Primary School Noida-305,0
TCH08943,Shanti Garg,37,Hindi,3,3,2,1,0,417,1,SCH0042,Govt. High School Jodhpur-42,1
TCH08944,Mahesh Tiwari,33,Physics,8,5,5,0,0,327,0,SCH0029,Govt. Primary School Lucknow-29,1
TCH08945,Rajesh Aggarwal,61,English,23,18,3,0,0,83,0,SCH0027,Govt. High School Central-27,1
TCH08946,Deepak Malhotra,35,Computer Science,4,1,0,0,0,437,1,SCH0004,Govt. Middle School Jaipur-4,0
TCH08947,Kamla Mishra,52,History,8,5,8,1,0,87,0,SCH0194,Govt. Middle School Ajmer-194,1
TCH08948,Devika Iyer,49,Mathematics,20,4,5,0,1,117,0,SCH0254,Govt. Primary School Jaipur-254,1
TCH08949,Nita Kaur,54,Social Science,26,15,12,0,0,179,1,SCH0455,Govt. Senior Secondary School Ajmer-455,1
TCH08950,Dinesh Mittal,38,Mathematics,8,3,8,0,0,487,1,SCH0327,Govt. High School Faridabad-327,1
TCH08951,Ajay Pandey,44,History,1,1,1,0,0,269,0,SCH0088,Govt. High School Ghaziabad-88,0
TCH08952,Yogesh Malhotra,24,Chemistry,1,1,1,1,0,187,0,SCH0205,Govt. Senior Secondary School East-205,0
TCH08953,Geeta Reddy,53,Art,13,5,3,1,0,17,0,SCH0025,Govt. Middle School North-25,1
TCH08954,Seema Sharma,35,Geography,10,9,6,1,0,186,1,SCH0025,Govt. Middle School North-25,1
TCH08955,Nita Tiwari,51,Chemistry,26,7,10,0,0,124,0,SCH0400,Govt. Senior Secondary School Jodhpur-400,1
TCH08956,Savita Naidu,50,Physics,25,16,5,0,1,190,0,SCH0351,Govt. High School Ghaziabad-351,1
TCH08957,Vikram Menon,34,Physical Education,6,4,3,1,0,55,0,SCH0153,Govt. Primary School Ghaziabad-153,1
TCH08958,Meena Mishra,58,Art,17,5,2,0,1,3,0,SCH0371,Govt. Primary School Ghaziabad-371,1
TCH08959,Sunil Nair,54,Science,17,16,6,0,0,270,0,SCH0218,Govt. Primary School Lucknow-218,1
TCH08960,Vikram Mittal,54,Hindi,30,5,11,0,0,411,1,SCH0023,Govt. High School Faridabad-23,1
TCH08961,Devika Naidu,40,English,9,6,3,1,0,332,1,SCH0426,Govt. High School Jodhpur-426,1
TCH08962,Pooja Gupta,48,Mathematics,3,1,2,0,1,144,1,SCH0229,Govt. High School Agra-229,0
TCH08963,Ashok Singh,55,Hindi,26,6,0,0,0,434,0,SCH0447,Govt. Middle School East-447,1
TCH08964,Seema Shukla,44,Mathematics,6,6,4,0,0,223,0,SCH0126,Govt. Senior Secondary School West-126,1
TCH08965,Sunil Joshi,61,English,29,2,5,0,0,126,0,SCH0052,Govt. Middle School Lucknow-52,0
TCH08966,Rajesh Singh,56,Hindi,11,5,11,1,0,300,0,SCH0077,Govt. Middle School Bikaner-77,1
TCH08967,Devika Patel,30,Physics,4,2,4,0,1,312,0,SCH0275,Govt. Primary School East-275,1
TCH08968,Geeta Patel,50,Mathematics,4,4,0,0,0,240,0,SCH0408,Govt. High School North-408,0
TCH08969,Devika Kaur,51,Hindi,6,6,6,0,0,159,0,SCH0395,Govt. Primary School Jodhpur-395,0
TCH08970,Vikram Mittal,34,Art,7,7,4,0,0,88,0,SCH0351,Govt. High School Ghaziabad-351,0
TCH08971,Naresh Nair,47,Science,23,6,0,0,0,68,0,SCH0345,Govt. High School Ajmer-345,0
TCH08972,Pankaj Mishra,31,Chemistry,2,1,1,1,0,379,0,SCH0371,Govt. Primary School Ghaziabad-371,1
TCH08973,Rajesh Mishra,28,History,1,1,0,1,0,67,0,SCH0431,Govt. High School Bikaner-431,0
TCH08974,Anita Reddy,45,Physical Education,14,5,1,0,0,230,0,SCH0290,Govt. High School North-290,1
TCH08975,Geeta Kaur,61,Chemistry,25,10,6,1,0,248,0,SCH0246,Govt. Senior Secondary School Central-246,1
TCH08976,Rajesh Chauhan,26,Physical Education,3,1,0,1,0,52,1,SCH0308,Govt. Primary School Varanasi-308,0
TCH08977,Anita Bhat,42,Social Science,6,6,2,1,0,205,0,SCH0262,Govt. High School Jodhpur-262,1
TCH08978,Pushpa Chaudhary,27,Biology,1,1,0,0,0,257,1,SCH0332,Govt. Primary School Agra-332,0
TCH08979,Amit Verma,44,Mathematics,15,3,7,0,0,85,1,SCH0095,Govt. Primary School New-95,0
TCH08980,Deepak Gupta,27,Social Science,4,4,2,1,0,166,0,SCH0182,Govt. Senior Secondary School Varanasi-182,0
TCH08981,Suresh Malhotra,49,Mathematics,14,4,6,0,0,349,1,SCH0358,Govt. Primary School Central-358,1
TCH08982,Mukesh Jain,24,Mathematics,1,1,1,0,0,202,0,SCH0495,Govt. Senior Secondary School Faridabad-495,0
TCH08983,Kavita Chaudhary,29,Hindi,4,4,0,0,0,111,0,SCH0234,Govt. High School Agra-234,0
TCH08984,Devika Dubey,25,Sanskrit,2,1,0,0,0,396,0,SCH0138,Govt. Middle School Bikaner-138,0
TCH08985,Priya Aggarwal,45,Computer Science,18,10,11,0,0,0,0,SCH0407,Govt. Senior Secondary School South-407,1
TCH08986,Sunil Bansal,47,Geography,14,5,6,0,1,383,0,SCH0344,Govt. Middle School Ghaziabad-344,1
TCH08987,Suresh Patel,58,Hindi,5,1,0,0,0,252,0,SCH0165,Govt. Primary School Gurgaon-165,0
TCH08988,Rajesh Nair,48,Physics,22,13,4,0,0,366,0,SCH0235,Govt. Senior Secondary School Faridabad-235,1
TCH08989,Kavita Mittal,58,Art,1,1,1,1,0,188,0,SCH0042,Govt. High School Jodhpur-42,0
TCH08990,Anita Iyer,32,Social Science,3,3,1,0,0,268,1,SCH0300,Govt. Primary School Central-300,0
TCH08991,Rekha Dubey,56,Social Science,33,9,8,1,0,372,1,SCH0409,Govt. Senior Secondary School Agra-409,1
TCH08992,Shanti Chaudhary,54,Geography,22,2,10,1,0,430,0,SCH0479,Govt. Middle School Agra-479,1
TCH08993,Meena Iyer,27,Chemistry,1,1,0,1,0,385,0,SCH0242,Govt. Senior Secondary School Agra-242,1
TCH08994,Usha Shukla,51,Sanskrit,11,1,1,0,0,314,0,SCH0177,Govt. Senior Secondary School Agra-177,0
TCH08995,Ajay Patel,27,Biology,1,1,0,1,0,237,1,SCH0059,Govt. Senior Secondary School Central-59,1
TCH08996,Pushpa Gupta,33,Hindi,10,7,0,0,0,91,0,SCH0220,Govt. High School North-220,0
TCH08997,Yogesh Kaur,26,Computer Science,1,1,0,0,1,222,1,SCH0225,Govt. Primary School Agra-225,1
TCH08998,Kavita Bhat,61,Art,5,5,2,0,0,129,0,SCH0416,Govt. Primary School Faridabad-416,0
TCH08999,Harish Nair,51,Chemistry,5,1,0,1,0,492,1,SCH0346,Govt. Primary School South-346,1
TCH09000,Meena Garg,24,Chemistry,1,1,0,1,0,238,0,SCH0385,Govt. Senior Secondary School Noida-385,1
TCH09001,Anita Dubey,26,Chemistry,3,1,0,0,0,245,1,SCH0124,Govt. High School Ghaziabad-124,0
TCH09002,Deepak Kaur,36,Chemistry,5,2,0,0,0,180,0,SCH0055,Govt. Middle School Noida-55,0
TCH09003,Naresh Jain,61,Art,9,6,3,1,1,325,0,SCH0392,Govt. High School South-392,1
TCH09004,Sunil Mishra,29,Mathematics,2,2,0,0,0,486,0,SCH0226,Govt. Senior Secondary School Kanpur-226,0
TCH09005,Shanti Rao,50,Hindi,22,10,10,0,0,62,0,SCH0191,Govt. Middle School Gurgaon-191,1
TCH09006,Suresh Yadav,24,History,1,1,1,0,0,133,0,SCH0235,Govt. Senior Secondary School Faridabad-235,0
TCH09007,Kamla Rao,38,Physical Education,8,5,1,1,1,87,0,SCH0434,Govt. High School West-434,1
TCH09008,Amit Patel,47,Physical Education,17,6,5,0,0,363,0,SCH0147,Govt. High School Gurgaon-147,1
TCH09009,Nita Naidu,40,Computer Science,7,3,2,0,1,69,1,SCH0072,Govt. Middle School Udaipur-72,0
TCH09010,Vinod Naidu,28,Chemistry,5,5,4,1,0,238,0,SCH0475,Govt. Primary School Kanpur-475,1
TCH09011,Vikram Joshi,52,Social Science,17,16,10,0,0,154,0,SCH0493,Govt. High School Jaipur-493,1
TCH09012,Lakshmi Mittal,31,Chemistry,7,4,6,1,0,423,0,SCH0404,Govt. High School Central-404,1
TCH09013,Pushpa Chaudhary,60,Hindi,10,8,4,1,0,247,1,SCH0091,Govt. High School South-91,1
TCH09014,Nita Sharma,38,Social Science,6,1,5,0,0,251,1,SCH0373,Govt. Senior Secondary School Varanasi-373,1
TCH09015,Kavita Gupta,53,Art,9,8,8,0,0,371,0,SCH0488,Govt. Senior Secondary School Agra-488,1
TCH09016,Pankaj Malhotra,35,Science,9,1,8,1,0,464,0,SCH0235,Govt. Senior Secondary School Faridabad-235,1
TCH09017,Rekha Patel,55,Computer Science,26,8,5,1,0,45,0,SCH0351,Govt. High School Ghaziabad-351,1
TCH09018,Suresh Dubey,50,English,20,11,3,1,1,454,0,SCH0344,Govt. Middle School Ghaziabad-344,1
TCH09019,Harish Mishra,39,Science,14,11,9,1,0,280,0,SCH0152,Govt. Middle School Agra-152,1
TCH09020,Lakshmi Menon,27,Physical Education,1,1,1,0,0,196,0,SCH0308,Govt. Primary School Varanasi-308,0
TCH09021,Nita Mittal,48,Chemistry,25,10,13,0,0,42,0,SCH0216,Govt. Middle School East-216,1
TCH09022,Mukesh Sharma,48,Sanskrit,15,1,4,1,0,362,1,SCH0135,Govt. Middle School Central-135,1
TCH09023,Naresh Pandey,45,Chemistry,20,15,8,1,0,133,0,SCH0129,Govt. Senior Secondary School Ghaziabad-129,1
TCH09024,Vikas Shukla,43,Geography,3,3,1,0,0,457,1,SCH0276,Govt. High School South-276,0
TCH09025,Mukesh Jain,49,Mathematics,23,4,8,1,1,220,1,SCH0262,Govt. High School Jodhpur-262,1
TCH09026,Naresh Menon,32,History,5,2,1,1,0,114,1,SCH0111,Govt. Senior Secondary School Gurgaon-111,0
TCH09027,Ramesh Sharma,58,Mathematics,24,13,14,1,0,412,1,SCH0400,Govt. Senior Secondary School Jodhpur-400,1
TCH09028,Sunil Mishra,26,Biology,2,2,0,0,0,375,1,SCH0143,Govt. Senior Secondary School Kota-143,0
TCH09029,Ajay Jain,34,Computer Science,1,1,0,0,0,201,1,SCH0350,Govt. Middle School Jaipur-350,0
TCH09030,Lakshmi Kaur,40,Hindi,13,9,10,0,0,341,0,SCH0117,Govt. Middle School Ghaziabad-117,1
TCH09031,Anita Malhotra,57,Physics,26,18,10,0,0,194,1,SCH0354,Govt. Middle School North-354,1
TCH09032,Pooja Kaur,33,English,2,1,1,0,0,354,0,SCH0296,Govt. Middle School North-296,0
TCH09033,Ajay Singh,50,Computer Science,16,3,14,0,0,120,0,SCH0400,Govt. Senior Secondary School Jodhpur-400,0
TCH09034,Arun Rao,48,Mathematics,11,3,6,0,1,225,1,SCH0330,Govt. High School Varanasi-330,1
TCH09035,Usha Iyer,50,Hindi,18,16,2,0,0,23,0,SCH0197,Govt. Middle School Udaipur-197,0
TCH09036,Vikram Verma,36,Social Science,6,2,2,1,0,420,0,SCH0144,Govt. Senior Secondary School Kanpur-144,1
TCH09037,Naresh Kaur,53,Computer Science,15,3,10,1,0,413,0,SCH0026,Govt. High School South-26,1
TCH09038,Anita Singh,46,Science,12,1,0,0,0,337,0,SCH0075,Govt. Middle School Varanasi-75,0
TCH09039,Yogesh Patel,39,English,10,9,1,0,0,84,0,SCH0279,Govt. Primary School Kanpur-279,0
TCH09040,Arun Tiwari,29,Biology,3,1,2,0,0,217,0,SCH0263,Govt. High School Faridabad-263,0
TCH09041,Kamla Yadav,59,Mathematics,15,1,1,1,1,351,1,SCH0064,Govt. High School Jodhpur-64,1
TCH09042,Sunil Singh,54,Biology,12,8,11,0,0,369,0,SCH0045,Govt. Senior Secondary School New-45,1
TCH09043,Anita Malhotra,52,Chemistry,28,1,13,1,0,42,1,SCH0357,Govt. Senior Secondary School Ghaziabad-357,1
TCH09044,Sunita Garg,44,Sanskrit,3,3,2,0,0,371,0,SCH0334,Govt. Middle School Faridabad-334,0
TCH09045,Usha Naidu,44,Biology,13,9,6,1,0,25,0,SCH0246,Govt. Senior Secondary School Central-246,1
TCH09046,Saroj Kaur,39,Art,4,4,2,0,0,120,0,SCH0270,Govt. Senior Secondary School Udaipur-270,0
TCH09047,Kamla Reddy,53,Social Science,19,2,4,1,0,230,0,SCH0429,Govt. Middle School Central-429,1
TCH09048,Vikas Rao,25,Social Science,1,1,1,1,0,22,0,SCH0427,Govt. Primary School Faridabad-427,0
TCH09049,Saroj Chauhan,24,Geography,1,1,1,1,0,396,0,SCH0298,Govt. Senior Secondary School Varanasi-298,1
TCH09050,Sunita Pandey,52,English,18,2,10,1,0,221,1,SCH0308,Govt. Primary School Varanasi-308,1
TCH09051,Deepak Singh,26,Biology,2,2,2,1,0,1,0,SCH0477,Govt. Senior Secondary School Agra-477,0
TCH09052,Kavita Tiwari,31,History,2,1,1,0,0,140,0,SCH0064,Govt. High School Jodhpur-64,0
TCH09053,Pankaj Aggarwal,35,Physics,8,8,1,0,0,418,0,SCH0438,Govt. Primary School Jodhpur-438,0
TCH09054,Dinesh Nair,36,Physical Education,8,4,1,1,0,213,1,SCH0214,Govt. High School East-214,1
TCH09055,Devika Iyer,28,History,5,2,5,1,0,364,0,SCH0049,Govt. Senior Secondary School Agra-49,1
TCH09056,Suresh Mittal,44,Mathematics,14,3,14,0,0,477,0,SCH0340,Govt. High School Ajmer-340,1
TCH09057,Vikram Rao,54,Hindi,14,1,8,0,0,410,1,SCH0222,Govt. High School Varanasi-222,1
TCH09058,Ashok Chaudhary,41,Sanskrit,4,4,0,1,0,187,1,SCH0324,Govt. Middle School Central-324,0
TCH09059,Suresh Chaudhary,28,Hindi,2,2,0,0,0,162,0,SCH0125,Govt. Primary School Jodhpur-125,0
TCH09060,Suresh Patel,50,Geography,11,3,11,0,0,258,1,SCH0425,Govt. High School Gurgaon-425,1
TCH09061,Shanti Bansal,35,Physics,1,1,1,0,0,265,0,SCH0237,Govt. Senior Secondary School East-237,0
TCH09062,Pooja Kaur,30,Sanskrit,7,7,1,0,0,24,1,SCH0230,Govt. High School West-230,0
TCH09063,Pankaj Singh,56,Chemistry,33,15,14,1,0,471,0,SCH0386,Govt. Senior Secondary School South-386,1
TCH09064,Rekha Iyer,29,Chemistry,3,1,3,0,0,216,0,SCH0306,Govt. Primary School Ghaziabad-306,0
TCH09065,Pushpa Jain,33,History,6,4,4,0,0,196,1,SCH0112,Govt. Primary School Bikaner-112,0
TCH09066,Vikram Gupta,26,Geography,1,1,1,0,0,166,0,SCH0260,Govt. High School Lucknow-260,0
TCH09067,Nita Nair,48,Sanskrit,24,12,1,0,1,388,0,SCH0430,Govt. Primary School Bikaner-430,1
TCH09068,Anita Reddy,32,Geography,7,5,0,1,0,317,1,SCH0354,Govt. Middle School North-354,1
TCH09069,Anita Verma,53,Chemistry,17,5,7,0,0,291,0,SCH0455,Govt. Senior Secondary School Ajmer-455,1
TCH09070,Arun Bhat,30,Mathematics,5,3,0,0,0,50,1,SCH0272,Govt. Middle School East-272,0
TCH09071,Nita Reddy,46,Sanskrit,1,1,0,1,0,314,0,SCH0059,Govt. Senior Secondary School Central-59,1
TCH09072,Pushpa Gupta,36,Chemistry,6,5,0,1,0,218,0,SCH0007,Govt. Primary School South-7,1
TCH09073,Dinesh Yadav,32,Art,7,1,1,0,0,481,0,SCH0253,Govt. Middle School Gurgaon-253,0
TCH09074,Arun Singh,54,Chemistry,23,7,1,0,0,345,1,SCH0350,Govt. Middle School Jaipur-350,1
TCH09075,Sanjay Chaudhary,25,Science,2,1,2,0,0,225,0,SCH0114,Govt. Middle School Bikaner-114,0
TCH09076,Geeta Gupta,46,Biology,18,1,10,1,0,368,1,SCH0411,Govt. Middle School New-411,1
TCH09077,Kamla Pandey,51,Social Science,25,18,14,1,0,45,0,SCH0315,Govt. Primary School Udaipur-315,1
TCH09078,Amit Malhotra,35,Sanskrit,8,7,7,0,0,398,0,SCH0297,Govt. Middle School East-297,1
TCH09079,Rekha Bhat,56,Geography,23,16,7,0,1,442,1,SCH0024,Govt. Middle School Central-24,1
TCH09080,Sunita Mishra,37,Biology,4,4,4,1,0,412,0,SCH0428,Govt. High School Faridabad-428,1
TCH09081,Arun Iyer,35,Physics,11,2,6,0,0,305,0,SCH0345,Govt. High School Ajmer-345,1
TCH09082,Vinod Dubey,31,History,1,1,1,0,0,101,0,SCH0384,Govt. Middle School Jaipur-384,0
TCH09083,Usha Nair,57,Hindi,3,2,1,1,0,493,0,SCH0398,Govt. Senior Secondary School South-398,1
TCH09084,Pankaj Mittal,37,Sanskrit,14,4,7,0,0,341,0,SCH0175,Govt. Middle School Ghaziabad-175,1
TCH09085,Geeta Naidu,49,Geography,19,4,12,0,0,376,0,SCH0445,Govt. Middle School Central-445,1
TCH09086,Anita Menon,44,Art,15,15,5,0,1,324,0,SCH0470,Govt. High School Bikaner-470,1
TCH09087,Kavita Kumar,25,Biology,2,2,2,1,0,411,1,SCH0426,Govt. High School Jodhpur-426,1
TCH09088,Seema Kaur,51,Hindi,13,5,6,1,0,277,0,SCH0436,Govt. High School Jodhpur-436,1
TCH09089,Meena Kumar,31,Physics,5,5,2,0,0,13,1,SCH0310,Govt. Middle School West-310,0
TCH09090,Usha Singh,56,Biology,7,2,3,0,0,289,1,SCH0398,Govt. Senior Secondary School South-398,1
TCH09091,Seema Gupta,26,Sanskrit,3,1,2,0,0,226,1,SCH0415,Govt. Middle School East-415,0
TCH09092,Pooja Pandey,51,History,12,1,10,0,0,44,0,SCH0308,Govt. Primary School Varanasi-308,0
TCH09093,Vikram Reddy,31,Physical Education,7,5,4,0,0,155,0,SCH0451,Govt. Senior Secondary School Kanpur-451,0
TCH09094,Mahesh Bansal,25,Biology,2,1,0,0,0,341,0,SCH0432,Govt. Middle School Jodhpur-432,0
TCH09095,Pankaj Mittal,36,English,10,7,6,0,0,202,1,SCH0445,Govt. Middle School Central-445,1
TCH09096,Suresh Bansal,56,Physical Education,29,17,0,0,0,257,0,SCH0464,Govt. Middle School Gurgaon-464,1
TCH09097,Sanjay Shukla,51,Art,21,19,10,1,0,293,0,SCH0094,Govt. Middle School Gurgaon-94,1
TCH09098,Kavita Bhat,59,History,7,7,3,0,0,97,0,SCH0020,Govt. Senior Secondary School Kota-20,0
TCH09099,Ramesh Pillai,46,Geography,3,1,1,1,0,17,0,SCH0203,Govt. Primary School Kanpur-203,0
TCH09100,Dinesh Tiwari,33,Science,2,1,0,0,0,387,0,SCH0134,Govt. Primary School Noida-134,0
TCH09101,Nita Kaur,46,Art,23,3,10,0,0,167,0,SCH0423,Govt. Senior Secondary School Lucknow-423,0
TCH09102,Mahesh Pandey,33,Hindi,7,2,3,0,0,464,1,SCH0285,Govt. Middle School Kanpur-285,1
TCH09103,Ashok Shukla,31,Hindi,5,5,5,0,0,418,0,SCH0049,Govt. Senior Secondary School Agra-49,1
TCH09104,Sunita Iyer,27,Hindi,1,1,0,0,0,168,0,SCH0398,Govt. Senior Secondary School South-398,0
TCH09105,Mukesh Iyer,44,Chemistry,2,2,1,1,0,217,0,SCH0005,Govt. Primary School New-5,1
TCH09106,Usha Malhotra,33,Geography,7,5,4,0,0,497,0,SCH0267,Govt. Senior Secondary School Bikaner-267,1
TCH09107,Anita Chaudhary,41,Physical Education,10,7,0,1,0,81,0,SCH0024,Govt. Middle School Central-24,1
TCH09108,Rekha Dubey,61,Art,17,14,5,0,0,136,0,SCH0339,Govt. Middle School Kota-339,1
TCH09109,Sunil Chauhan,60,English,1,1,0,0,1,254,1,SCH0297,Govt. Middle School East-297,1
TCH09110,Seema Jain,35,Physical Education,10,3,6,1,0,3,1,SCH0323,Govt. Middle School Central-323,1
TCH09111,Devika Kaur,56,Geography,13,3,2,1,0,366,0,SCH0017,Govt. Primary School Udaipur-17,1
TCH09112,Pooja Bhat,26,Science,1,1,0,0,0,220,0,SCH0310,Govt. Middle School West-310,0
TCH09113,Mukesh Reddy,42,Art,1,1,0,1,0,272,0,SCH0236,Govt. Senior Secondary School Jaipur-236,1
TCH09114,Sanjay Pandey,50,Computer Science,15,8,7,1,0,320,0,SCH0457,Govt. Senior Secondary School Ghaziabad-457,1
TCH09115,Anita Chaudhary,45,Chemistry,13,11,10,0,0,37,1,SCH0485,Govt. Senior Secondary School New-485,1
TCH09116,Vikram Gupta,36,Hindi,5,4,3,1,0,448,0,SCH0261,Govt. Middle School West-261,1
TCH09117,Saroj Rao,43,Hindi,8,1,2,0,0,251,0,SCH0111,Govt. Senior Secondary School Gurgaon-111,0
TCH09118,Radha Chauhan,52,Mathematics,9,5,2,0,0,336,0,SCH0479,Govt. Middle School Agra-479,0
TCH09119,Deepak Singh,38,Biology,10,5,9,0,0,454,0,SCH0245,Govt. Senior Secondary School Bikaner-245,1
TCH09120,Ramesh Bhat,36,Social Science,2,2,0,0,0,211,1,SCH0337,Govt. Senior Secondary School Ghaziabad-337,0
TCH09121,Rajesh Bhat,44,English,12,12,6,1,0,470,0,SCH0500,Govt. Middle School Varanasi-500,1
TCH09122,Deepak Reddy,59,English,2,2,0,1,0,1,0,SCH0157,Govt. Senior Secondary School Jodhpur-157,0
TCH09123,Arun Kaur,46,Sanskrit,5,5,5,0,0,278,1,SCH0331,Govt. Senior Secondary School Jodhpur-331,1
TCH09124,Seema Singh,52,Physical Education,22,12,4,0,0,128,0,SCH0484,Govt. Middle School Lucknow-484,1
TCH09125,Kamla Mittal,56,Art,30,18,2,1,0,49,0,SCH0316,Govt. Senior Secondary School South-316,1
TCH09126,Ramesh Aggarwal,42,Art,5,4,0,0,0,207,1,SCH0430,Govt. Primary School Bikaner-430,0
TCH09127,Pankaj Naidu,25,Hindi,2,2,1,0,0,348,0,SCH0032,Govt. High School Jodhpur-32,0
TCH09128,Geeta Chaudhary,43,Physics,1,1,0,0,1,483,1,SCH0095,Govt. Primary School New-95,1
TCH09129,Rajesh Singh,43,History,19,9,13,0,0,39,0,SCH0158,Govt. Primary School West-158,1
TCH09130,Rekha Joshi,43,Social Science,14,8,9,0,0,337,0,SCH0052,Govt. Middle School Lucknow-52,1
TCH09131,Vinod Malhotra,53,History,3,1,1,0,0,261,1,SCH0087,Govt. Primary School Udaipur-87,0
TCH09132,Seema Kumar,50,Computer Science,27,13,13,1,0,392,0,SCH0447,Govt. Middle School East-447,1
TCH09133,Priya Patel,38,Physical Education,13,8,4,0,0,295,0,SCH0343,Govt. Senior Secondary School Central-343,1
TCH09134,Geeta Aggarwal,29,Sanskrit,3,2,1,0,0,381,0,SCH0144,Govt. Senior Secondary School Kanpur-144,0
TCH09135,Shanti Sharma,35,Physical Education,3,3,0,0,0,271,0,SCH0387,Govt. High School Kota-387,0
TCH09136,Rekha Chauhan,35,Chemistry,3,3,0,0,0,488,0,SCH0308,Govt. Primary School Varanasi-308,0
TCH09137,Anita Singh,56,Computer Science,16,1,9,0,0,162,0,SCH0180,Govt. Senior Secondary School Lucknow-180,0
TCH09138,Harish Chaudhary,38,Computer Science,2,2,0,1,0,306,0,SCH0377,Govt. Middle School Agra-377,1
TCH09139,Usha Chaudhary,43,Social Science,16,3,9,0,0,489,0,SCH0034,Govt. Middle School Varanasi-34,1
TCH09140,Saroj Aggarwal,38,Geography,12,12,5,1,0,31,1,SCH0005,Govt. Primary School New-5,1
TCH09141,Suresh Joshi,43,Biology,2,1,1,0,0,409,0,SCH0146,Govt. Middle School Central-146,0
TCH09142,Sanjay Iyer,30,History,1,1,0,0,0,338,1,SCH0180,Govt. Senior Secondary School Lucknow-180,0
TCH09143,Vikram Mittal,24,Hindi,1,1,1,1,0,480,0,SCH0318,Govt. Middle School Kanpur-318,1
TCH09144,Amit Pandey,41,Social Science,9,1,7,1,1,328,0,SCH0240,Govt. Senior Secondary School New-240,1
TCH09145,Deepak Joshi,24,Sanskrit,1,1,0,0,1,364,0,SCH0426,Govt. High School Jodhpur-426,1
TCH09146,Anita Naidu,44,Computer Science,11,11,4,1,0,395,0,SCH0167,Govt. Middle School Jaipur-167,1
TCH09147,Sunita Nair,49,Sanskrit,16,2,0,1,1,342,0,SCH0320,Govt. Primary School Udaipur-320,1
TCH09148,Naresh Garg,28,Science,5,1,1,0,0,90,0,SCH0092,Govt. Primary School Kanpur-92,0
TCH09149,Vikram Sharma,57,Computer Science,16,8,9,0,0,195,0,SCH0342,Govt. Primary School Agra-342,1
TCH09150,Ashok Shukla,51,Physics,8,5,4,0,0,474,1,SCH0103,Govt. Middle School Faridabad-103,1
TCH09151,Seema Patel,46,Physical Education,16,4,10,1,0,102,0,SCH0316,Govt. Senior Secondary School South-316,1
TCH09152,Anita Patel,46,Mathematics,5,5,4,1,0,146,0,SCH0296,Govt. Middle School North-296,1
TCH09153,Pooja Mishra,42,Biology,18,1,8,0,0,191,1,SCH0325,Govt. Primary School Udaipur-325,0
TCH09154,Naresh Chaudhary,51,Geography,22,11,3,0,0,47,0,SCH0196,Govt. Middle School Jaipur-196,1
TCH09155,Radha Iyer,56,English,14,9,13,0,0,375,0,SCH0340,Govt. High School Ajmer-340,1
TCH09156,Arun Pillai,37,Physics,4,3,1,0,0,204,0,SCH0397,Govt. Senior Secondary School Udaipur-397,0
TCH09157,Ramesh Menon,56,Chemistry,9,6,7,0,0,383,0,SCH0120,Govt. High School New-120,1
TCH09158,Vikas Tiwari,40,Science,1,1,0,0,0,56,1,SCH0048,Govt. Middle School Gurgaon-48,0
TCH09159,Vikram Reddy,49,Sanskrit,24,11,12,1,0,456,0,SCH0428,Govt. High School Faridabad-428,1
TCH09160,Sanjay Iyer,33,Computer Science,3,1,0,1,1,48,0,SCH0278,Govt. Senior Secondary School Lucknow-278,1
TCH09161,Saroj Aggarwal,58,Hindi,15,2,4,0,0,87,1,SCH0009,Govt. Middle School Gurgaon-9,0
TCH09162,Rekha Kumar,45,Social Science,8,6,6,1,0,54,1,SCH0402,Govt. Middle School Faridabad-402,1
TCH09163,Meena Joshi,32,Mathematics,1,1,0,0,0,160,0,SCH0335,Govt. Primary School Noida-335,0
TCH09164,Radha Naidu,43,English,5,4,1,0,0,143,0,SCH0194,Govt. Middle School Ajmer-194,0
TCH09165,Sanjay Tiwari,34,Chemistry,8,8,1,0,0,450,0,SCH0263,Govt. High School Faridabad-263,0
TCH09166,Sanjay Aggarwal,43,Social Science,2,2,1,0,0,23,1,SCH0098,Govt. High School Agra-98,0
TCH09167,Kamla Menon,28,Geography,2,2,0,1,0,173,0,SCH0346,Govt. Primary School South-346,0
TCH09168,Geeta Tiwari,49,Hindi,21,13,13,0,0,82,0,SCH0118,Govt. Middle School Agra-118,1
TCH09169,Shanti Singh,54,Physical Education,19,1,12,0,1,137,0,SCH0242,Govt. Senior Secondary School Agra-242,1
TCH09170,Naresh Chaudhary,53,Geography,14,14,4,1,0,352,0,SCH0270,Govt. Senior Secondary School Udaipur-270,1
TCH09171,Amit Nair,42,Chemistry,7,7,4,0,0,461,0,SCH0131,Govt. Senior Secondary School New-131,1
TCH09172,Shanti Aggarwal,27,Social Science,4,2,1,0,0,361,0,SCH0398,Govt. Senior Secondary School South-398,0
TCH09173,Vinod Mishra,25,Physical Education,1,1,1,0,1,105,1,SCH0090,Govt. Senior Secondary School Noida-90,0
TCH09174,Pooja Shukla,28,Geography,5,1,3,0,0,48,1,SCH0288,Govt. Primary School Central-288,0
TCH09175,Deepak Menon,50,Physics,9,3,7,0,0,342,0,SCH0484,Govt. Middle School Lucknow-484,0
TCH09176,Priya Chauhan,26,Social Science,2,1,2,0,0,477,0,SCH0176,Govt. Middle School Udaipur-176,0
TCH09177,Usha Bansal,56,Sanskrit,13,6,7,0,0,285,0,SCH0105,Govt. Primary School Ajmer-105,1
TCH09178,Vikas Garg,61,Physics,17,2,13,0,0,389,0,SCH0012,Govt. High School East-12,1
TCH09179,Devika Reddy,42,History,1,1,1,1,0,9,0,SCH0084,Govt. Primary School West-84,0
TCH09180,Saroj Dubey,47,Geography,21,19,3,1,0,114,0,SCH0414,Govt. Senior Secondary School Central-414,1
TCH09181,Mukesh Bansal,45,Computer Science,8,7,3,0,1,308,0,SCH0140,Govt. Primary School Udaipur-140,1
TCH09182,Rajesh Mishra,30,Geography,2,1,2,1,0,278,0,SCH0444,Govt. Senior Secondary School Varanasi-444,1
TCH09183,Ajay Garg,46,Chemistry,1,1,0,1,0,164,0,SCH0219,Govt. Primary School Ajmer-219,0
TCH09184,Ashok Yadav,30,Physics,3,1,0,0,0,424,0,SCH0146,Govt. Middle School Central-146,0
TCH09185,Suresh Bansal,55,Sanskrit,17,15,14,0,0,224,1,SCH0308,Govt. Primary School Varanasi-308,1
TCH09186,Lakshmi Pandey,43,Mathematics,12,3,12,1,0,70,0,SCH0241,Govt. High School Udaipur-241,1
TCH09187,Savita Singh,41,Art,8,5,1,0,0,159,0,SCH0133,Govt. High School East-133,0
TCH09188,Kamla Yadav,49,Mathematics,22,7,10,0,0,78,1,SCH0282,Govt. Middle School East-282,1
TCH09189,Anita Aggarwal,43,Geography,13,13,3,0,0,185,1,SCH0020,Govt. Senior Secondary School Kota-20,1
TCH09190,Seema Kumar,50,History,3,2,3,1,0,175,0,SCH0175,Govt. Middle School Ghaziabad-175,1
TCH09191,Savita Yadav,56,Social Science,28,6,6,1,0,396,0,SCH0261,Govt. Middle School West-261,1
TCH09192,Saroj Reddy,51,Chemistry,26,15,7,0,0,192,0,SCH0146,Govt. Middle School Central-146,1
TCH09193,Naresh Nair,54,Chemistry,29,12,0,0,0,475,0,SCH0342,Govt. Primary School Agra-342,1
TCH09194,Yogesh Pillai,59,History,5,5,1,1,0,391,0,SCH0221,Govt. Middle School Ghaziabad-221,1
TCH09195,Anita Tiwari,48,Biology,19,19,6,1,0,288,0,SCH0313,Govt. Middle School Ajmer-313,1
TCH09196,Pankaj Bhat,53,Science,15,4,13,0,0,337,0,SCH0009,Govt. Middle School Gurgaon-9,1
TCH09197,Priya Garg,32,Sanskrit,7,7,1,1,0,388,0,SCH0235,Govt. Senior Secondary School Faridabad-235,1
TCH09198,Radha Pillai,46,Mathematics,17,7,9,0,0,258,0,SCH0444,Govt. Senior Secondary School Varanasi-444,1
TCH09199,Mahesh Iyer,38,Biology,9,9,9,1,0,358,0,SCH0044,Govt. High School Udaipur-44,1
TCH09200,Anita Gupta,55,Mathematics,10,10,1,0,0,165,0,SCH0465,Govt. Middle School Kota-465,0
TCH09201,Nita Aggarwal,56,History,9,9,3,1,0,447,0,SCH0494,Govt. Primary School West-494,1
TCH09202,Yogesh Singh,43,Physics,8,2,6,1,0,348,0,SCH0134,Govt. Primary School Noida-134,1
TCH09203,Mukesh Bansal,26,Physics,2,1,1,0,0,469,0,SCH0201,Govt. Primary School Bikaner-201,0
TCH09204,Radha Kaur,26,Physics,1,1,0,1,0,290,0,SCH0215,Govt. Middle School Ghaziabad-215,1
TCH09205,Usha Gupta,35,History,11,1,3,0,0,198,1,SCH0001,Govt. Senior Secondary School West-1,0
TCH09206,Harish Chaudhary,49,Mathematics,22,8,12,0,0,329,0,SCH0373,Govt. Senior Secondary School Varanasi-373,1
TCH09207,Suresh Shukla,34,Biology,3,2,2,1,0,158,0,SCH0352,Govt. Middle School Varanasi-352,0
TCH09208,Vinod Tiwari,46,Geography,8,5,0,0,0,263,0,SCH0340,Govt. High School Ajmer-340,0
TCH09209,Pooja Yadav,49,Social Science,10,2,6,0,0,56,1,SCH0455,Govt. Senior Secondary School Ajmer-455,0
TCH09210,Nita Dubey,24,Geography,1,1,1,0,0,185,0,SCH0356,Govt. Senior Secondary School South-356,0
TCH09211,Radha Pillai,32,History,1,1,0,0,0,289,0,SCH0455,Govt. Senior Secondary School Ajmer-455,0
TCH09212,Priya Mittal,60,Social Science,31,11,8,1,0,492,1,SCH0168,Govt. High School Kota-168,1
TCH09213,Priya Reddy,43,Physics,17,2,4,0,0,379,0,SCH0166,Govt. Primary School Bikaner-166,1
TCH09214,Pankaj Chaudhary,27,Sanskrit,3,1,2,1,0,152,1,SCH0401,Govt. Senior Secondary School Varanasi-401,0
TCH09215,Vikas Aggarwal,43,Hindi,17,1,12,1,0,219,1,SCH0363,Govt. Primary School Central-363,1
TCH09216,Usha Joshi,34,Mathematics,2,1,1,0,1,307,0,SCH0249,Govt. Senior Secondary School West-249,1
TCH09217,Mahesh Mittal,46,English,11,6,3,1,0,60,1,SCH0070,Govt. High School Kota-70,1
TCH09218,Devika Chaudhary,56,Science,31,10,11,0,0,479,0,SCH0408,Govt. High School North-408,1
TCH09219,Sunil Pillai,51,English,1,1,0,0,0,230,0,SCH0242,Govt. Senior Secondary School Agra-242,0
TCH09220,Usha Aggarwal,33,Biology,10,2,8,1,0,473,1,SCH0461,Govt. Middle School South-461,1
TCH09221,Rekha Verma,36,Sanskrit,6,6,1,0,0,29,1,SCH0064,Govt. High School Jodhpur-64,0
TCH09222,Usha Verma,56,Sanskrit,15,6,3,0,0,103,1,SCH0067,Govt. Primary School Udaipur-67,1
TCH09223,Geeta Menon,58,Physics,33,8,11,0,0,108,0,SCH0350,Govt. Middle School Jaipur-350,1
TCH09224,Pushpa Chaudhary,41,Physical Education,16,8,4,1,0,158,0,SCH0447,Govt. Middle School East-447,1
TCH09225,Naresh Garg,54,Sanskrit,22,4,8,1,0,16,0,SCH0089,Govt. High School Central-89,1
TCH09226,Harish Aggarwal,47,Science,3,2,1,0,0,333,0,SCH0155,Govt. Primary School Gurgaon-155,0
TCH09227,Pankaj Malhotra,48,Art,11,1,10,0,0,153,0,SCH0323,Govt. Middle School Central-323,0
TCH09228,Kamla Reddy,49,Social Science,22,4,10,1,0,264,1,SCH0128,Govt. High School Bikaner-128,1
TCH09229,Geeta Malhotra,24,Physical Education,1,1,0,1,0,166,1,SCH0294,Govt. Middle School East-294,0
TCH09230,Devika Garg,46,Mathematics,12,8,3,0,0,114,1,SCH0209,Govt. High School Noida-209,1
TCH09231,Naresh Yadav,57,Physics,5,5,0,0,0,494,0,SCH0344,Govt. Middle School Ghaziabad-344,0
TCH09232,Dinesh Mishra,38,Mathematics,15,12,12,1,0,335,0,SCH0263,Govt. High School Faridabad-263,1
TCH09233,Anita Sharma,30,Art,1,1,1,0,0,16,0,SCH0369,Govt. Middle School Central-369,0
TCH09234,Meena Chauhan,30,History,7,7,5,0,0,265,0,SCH0041,Govt. Primary School Faridabad-41,1
TCH09235,Naresh Iyer,47,Physics,12,7,1,0,0,128,0,SCH0296,Govt. Middle School North-296,0
TCH09236,Saroj Reddy,39,Hindi,14,1,6,0,0,73,1,SCH0044,Govt. High School Udaipur-44,0
TCH09237,Vinod Reddy,29,History,1,1,1,0,0,459,0,SCH0001,Govt. Senior Secondary School West-1,0
TCH09238,Shanti Kumar,35,Sanskrit,10,6,3,1,0,288,0,SCH0441,Govt. Senior Secondary School Varanasi-441,1
TCH09239,Pushpa Chauhan,51,Physics,14,13,1,0,1,20,1,SCH0463,Govt. Primary School Jaipur-463,1
TCH09240,Naresh Malhotra,49,Biology,20,11,5,0,0,250,0,SCH0269,Govt. Middle School East-269,1
TCH09241,Nita Shukla,43,Physics,5,1,1,1,0,410,0,SCH0025,Govt. Middle School North-25,1
TCH09242,Meena Verma,51,Hindi,17,9,11,0,1,99,1,SCH0213,Govt. Senior Secondary School Kanpur-213,1
TCH09243,Radha Yadav,37,Social Science,13,2,11,1,0,86,0,SCH0383,Govt. Middle School Gurgaon-383,1
TCH09244,Vinod Yadav,58,Computer Science,34,2,14,0,0,42,1,SCH0156,Govt. Middle School South-156,0
TCH09245,Mahesh Shukla,28,History,3,3,1,0,0,115,0,SCH0305,Govt. Primary School Noida-305,0
TCH09246,Ajay Shukla,35,Physical Education,8,7,4,0,0,144,0,SCH0400,Govt. Senior Secondary School Jodhpur-400,0
TCH09247,Geeta Mishra,41,Science,12,1,3,1,0,66,0,SCH0379,Govt. Primary School New-379,1
TCH09248,Vikram Naidu,43,English,12,5,5,0,0,106,1,SCH0276,Govt. High School South-276,1
TCH09249,Ramesh Dubey,42,Biology,5,2,4,1,0,240,0,SCH0101,Govt. High School Gurgaon-101,1
TCH09250,Pankaj Gupta,29,Biology,6,1,4,1,0,211,0,SCH0348,Govt. Primary School Udaipur-348,1
TCH09251,Sunita Chauhan,50,Hindi,25,16,6,0,0,27,1,SCH0366,Govt. Senior Secondary School East-366,1
TCH09252,Kavita Mittal,33,Biology,3,1,1,1,0,14,0,SCH0430,Govt. Primary School Bikaner-430,0
TCH09253,Seema Garg,41,Physics,1,1,1,0,0,393,0,SCH0155,Govt. Primary School Gurgaon-155,0
TCH09254,Savita Mittal,29,Chemistry,3,1,0,1,0,259,1,SCH0237,Govt. Senior Secondary School East-237,1
TCH09255,Pankaj Mittal,51,English,9,7,8,0,0,433,1,SCH0089,Govt. High School Central-89,1
TCH09256,Geeta Shukla,41,Biology,17,8,10,0,1,253,1,SCH0199,Govt. High School Bikaner-199,1
TCH09257,Ashok Bhat,54,Mathematics,19,6,3,1,0,225,0,SCH0276,Govt. High School South-276,1
TCH09258,Saroj Mittal,37,History,9,7,5,1,0,315,0,SCH0261,Govt. Middle School West-261,1
TCH09259,Ajay Rao,29,Sanskrit,1,1,1,0,0,104,0,SCH0469,Govt. High School Gurgaon-469,0
TCH09260,Mahesh Aggarwal,55,Biology,25,8,0,1,0,64,0,SCH0254,Govt. Primary School Jaipur-254,1
TCH09261,Shanti Iyer,56,Social Science,5,2,3,0,0,434,0,SCH0495,Govt. Senior Secondary School Faridabad-495,0
TCH09262,Vinod Reddy,44,Hindi,15,9,6,0,0,41,1,SCH0351,Govt. High School Ghaziabad-351,1
TCH09263,Vinod Bansal,34,History,5,3,3,1,0,310,0,SCH0482,Govt. Primary School Jaipur-482,1
TCH09264,Usha Kumar,46,Geography,10,6,3,1,0,374,0,SCH0365,Govt. Senior Secondary School Ajmer-365,1
TCH09265,Sanjay Chauhan,60,Physical Education,25,15,3,1,0,84,1,SCH0182,Govt. Senior Secondary School Varanasi-182,1
TCH09266,Mahesh Mittal,40,Sanskrit,3,1,3,0,0,307,0,SCH0236,Govt. Senior Secondary School Jaipur-236,0
TCH09267,Priya Malhotra,60,Art,18,12,2,0,0,389,0,SCH0446,Govt. Middle School Jodhpur-446,1
TCH09268,Mukesh Shukla,26,Biology,1,1,0,0,0,310,0,SCH0123,Govt. Middle School Central-123,0
TCH09269,Devika Rao,40,Social Science,7,4,7,1,0,435,1,SCH0215,Govt. Middle School Ghaziabad-215,1
TCH09270,Mahesh Garg,27,English,2,1,2,1,0,57,0,SCH0013,Govt. High School Kota-13,0
TCH09271,Mukesh Chaudhary,49,Biology,10,1,1,0,0,109,1,SCH0012,Govt. High School East-12,0
TCH09272,Anita Joshi,40,Geography,17,17,9,0,0,224,0,SCH0182,Govt. Senior Secondary School Varanasi-182,1
TCH09273,Dinesh Yadav,43,Social Science,3,1,3,0,0,486,1,SCH0228,Govt. Senior Secondary School Kanpur-228,1
TCH09274,Vikram Pandey,61,Art,8,6,0,0,0,44,0,SCH0046,Govt. Senior Secondary School Ajmer-46,0
TCH09275,Nita Reddy,45,Art,8,1,3,0,0,236,1,SCH0242,Govt. Senior Secondary School Agra-242,1
TCH09276,Sunita Iyer,47,Geography,1,1,1,1,0,311,1,SCH0107,Govt. Middle School Varanasi-107,1
TCH09277,Amit Reddy,34,Physical Education,4,4,0,0,0,176,1,SCH0030,Govt. High School North-30,0
TCH09278,Vikas Garg,61,Social Science,4,4,1,0,1,297,0,SCH0024,Govt. Middle School Central-24,1
TCH09279,Amit Aggarwal,29,Chemistry,3,2,2,0,0,170,0,SCH0379,Govt. Primary School New-379,0
TCH09280,Lakshmi Dubey,57,Physical Education,16,9,11,0,0,171,0,SCH0191,Govt. Middle School Gurgaon-191,1
TCH09281,Meena Mishra,38,Physical Education,13,2,9,0,0,160,0,SCH0260,Govt. High School Lucknow-260,0
TCH09282,Mahesh Pandey,51,Hindi,10,6,4,0,0,13,1,SCH0149,Govt. Primary School Central-149,1
TCH09283,Usha Reddy,43,Computer Science,5,5,2,1,0,485,0,SCH0269,Govt. Middle School East-269,1
TCH09284,Shanti Mishra,50,Physics,24,5,4,1,1,462,0,SCH0217,Govt. Middle School Varanasi-217,1
TCH09285,Pooja Jain,48,Hindi,8,6,6,1,0,86,0,SCH0489,Govt. Senior Secondary School Kanpur-489,1
TCH09286,Deepak Chaudhary,54,Chemistry,7,7,1,1,0,80,0,SCH0443,Govt. High School Udaipur-443,1
TCH09287,Rajesh Garg,31,Mathematics,1,1,0,0,0,207,0,SCH0017,Govt. Primary School Udaipur-17,0
TCH09288,Savita Sharma,37,Sanskrit,12,11,12,1,0,264,0,SCH0134,Govt. Primary School Noida-134,1
TCH09289,Anita Gupta,31,Mathematics,2,2,1,1,0,76,0,SCH0293,Govt. High School Jaipur-293,0
TCH09290,Geeta Bansal,57,Social Science,20,5,8,0,0,476,0,SCH0377,Govt. Middle School Agra-377,1
TCH09291,Shanti Bansal,45,Chemistry,20,1,12,0,0,45,0,SCH0300,Govt. Primary School Central-300,0
TCH09292,Anita Iyer,46,Physical Education,7,1,3,0,0,408,0,SCH0040,Govt. High School Jodhpur-40,0
TCH09293,Ajay Nair,25,Geography,2,2,0,0,0,324,1,SCH0392,Govt. High School South-392,0
TCH09294,Lakshmi Bansal,42,Physics,18,7,4,0,1,263,0,SCH0303,Govt. Middle School Central-303,1
TCH09295,Anita Menon,44,Science,17,15,7,1,0,36,0,SCH0042,Govt. High School Jodhpur-42,1
TCH09296,Ashok Nair,50,Hindi,15,4,12,0,0,93,1,SCH0350,Govt. Middle School Jaipur-350,0
TCH09297,Yogesh Aggarwal,51,Social Science,6,4,5,0,0,446,0,SCH0384,Govt. Middle School Jaipur-384,0
TCH09298,Radha Gupta,30,Social Science,5,1,0,1,0,105,0,SCH0206,Govt. High School Lucknow-206,0
TCH09299,Rekha Rao,24,Biology,1,1,0,0,0,171,1,SCH0374,Govt. Senior Secondary School Bikaner-374,0
TCH09300,Anita Nair,29,Computer Science,3,2,0,1,0,117,1,SCH0218,Govt. Primary School Lucknow-218,0
TCH09301,Pankaj Nair,44,Biology,12,2,12,0,1,241,0,SCH0392,Govt. High School South-392,1
TCH09302,Rajesh Tiwari,34,Physical Education,7,3,2,0,0,426,0,SCH0343,Govt. Senior Secondary School Central-343,0
TCH09303,Anita Chaudhary,35,Chemistry,5,2,1,0,0,483,0,SCH0237,Govt. Senior Secondary School East-237,0
TCH09304,Naresh Menon,29,English,2,1,0,1,0,200,0,SCH0344,Govt. Middle School Ghaziabad-344,0
TCH09305,Saroj Sharma,59,Physical Education,1,1,0,0,0,64,1,SCH0363,Govt. Primary School Central-363,0
TCH09306,Deepak Dubey,59,Chemistry,23,18,12,0,0,414,1,SCH0191,Govt. Middle School Gurgaon-191,1
TCH09307,Ajay Pillai,25,Physics,2,1,1,1,0,210,0,SCH0176,Govt. Middle School Udaipur-176,1
TCH09308,Kamla Reddy,52,Geography,11,3,1,0,0,494,0,SCH0009,Govt. Middle School Gurgaon-9,0
TCH09309,Seema Bhat,38,English,5,5,1,0,0,181,1,SCH0035,Govt. Primary School South-35,0
TCH09310,Ramesh Bhat,55,Hindi,29,3,0,1,1,150,0,SCH0360,Govt. Senior Secondary School Bikaner-360,1
TCH09311,Pooja Pillai,50,Physical Education,6,2,3,1,0,189,1,SCH0002,Govt. Senior Secondary School Kota-2,1
TCH09312,Pushpa Chaudhary,47,Social Science,23,1,5,0,0,228,0,SCH0096,Govt. Senior Secondary School Kanpur-96,1
TCH09313,Priya Pandey,35,Social Science,5,4,1,0,0,165,1,SCH0438,Govt. Primary School Jodhpur-438,0
TCH09314,Mukesh Naidu,37,Hindi,9,8,6,0,1,98,1,SCH0430,Govt. Primary School Bikaner-430,1
TCH09315,Sunil Chaudhary,50,English,8,8,2,0,0,221,1,SCH0320,Govt. Primary School Udaipur-320,1
TCH09316,Meena Gupta,31,Social Science,6,6,5,1,1,404,1,SCH0469,Govt. High School Gurgaon-469,1
TCH09317,Dinesh Gupta,50,Hindi,5,3,1,1,0,366,1,SCH0029,Govt. Primary School Lucknow-29,1
TCH09318,Anita Menon,34,Chemistry,5,3,4,0,0,60,0,SCH0449,Govt. High School Gurgaon-449,0
TCH09319,Amit Joshi,59,Biology,11,7,11,1,0,441,1,SCH0193,Govt. Senior Secondary School West-193,1
TCH09320,Yogesh Garg,59,Hindi,13,1,6,0,0,391,1,SCH0158,Govt. Primary School West-158,1
TCH09321,Devika Pillai,29,Sanskrit,2,1,1,1,0,191,0,SCH0110,Govt. Primary School Bikaner-110,0
TCH09322,Mahesh Chauhan,26,Physical Education,1,1,0,1,0,435,1,SCH0047,Govt. Middle School Agra-47,1
TCH09323,Harish Pandey,40,English,3,3,0,0,0,323,1,SCH0380,Govt. Primary School Agra-380,0
TCH09324,Savita Joshi,41,Sanskrit,3,3,2,0,0,484,0,SCH0134,Govt. Primary School Noida-134,0
TCH09325,Deepak Sharma,27,Hindi,4,1,1,0,0,96,0,SCH0155,Govt. Primary School Gurgaon-155,0
TCH09326,Ajay Tiwari,27,Social Science,2,2,1,1,0,146,0,SCH0168,Govt. High School Kota-168,0
TCH09327,Priya Jain,51,Physical Education,13,8,13,0,0,211,0,SCH0053,Govt. Senior Secondary School Ghaziabad-53,1
TCH09328,Arun Jain,58,Physical Education,20,12,1,0,1,322,0,SCH0448,Govt. Senior Secondary School West-448,1
TCH09329,Harish Rao,36,Computer Science,13,11,8,0,0,238,0,SCH0116,Govt. Middle School East-116,1
TCH09330,Dinesh Gupta,29,History,6,1,1,0,0,465,1,SCH0116,Govt. Middle School East-116,0
TCH09331,Pankaj Chaudhary,35,Social Science,1,1,1,0,0,397,0,SCH0469,Govt. High School Gurgaon-469,0
TCH09332,Pushpa Rao,47,Social Science,6,1,4,1,0,216,0,SCH0474,Govt. Primary School Gurgaon-474,1
TCH09333,Nita Gupta,25,Hindi,2,1,0,0,0,391,0,SCH0049,Govt. Senior Secondary School Agra-49,0
TCH09334,Shanti Gupta,56,History,19,2,13,0,0,462,0,SCH0471,Govt. Middle School Ajmer-471,1
TCH09335,Sanjay Sharma,47,English,16,6,3,0,0,367,0,SCH0346,Govt. Primary School South-346,1
TCH09336,Harish Dubey,43,Hindi,15,15,6,0,0,467,0,SCH0182,Govt. Senior Secondary School Varanasi-182,1
TCH09337,Pankaj Malhotra,30,Physics,2,2,1,0,0,165,0,SCH0137,Govt. Primary School Faridabad-137,0
TCH09338,Anita Dubey,57,Hindi,21,1,14,0,0,415,1,SCH0274,Govt. High School Agra-274,1
TCH09339,Saroj Jain,26,History,2,2,1,1,0,317,0,SCH0487,Govt. High School East-487,1
TCH09340,Sunil Dubey,55,Computer Science,25,1,0,1,0,28,0,SCH0398,Govt. Senior Secondary School South-398,0
TCH09341,Kavita Rao,42,History,1,1,0,1,0,458,1,SCH0086,Govt. High School Jaipur-86,1
TCH09342,Ashok Pandey,38,Geography,9,4,5,1,1,3,0,SCH0309,Govt. Middle School Agra-309,1
TCH09343,Saroj Verma,44,Art,5,3,1,0,0,498,0,SCH0414,Govt. Senior Secondary School Central-414,0
TCH09344,Kamla Joshi,60,Physical Education,15,6,13,0,0,297,1,SCH0296,Govt. Middle School North-296,1
TCH09345,Vikram Jain,54,English,6,3,5,0,0,345,0,SCH0454,Govt. Primary School Faridabad-454,0
TCH09346,Devika Shukla,53,Physics,30,11,13,0,0,254,1,SCH0498,Govt. Primary School Gurgaon-498,1
TCH09347,Kamla Bansal,34,Sanskrit,10,3,5,0,0,102,0,SCH0185,Govt. High School Ajmer-185,0
TCH09348,Naresh Chauhan,46,Physics,16,13,12,0,0,185,0,SCH0057,Govt. Primary School New-57,1
TCH09349,Saroj Patel,47,Hindi,5,3,5,0,1,374,1,SCH0389,Govt. Middle School Gurgaon-389,1
TCH09350,Nita Garg,48,Science,10,2,0,0,0,120,0,SCH0276,Govt. High School South-276,0
TCH09351,Ramesh Joshi,49,History,8,7,4,0,1,399,0,SCH0301,Govt. High School New-301,1
TCH09352,Vikas Gupta,31,History,3,1,0,1,0,111,1,SCH0391,Govt. Primary School West-391,0
TCH09353,Amit Kaur,35,Mathematics,5,3,3,0,1,431,0,SCH0457,Govt. Senior Secondary School Ghaziabad-457,1
TCH09354,Sunil Gupta,31,Sanskrit,2,2,2,1,0,374,0,SCH0101,Govt. High School Gurgaon-101,1
TCH09355,Naresh Yadav,57,Social Science,30,17,6,0,0,157,1,SCH0133,Govt. High School East-133,1
TCH09356,Ajay Bansal,34,English,10,3,8,0,0,441,0,SCH0066,Govt. Middle School Kanpur-66,1
TCH09357,Arun Singh,29,Physical Education,4,3,4,1,0,14,1,SCH0160,Govt. Middle School Faridabad-160,1
TCH09358,Shanti Pillai,36,Biology,7,6,6,0,0,216,1,SCH0312,Govt. Primary School Kanpur-312,1
TCH09359,Geeta Malhotra,39,Sanskrit,1,1,0,1,1,49,0,SCH0382,Govt. Senior Secondary School Jaipur-382,1
TCH09360,Anita Kaur,55,Science,5,3,0,1,0,100,0,SCH0027,Govt. High School Central-27,0
TCH09361,Vikram Nair,45,Physics,18,8,5,0,0,107,0,SCH0089,Govt. High School Central-89,1
TCH09362,Mukesh Mittal,43,Hindi,20,13,7,0,0,49,0,SCH0080,Govt. Primary School Jaipur-80,1
TCH09363,Anita Gupta,48,Social Science,10,7,1,0,0,476,0,SCH0152,Govt. Middle School Agra-152,1
TCH09364,Lakshmi Gupta,24,Hindi,1,1,0,0,0,370,0,SCH0371,Govt. Primary School Ghaziabad-371,0
TCH09365,Anita Pandey,46,Computer Science,6,5,3,1,0,417,0,SCH0128,Govt. High School Bikaner-128,1
TCH09366,Shanti Yadav,25,Sanskrit,2,2,1,0,0,391,0,SCH0183,Govt. Senior Secondary School Jodhpur-183,0
TCH09367,Vikram Pandey,52,Hindi,8,8,2,1,0,273,0,SCH0028,Govt. High School Varanasi-28,1
TCH09368,Sanjay Verma,60,Art,29,2,3,0,0,362,0,SCH0020,Govt. Senior Secondary School Kota-20,1
TCH09369,Vinod Sharma,37,Biology,14,14,5,0,0,305,1,SCH0158,Govt. Primary School West-158,1
TCH09370,Sunil Gupta,37,Computer Science,3,2,3,1,0,118,1,SCH0226,Govt. Senior Secondary School Kanpur-226,1
TCH09371,Suresh Mittal,49,Mathematics,5,5,0,1,0,269,1,SCH0365,Govt. Senior Secondary School Ajmer-365,1
TCH09372,Pankaj Dubey,30,Geography,7,3,7,0,0,150,0,SCH0316,Govt. Senior Secondary School South-316,0
TCH09373,Rekha Naidu,40,Art,2,2,1,0,0,260,0,SCH0282,Govt. Middle School East-282,0
TCH09374,Ashok Chauhan,43,Chemistry,11,2,6,0,0,72,0,SCH0161,Govt. Middle School Kanpur-161,0
TCH09375,Radha Mishra,59,Physical Education,27,15,7,1,0,396,0,SCH0380,Govt. Primary School Agra-380,1
TCH09376,Rekha Pandey,45,Social Science,18,11,5,1,1,197,0,SCH0410,Govt. Senior Secondary School South-410,1
TCH09377,Devika Kaur,40,English,2,1,1,1,0,331,1,SCH0062,Govt. High School North-62,1
TCH09378,Anita Singh,38,English,12,10,10,1,0,424,0,SCH0306,Govt. Primary School Ghaziabad-306,1
TCH09379,Saroj Garg,40,Geography,4,3,1,0,0,138,0,SCH0209,Govt. High School Noida-209,0
TCH09380,Usha Kumar,55,Mathematics,18,14,7,0,0,5,0,SCH0137,Govt. Primary School Faridabad-137,1
TCH09381,Rekha Naidu,59,Science,16,15,5,0,1,228,0,SCH0214,Govt. High School East-214,1
TCH09382,Saroj Jain,29,Physical Education,3,3,1,0,0,300,0,SCH0479,Govt. Middle School Agra-479,0
TCH09383,Suresh Sharma,48,Chemistry,9,5,8,1,0,150,0,SCH0412,Govt. Primary School Central-412,1
TCH09384,Suresh Jain,49,Physical Education,15,5,7,0,0,195,0,SCH0498,Govt. Primary School Gurgaon-498,1
TCH09385,Naresh Reddy,45,Chemistry,12,1,7,0,0,212,1,SCH0384,Govt. Middle School Jaipur-384,1
TCH09386,Saroj Gupta,56,Mathematics,33,14,4,1,1,398,0,SCH0354,Govt. Middle School North-354,1
TCH09387,Kamla Reddy,51,English,4,3,3,0,0,141,1,SCH0031,Govt. Senior Secondary School East-31,0
TCH09388,Mahesh Kumar,28,Art,1,1,0,0,0,439,1,SCH0082,Govt. Primary School West-82,0
TCH09389,Kavita Shukla,41,History,5,5,3,1,0,345,1,SCH0379,Govt. Primary School New-379,1
TCH09390,Pankaj Bansal,55,History,10,6,3,0,0,30,0,SCH0073,Govt. High School Central-73,1
TCH09391,Deepak Kumar,30,Computer Science,7,5,5,1,0,216,1,SCH0474,Govt. Primary School Gurgaon-474,1
TCH09392,Pushpa Dubey,55,Computer Science,5,3,3,1,1,129,1,SCH0043,Govt. Senior Secondary School Ajmer-43,1
TCH09393,Arun Reddy,56,Art,27,19,8,0,0,352,1,SCH0206,Govt. High School Lucknow-206,1
TCH09394,Saroj Pillai,24,Art,1,1,1,1,0,69,0,SCH0196,Govt. Middle School Jaipur-196,0
TCH09395,Meena Sharma,48,History,23,5,9,0,0,468,0,SCH0196,Govt. Middle School Jaipur-196,1
TCH09396,Seema Rao,58,Geography,10,10,6,1,0,327,0,SCH0100,Govt. Senior Secondary School Gurgaon-100,1
TCH09397,Anita Kaur,33,Mathematics,10,6,1,0,0,113,0,SCH0410,Govt. Senior Secondary School South-410,0
TCH09398,Dinesh Pillai,47,Hindi,6,1,5,0,1,416,0,SCH0006,Govt. Senior Secondary School West-6,1
TCH09399,Dinesh Rao,42,English,10,3,8,0,0,405,0,SCH0072,Govt. Middle School Udaipur-72,1
TCH09400,Deepak Menon,43,Computer Science,4,3,0,0,0,394,0,SCH0390,Govt. Middle School Lucknow-390,0
TCH09401,Sunita Bhat,50,Hindi,4,3,2,1,0,147,0,SCH0234,Govt. High School Agra-234,0
TCH09402,Meena Sharma,29,Mathematics,5,4,0,0,0,83,0,SCH0081,Govt. High School Gurgaon-81,0
TCH09403,Savita Jain,54,Sanskrit,26,2,12,1,0,33,0,SCH0492,Govt. High School Lucknow-492,1
TCH09404,Devika Pandey,32,Geography,5,3,0,0,0,472,0,SCH0137,Govt. Primary School Faridabad-137,0
TCH09405,Deepak Tiwari,51,Art,3,2,0,1,0,418,0,SCH0253,Govt. Middle School Gurgaon-253,1
TCH09406,Devika Chauhan,60,Science,10,8,3,0,1,263,0,SCH0098,Govt. High School Agra-98,1
TCH09407,Saroj Dubey,47,Science,12,11,0,0,0,227,1,SCH0075,Govt. Middle School Varanasi-75,1
TCH09408,Usha Patel,59,Physical Education,13,3,4,0,0,266,1,SCH0152,Govt. Middle School Agra-152,1
TCH09409,Amit Pandey,35,Computer Science,11,1,10,0,0,341,1,SCH0416,Govt. Primary School Faridabad-416,1
TCH09410,Priya Bhat,47,English,13,8,4,0,0,389,0,SCH0263,Govt. High School Faridabad-263,1
TCH09411,Kamla Shukla,45,Mathematics,15,5,7,0,0,114,0,SCH0468,Govt. Primary School South-468,1
TCH09412,Naresh Verma,35,Social Science,5,3,4,1,0,221,0,SCH0413,Govt. High School Ajmer-413,1
TCH09413,Priya Patel,57,Art,26,2,10,1,0,35,0,SCH0283,Govt. Primary School New-283,1
TCH09414,Pooja Tiwari,50,Mathematics,26,3,10,0,1,271,1,SCH0479,Govt. Middle School Agra-479,1
TCH09415,Dinesh Garg,32,Social Science,6,5,3,1,0,73,0,SCH0215,Govt. Middle School Ghaziabad-215,1
TCH09416,Mukesh Tiwari,55,Biology,24,17,11,0,0,234,1,SCH0454,Govt. Primary School Faridabad-454,1
TCH09417,Lakshmi Bhat,60,Geography,12,1,10,0,0,37,1,SCH0489,Govt. Senior Secondary School Kanpur-489,0
TCH09418,Usha Verma,50,Physical Education,10,10,5,1,0,107,0,SCH0495,Govt. Senior Secondary School Faridabad-495,1
TCH09419,Priya Tiwari,52,Sanskrit,18,13,5,1,0,345,0,SCH0297,Govt. Middle School East-297,1
TCH09420,Harish Kaur,42,Geography,10,6,1,0,0,443,1,SCH0043,Govt. Senior Secondary School Ajmer-43,1
TCH09421,Usha Chaudhary,60,Chemistry,22,13,9,0,0,214,0,SCH0259,Govt. Primary School North-259,1
TCH09422,Mahesh Yadav,46,Mathematics,11,6,11,1,0,499,0,SCH0494,Govt. Primary School West-494,1
TCH09423,Naresh Pandey,52,Computer Science,2,1,1,0,0,267,0,SCH0049,Govt. Senior Secondary School Agra-49,0
TCH09424,Dinesh Chaudhary,50,Art,8,3,4,0,0,317,0,SCH0431,Govt. High School Bikaner-431,0
TCH09425,Ramesh Nair,43,History,14,9,7,1,0,360,0,SCH0069,Govt. Primary School West-69,1
TCH09426,Kamla Nair,25,History,2,2,2,0,0,347,0,SCH0252,Govt. Primary School Gurgaon-252,0
TCH09427,Naresh Dubey,54,Chemistry,2,1,0,0,0,299,1,SCH0227,Govt. Senior Secondary School Lucknow-227,0
TCH09428,Saroj Iyer,39,Sanskrit,5,5,2,0,0,270,0,SCH0357,Govt. Senior Secondary School Ghaziabad-357,0
TCH09429,Vikram Yadav,59,Chemistry,14,4,10,0,0,389,0,SCH0122,Govt. High School Ghaziabad-122,1
TCH09430,Sunita Chaudhary,45,Computer Science,22,4,10,0,0,335,1,SCH0338,Govt. Primary School Faridabad-338,1
TCH09431,Deepak Bansal,58,Geography,9,9,9,1,0,293,0,SCH0066,Govt. Middle School Kanpur-66,1
TCH09432,Anita Singh,46,Art,22,10,5,0,0,250,1,SCH0012,Govt. High School East-12,1
TCH09433,Sanjay Menon,53,Chemistry,23,5,1,1,0,421,0,SCH0373,Govt. Senior Secondary School Varanasi-373,1
TCH09434,Seema Rao,41,Sanskrit,8,4,5,0,0,118,0,SCH0005,Govt. Primary School New-5,0
TCH09435,Seema Naidu,52,Art,5,3,5,0,0,350,1,SCH0302,Govt. Senior Secondary School Ghaziabad-302,1
TCH09436,Anita Malhotra,48,Geography,16,2,12,1,0,101,0,SCH0229,Govt. High School Agra-229,1
TCH09437,Rajesh Yadav,26,History,1,1,0,1,0,7,1,SCH0316,Govt. Senior Secondary School South-316,0
TCH09438,Nita Pandey,34,Science,2,1,2,1,0,234,0,SCH0009,Govt. Middle School Gurgaon-9,1
TCH09439,Mahesh Garg,29,History,1,1,0,0,0,28,0,SCH0390,Govt. Middle School Lucknow-390,0
TCH09440,Ashok Kaur,45,Hindi,17,8,2,0,0,67,0,SCH0301,Govt. High School New-301,0
TCH09441,Arun Bhat,47,Geography,12,11,12,0,0,89,1,SCH0287,Govt. Middle School Gurgaon-287,1
TCH09442,Rekha Gupta,50,Geography,23,10,5,1,0,468,1,SCH0149,Govt. Primary School Central-149,1
TCH09443,Kavita Tiwari,61,Biology,6,1,5,0,1,230,0,SCH0365,Govt. Senior Secondary School Ajmer-365,1
TCH09444,Vikas Kaur,50,Mathematics,7,5,4,0,0,62,0,SCH0415,Govt. Middle School East-415,0
TCH09445,Shanti Mishra,49,Social Science,5,4,3,0,0,451,0,SCH0491,Govt. Senior Secondary School Central-491,0
TCH09446,Deepak Menon,28,Hindi,1,1,0,1,0,64,0,SCH0226,Govt. Senior Secondary School Kanpur-226,0
TCH09447,Dinesh Mittal,28,Science,2,2,1,0,0,59,0,SCH0302,Govt. Senior Secondary School Ghaziabad-302,0
TCH09448,Pankaj Rao,38,Hindi,2,1,2,0,0,193,0,SCH0491,Govt. Senior Secondary School Central-491,0
TCH09449,Sunita Bansal,58,Geography,11,10,1,0,0,246,0,SCH0328,Govt. Primary School New-328,1
TCH09450,Ramesh Kumar,61,Computer Science,29,4,12,1,0,232,0,SCH0170,Govt. Primary School Kanpur-170,1
TCH09451,Lakshmi Rao,41,Mathematics,6,4,3,0,1,358,0,SCH0374,Govt. Senior Secondary School Bikaner-374,1
TCH09452,Devika Tiwari,45,Sanskrit,20,16,9,0,0,259,0,SCH0414,Govt. Senior Secondary School Central-414,1
TCH09453,Kamla Shukla,57,Sanskrit,18,1,0,1,0,266,0,SCH0262,Govt. High School Jodhpur-262,1
TCH09454,Kamla Kaur,31,Art,4,2,2,1,0,401,0,SCH0321,Govt. Primary School West-321,1
TCH09455,Usha Shukla,27,Physical Education,4,3,1,0,0,300,0,SCH0212,Govt. Middle School Ghaziabad-212,0
TCH09456,Meena Pillai,56,English,5,2,5,1,1,302,1,SCH0339,Govt. Middle School Kota-339,1
TCH09457,Sunil Naidu,54,English,9,8,8,0,0,49,1,SCH0189,Govt. Senior Secondary School Noida-189,1
TCH09458,Arun Nair,25,English,1,1,1,1,0,131,1,SCH0447,Govt. Middle School East-447,0
TCH09459,Sunil Mittal,30,Mathematics,7,6,3,1,0,126,0,SCH0368,Govt. Middle School Varanasi-368,1
TCH09460,Kavita Nair,30,Hindi,5,2,4,0,0,76,0,SCH0390,Govt. Middle School Lucknow-390,0
TCH09461,Geeta Dubey,50,Hindi,5,3,5,0,0,236,0,SCH0079,Govt. Senior Secondary School North-79,0
TCH09462,Radha Mittal,53,History,23,8,11,0,0,479,0,SCH0022,Govt. Primary School New-22,1
TCH09463,Usha Chaudhary,44,History,20,15,12,0,0,67,1,SCH0264,Govt. Primary School Udaipur-264,1
TCH09464,Rekha Naidu,42,Sanskrit,14,3,12,0,0,449,1,SCH0373,Govt. Senior Secondary School Varanasi-373,1
TCH09465,Pushpa Jain,53,Chemistry,25,4,4,0,0,112,0,SCH0217,Govt. Middle School Varanasi-217,0
TCH09466,Pushpa Nair,29,Mathematics,5,4,4,0,0,481,1,SCH0328,Govt. Primary School New-328,1
TCH09467,Lakshmi Tiwari,52,Physics,26,3,10,0,1,35,0,SCH0313,Govt. Middle School Ajmer-313,1
TCH09468,Devika Mishra,36,Biology,7,3,2,0,0,354,1,SCH0411,Govt. Middle School New-411,0
TCH09469,Seema Kaur,24,Social Science,1,1,0,0,0,258,0,SCH0499,Govt. Senior Secondary School East-499,0
TCH09470,Ashok Bansal,50,Geography,14,2,10,0,0,481,0,SCH0295,Govt. Middle School New-295,1
TCH09471,Usha Kumar,29,Science,1,1,1,1,0,291,1,SCH0244,Govt. Senior Secondary School Agra-244,1
TCH09472,Dinesh Reddy,31,Hindi,7,1,2,0,0,100,1,SCH0119,Govt. Middle School Noida-119,0
TCH09473,Mukesh Pandey,57,Physics,13,2,10,0,0,306,0,SCH0042,Govt. High School Jodhpur-42,1
TCH09474,Usha Iyer,46,Computer Science,13,8,0,1,0,272,0,SCH0351,Govt. High School Ghaziabad-351,1
TCH09475,Harish Bhat,52,Geography,22,11,1,0,0,160,0,SCH0082,Govt. Primary School West-82,0
TCH09476,Seema Menon,29,Physical Education,3,2,3,0,1,306,0,SCH0251,Govt. Primary School New-251,1
TCH09477,Seema Gupta,57,Computer Science,1,1,0,0,0,169,0,SCH0235,Govt. Senior Secondary School Faridabad-235,0
TCH09478,Vinod Nair,36,Chemistry,6,6,1,0,0,183,0,SCH0033,Govt. Primary School Jodhpur-33,0
TCH09479,Arun Chaudhary,38,Biology,7,2,7,0,0,109,1,SCH0351,Govt. High School Ghaziabad-351,0
TCH09480,Kavita Bansal,54,Physical Education,15,5,7,0,0,60,0,SCH0166,Govt. Primary School Bikaner-166,1
TCH09481,Kavita Aggarwal,48,Geography,17,13,9,0,0,364,0,SCH0334,Govt. Middle School Faridabad-334,1
TCH09482,Pushpa Chaudhary,32,Social Science,3,2,2,0,0,71,0,SCH0317,Govt. Middle School Jodhpur-317,0
TCH09483,Ramesh Tiwari,44,Geography,12,6,7,0,0,333,0,SCH0172,Govt. Senior Secondary School North-172,1
TCH09484,Dinesh Aggarwal,52,Physics,17,6,14,0,0,52,1,SCH0209,Govt. High School Noida-209,1
TCH09485,Dinesh Malhotra,34,Computer Science,8,1,5,0,0,254,0,SCH0037,Govt. High School Jaipur-37,0
TCH09486,Rekha Mittal,41,Science,18,2,14,0,0,46,0,SCH0224,Govt. Primary School South-224,0
TCH09487,Lakshmi Chauhan,38,History,12,9,12,0,0,497,1,SCH0314,Govt. Primary School Udaipur-314,1
TCH09488,Radha Mishra,47,Physical Education,15,10,13,1,0,303,0,SCH0307,Govt. Middle School Kanpur-307,1
TCH09489,Sunita Pillai,24,Hindi,1,1,1,0,0,402,0,SCH0005,Govt. Primary School New-5,0
TCH09490,Harish Bansal,46,English,15,10,8,1,0,474,0,SCH0180,Govt. Senior Secondary School Lucknow-180,1
TCH09491,Kavita Shukla,51,Art,24,5,1,0,0,476,1,SCH0032,Govt. High School Jodhpur-32,1
TCH09492,Amit Gupta,61,Art,1,1,1,0,0,166,1,SCH0099,Govt. Senior Secondary School Faridabad-99,0
TCH09493,Ashok Pillai,56,Biology,12,9,6,1,1,219,0,SCH0378,Govt. High School Udaipur-378,1
TCH09494,Meena Patel,49,Social Science,24,5,11,1,0,270,0,SCH0334,Govt. Middle School Faridabad-334,1
TCH09495,Deepak Nair,43,Social Science,16,12,10,1,0,296,0,SCH0075,Govt. Middle School Varanasi-75,1
TCH09496,Sunil Aggarwal,25,Physical Education,2,2,2,1,0,57,1,SCH0389,Govt. Middle School Gurgaon-389,0
TCH09497,Rekha Malhotra,46,Computer Science,14,7,9,0,1,433,0,SCH0111,Govt. Senior Secondary School Gurgaon-111,1
TCH09498,Arun Rao,48,Chemistry,20,18,6,0,0,373,1,SCH0308,Govt. Primary School Varanasi-308,1
TCH09499,Devika Verma,61,Geography,12,9,10,0,0,162,1,SCH0211,Govt. Middle School North-211,1
TCH09500,Kamla Malhotra,44,Social Science,21,13,4,1,0,30,1,SCH0322,Govt. High School Central-322,1
TCH09501,Sunita Gupta,55,Art,30,6,1,0,0,331,0,SCH0224,Govt. Primary School South-224,1
TCH09502,Harish Verma,51,Social Science,28,17,14,1,0,161,0,SCH0325,Govt. Primary School Udaipur-325,1
TCH09503,Nita Yadav,35,Social Science,2,1,2,0,1,133,0,SCH0005,Govt. Primary School New-5,0
TCH09504,Rajesh Gupta,47,Sanskrit,5,2,1,1,0,362,0,SCH0284,Govt. Primary School Bikaner-284,1
TCH09505,Usha Garg,37,Hindi,12,1,7,1,1,39,0,SCH0438,Govt. Primary School Jodhpur-438,1
TCH09506,Geeta Dubey,26,Art,2,2,2,0,0,244,1,SCH0225,Govt. Primary School Agra-225,0
TCH09507,Kamla Shukla,54,Chemistry,6,2,4,0,0,267,0,SCH0452,Govt. High School Noida-452,0
TCH09508,Pushpa Singh,30,Physics,7,7,7,1,1,276,0,SCH0383,Govt. Middle School Gurgaon-383,1
TCH09509,Mahesh Tiwari,30,Chemistry,5,3,4,1,0,242,0,SCH0168,Govt. High School Kota-168,1
TCH09510,Priya Dubey,47,Hindi,22,11,2,0,1,375,0,SCH0451,Govt. Senior Secondary School Kanpur-451,1
TCH09511,Meena Mittal,41,Chemistry,12,10,7,0,0,491,0,SCH0300,Govt. Primary School Central-300,1
TCH09512,Saroj Mittal,27,Chemistry,2,2,1,1,0,169,1,SCH0021,Govt. Middle School Faridabad-21,0
TCH09513,Seema Jain,49,Physical Education,20,13,11,1,0,132,0,SCH0249,Govt. Senior Secondary School West-249,1
TCH09514,Lakshmi Reddy,61,Physical Education,23,16,2,0,0,142,0,SCH0423,Govt. Senior Secondary School Lucknow-423,0
TCH09515,Pushpa Kumar,51,Mathematics,10,1,7,0,0,338,1,SCH0071,Govt. Middle School Bikaner-71,1
TCH09516,Usha Kaur,48,Hindi,20,6,10,0,1,285,0,SCH0323,Govt. Middle School Central-323,1
TCH09517,Rekha Iyer,34,Geography,1,1,1,0,0,377,1,SCH0203,Govt. Primary School Kanpur-203,0
TCH09518,Suresh Iyer,27,Physical Education,3,2,1,1,0,291,0,SCH0033,Govt. Primary School Jodhpur-33,1
TCH09519,Kamla Bansal,61,Physics,2,1,2,0,0,24,0,SCH0079,Govt. Senior Secondary School North-79,0
TCH09520,Yogesh Kaur,32,Computer Science,1,1,1,0,0,356,0,SCH0210,Govt. Middle School West-210,0
TCH09521,Meena Aggarwal,28,History,5,3,5,1,1,495,0,SCH0474,Govt. Primary School Gurgaon-474,1
TCH09522,Amit Patel,46,Science,16,1,6,1,0,326,0,SCH0187,Govt. Senior Secondary School Lucknow-187,1
TCH09523,Dinesh Pandey,33,Physical Education,5,3,5,0,0,250,0,SCH0451,Govt. Senior Secondary School Kanpur-451,0
TCH09524,Nita Menon,58,Hindi,3,3,1,0,0,429,0,SCH0454,Govt. Primary School Faridabad-454,0
TCH09525,Priya Naidu,46,Biology,20,1,5,0,1,345,0,SCH0441,Govt. Senior Secondary School Varanasi-441,1
TCH09526,Usha Garg,54,Physics,6,1,2,0,0,176,0,SCH0233,Govt. Primary School Jodhpur-233,0
TCH09527,Deepak Gupta,47,English,14,3,8,0,0,491,1,SCH0282,Govt. Middle School East-282,1
TCH09528,Pooja Chaudhary,60,Social Science,1,1,0,0,0,272,0,SCH0198,Govt. Senior Secondary School Varanasi-198,0
TCH09529,Ajay Dubey,24,Chemistry,1,1,1,0,0,403,0,SCH0112,Govt. Primary School Bikaner-112,0
TCH09530,Harish Tiwari,40,Social Science,8,8,6,1,0,400,0,SCH0245,Govt. Senior Secondary School Bikaner-245,1
TCH09531,Lakshmi Sharma,47,Biology,1,1,0,0,1,287,1,SCH0384,Govt. Middle School Jaipur-384,1
TCH09532,Saroj Malhotra,45,Sanskrit,15,4,9,0,0,489,1,SCH0288,Govt. Primary School Central-288,1
TCH09533,Mukesh Bansal,39,Physics,15,9,11,0,0,212,1,SCH0012,Govt. High School East-12,1
TCH09534,Vikas Bhat,39,Geography,14,10,7,0,0,51,0,SCH0043,Govt. Senior Secondary School Ajmer-43,1
TCH09535,Suresh Iyer,39,History,10,10,7,0,0,128,0,SCH0481,Govt. Senior Secondary School Jaipur-481,1
TCH09536,Savita Rao,57,Physics,25,1,8,0,0,139,1,SCH0034,Govt. Middle School Varanasi-34,0
TCH09537,Vikram Kumar,50,Geography,24,7,9,0,0,253,1,SCH0190,Govt. High School Gurgaon-190,1
TCH09538,Seema Joshi,48,Science,5,3,3,0,0,93,1,SCH0347,Govt. Senior Secondary School Ghaziabad-347,0
TCH09539,Rekha Iyer,54,Art,5,2,4,0,0,198,0,SCH0407,Govt. Senior Secondary School South-407,0
TCH09540,Usha Yadav,59,Computer Science,32,10,3,0,0,232,1,SCH0085,Govt. Middle School Udaipur-85,1
TCH09541,Radha Jain,35,Social Science,1,1,1,0,0,491,0,SCH0052,Govt. Middle School Lucknow-52,0
TCH09542,Sunil Patel,30,History,6,2,1,1,1,436,0,SCH0318,Govt. Middle School Kanpur-318,1
TCH09543,Geeta Nair,60,Art,11,5,3,0,0,34,0,SCH0389,Govt. Middle School Gurgaon-389,1
TCH09544,Usha Naidu,36,Geography,4,1,3,1,0,41,0,SCH0330,Govt. High School Varanasi-330,1
TCH09545,Seema Chauhan,50,Biology,3,1,1,0,0,153,0,SCH0244,Govt. Senior Secondary School Agra-244,0
TCH09546,Dinesh Shukla,52,Art,23,2,5,1,0,122,1,SCH0223,Govt. Middle School Gurgaon-223,1
TCH09547,Anita Mittal,60,Mathematics,9,3,4,0,0,16,1,SCH0164,Govt. Senior Secondary School Agra-164,0
TCH09548,Priya Dubey,29,Physics,3,2,0,0,0,306,1,SCH0247,Govt. High School New-247,0
TCH09549,Saroj Tiwari,25,Computer Science,2,1,0,0,0,384,1,SCH0156,Govt. Middle School South-156,0
TCH09550,Nita Reddy,30,Sanskrit,2,2,1,1,0,250,0,SCH0407,Govt. Senior Secondary School South-407,1
TCH09551,Ramesh Malhotra,38,Chemistry,6,4,1,1,0,440,0,SCH0157,Govt. Senior Secondary School Jodhpur-157,1
TCH09552,Mukesh Naidu,47,Biology,19,12,4,1,0,472,0,SCH0275,Govt. Primary School East-275,1
TCH09553,Usha Garg,26,Chemistry,2,1,1,0,0,167,0,SCH0053,Govt. Senior Secondary School Ghaziabad-53,0
TCH09554,Vikas Patel,31,English,1,1,1,1,0,139,0,SCH0410,Govt. Senior Secondary School South-410,0
TCH09555,Rajesh Bansal,54,Geography,15,8,10,1,1,239,1,SCH0372,Govt. High School Lucknow-372,1
TCH09556,Saroj Garg,52,Mathematics,27,11,0,1,0,19,1,SCH0137,Govt. Primary School Faridabad-137,1
TCH09557,Lakshmi Bhat,55,Hindi,21,5,10,0,0,75,1,SCH0250,Govt. High School Kanpur-250,1
TCH09558,Kavita Dubey,55,Hindi,7,5,2,1,0,414,0,SCH0153,Govt. Primary School Ghaziabad-153,1
TCH09559,Anita Chauhan,36,Biology,4,3,2,1,1,403,1,SCH0185,Govt. High School Ajmer-185,1
TCH09560,Sunita Naidu,53,Mathematics,6,1,6,1,0,401,0,SCH0064,Govt. High School Jodhpur-64,1
TCH09561,Kavita Pandey,26,Computer Science,3,2,3,1,0,136,0,SCH0057,Govt. Primary School New-57,1
TCH09562,Savita Chauhan,48,Sanskrit,21,13,9,1,0,268,1,SCH0130,Govt. High School East-130,1
TCH09563,Vinod Iyer,60,Social Science,12,11,3,1,0,231,1,SCH0118,Govt. Middle School Agra-118,1
TCH09564,Vikram Bansal,30,Computer Science,6,2,1,0,0,185,0,SCH0124,Govt. High School Ghaziabad-124,0
TCH09565,Sunil Rao,55,English,17,16,9,1,0,137,0,SCH0135,Govt. Middle School Central-135,1
TCH09566,Dinesh Dubey,44,Biology,5,1,0,0,0,143,0,SCH0089,Govt. High School Central-89,0
TCH09567,Harish Pandey,27,Chemistry,1,1,0,0,0,205,0,SCH0493,Govt. High School Jaipur-493,0
TCH09568,Suresh Mishra,35,Physics,11,8,1,0,0,385,0,SCH0131,Govt. Senior Secondary School New-131,1
TCH09569,Pushpa Joshi,55,Science,2,2,1,0,0,401,1,SCH0139,Govt. Senior Secondary School Ajmer-139,0
TCH09570,Sunil Pandey,37,Computer Science,4,1,0,0,0,45,0,SCH0202,Govt. High School West-202,0
TCH09571,Savita Yadav,46,Geography,9,4,1,0,0,17,1,SCH0192,Govt. High School Faridabad-192,0
TCH09572,Ashok Kumar,61,Hindi,28,18,14,0,0,317,0,SCH0341,Govt. High School Gurgaon-341,1
TCH09573,Meena Menon,48,Physics,5,2,1,0,1,205,0,SCH0441,Govt. Senior Secondary School Varanasi-441,1
TCH09574,Shanti Dubey,37,History,4,3,1,1,0,336,1,SCH0495,Govt. Senior Secondary School Faridabad-495,1
TCH09575,Anita Aggarwal,34,Sanskrit,7,3,3,1,1,150,1,SCH0010,Govt. Primary School West-10,1
TCH09576,Pushpa Kaur,36,Geography,8,3,7,0,0,216,0,SCH0177,Govt. Senior Secondary School Agra-177,0
TCH09577,Pushpa Dubey,50,History,12,3,8,0,0,401,1,SCH0155,Govt. Primary School Gurgaon-155,1
TCH09578,Pankaj Shukla,55,Mathematics,4,4,4,0,0,66,0,SCH0051,Govt. Middle School Udaipur-51,0
TCH09579,Kamla Malhotra,25,Social Science,1,1,0,1,0,89,1,SCH0080,Govt. Primary School Jaipur-80,0
TCH09580,Kavita Malhotra,54,Hindi,27,13,14,0,0,58,0,SCH0322,Govt. High School Central-322,1
TCH09581,Arun Mishra,61,Hindi,26,15,3,0,1,216,0,SCH0211,Govt. Middle School North-211,1
TCH09582,Rekha Chauhan,41,Mathematics,17,1,13,0,1,280,0,SCH0380,Govt. Primary School Agra-380,1
TCH09583,Priya Chauhan,41,Science,14,3,1,0,0,227,1,SCH0154,Govt. Middle School Lucknow-154,0
TCH09584,Lakshmi Aggarwal,57,Geography,13,10,3,0,0,214,0,SCH0129,Govt. Senior Secondary School Ghaziabad-129,1
TCH09585,Yogesh Reddy,46,Physical Education,3,3,2,0,1,32,1,SCH0500,Govt. Middle School Varanasi-500,0
TCH09586,Mahesh Kaur,32,Biology,5,5,4,0,0,292,0,SCH0050,Govt. Senior Secondary School Ajmer-50,1
TCH09587,Anita Rao,56,Physical Education,3,2,2,0,0,203,1,SCH0343,Govt. Senior Secondary School Central-343,0
TCH09588,Geeta Joshi,32,Science,2,1,1,0,0,85,0,SCH0415,Govt. Middle School East-415,0
TCH09589,Dinesh Bhat,26,Physics,1,1,1,0,0,405,0,SCH0285,Govt. Middle School Kanpur-285,0
TCH09590,Usha Verma,55,History,14,2,3,0,0,231,0,SCH0293,Govt. High School Jaipur-293,1
TCH09591,Nita Rao,59,Social Science,12,12,1,0,0,477,0,SCH0365,Govt. Senior Secondary School Ajmer-365,1
TCH09592,Lakshmi Verma,60,Science,21,1,9,0,0,484,1,SCH0191,Govt. Middle School Gurgaon-191,1
TCH09593,Priya Yadav,61,Geography,30,17,3,0,0,132,0,SCH0237,Govt. Senior Secondary School East-237,1
TCH09594,Naresh Singh,51,Mathematics,10,6,3,0,0,44,1,SCH0423,Govt. Senior Secondary School Lucknow-423,1
TCH09595,Savita Dubey,58,Geography,16,1,6,0,0,225,1,SCH0040,Govt. High School Jodhpur-40,1
TCH09596,Priya Naidu,28,Sanskrit,4,3,0,1,0,439,1,SCH0348,Govt. Primary School Udaipur-348,1
TCH09597,Suresh Chauhan,38,Physical Education,2,1,1,1,0,487,1,SCH0021,Govt. Middle School Faridabad-21,1
TCH09598,Naresh Chauhan,53,Geography,1,1,0,1,0,55,0,SCH0019,Govt. Senior Secondary School Bikaner-19,0
TCH09599,Seema Pillai,37,Mathematics,7,7,7,0,0,220,0,SCH0405,Govt. Middle School Lucknow-405,1
TCH09600,Sunil Chaudhary,42,Physical Education,2,2,1,0,0,385,1,SCH0251,Govt. Primary School New-251,0
TCH09601,Pooja Nair,36,Physics,8,1,5,1,0,74,0,SCH0306,Govt. Primary School Ghaziabad-306,1
TCH09602,Suresh Shukla,57,Physical Education,3,2,0,0,0,413,1,SCH0161,Govt. Middle School Kanpur-161,0
TCH09603,Kavita Kaur,50,Art,18,12,11,0,1,148,1,SCH0080,Govt. Primary School Jaipur-80,1
TCH09604,Anita Aggarwal,33,Art,9,8,4,0,0,427,0,SCH0187,Govt. Senior Secondary School Lucknow-187,1
TCH09605,Devika Malhotra,56,Art,16,8,13,0,0,253,0,SCH0122,Govt. High School Ghaziabad-122,1
TCH09606,Anita Chaudhary,29,Biology,1,1,0,1,0,227,1,SCH0473,Govt. High School Central-473,1
TCH09607,Geeta Dubey,28,Hindi,2,1,2,0,0,82,0,SCH0206,Govt. High School Lucknow-206,0
TCH09608,Radha Rao,42,Hindi,15,3,8,1,0,375,0,SCH0405,Govt. Middle School Lucknow-405,1
TCH09609,Dinesh Bhat,39,History,8,4,7,1,0,419,0,SCH0189,Govt. Senior Secondary School Noida-189,1
TCH09610,Pankaj Verma,46,Biology,14,1,10,0,0,143,0,SCH0305,Govt. Primary School Noida-305,0
TCH09611,Savita Kumar,39,English,14,1,2,1,0,358,0,SCH0030,Govt. High School North-30,1
TCH09612,Sunil Yadav,25,Social Science,1,1,0,0,0,280,0,SCH0274,Govt. High School Agra-274,0
TCH09613,Anita Yadav,25,Hindi,2,2,1,1,0,429,1,SCH0399,Govt. High School North-399,1
TCH09614,Dinesh Bansal,34,Science,11,5,10,1,0,365,0,SCH0411,Govt. Middle School New-411,1
TCH09615,Sanjay Iyer,37,Mathematics,6,4,1,1,0,178,0,SCH0386,Govt. Senior Secondary School South-386,0
TCH09616,Seema Yadav,29,Mathematics,2,1,2,0,0,322,0,SCH0039,Govt. Senior Secondary School North-39,0
TCH09617,Savita Jain,26,Sanskrit,1,1,0,0,0,284,1,SCH0310,Govt. Middle School West-310,0
TCH09618,Arun Rao,59,Computer Science,30,15,12,0,0,111,1,SCH0159,Govt. High School North-159,1
TCH09619,Saroj Mishra,27,Chemistry,4,2,2,0,0,361,1,SCH0159,Govt. High School North-159,0
TCH09620,Ramesh Pandey,60,Biology,25,4,7,0,0,124,1,SCH0208,Govt. Middle School Ghaziabad-208,0
TCH09621,Vikas Chaudhary,32,Biology,6,6,3,0,0,174,0,SCH0365,Govt. Senior Secondary School Ajmer-365,0
TCH09622,Vikram Bhat,52,Social Science,3,2,2,1,0,55,0,SCH0394,Govt. High School Kanpur-394,0
TCH09623,Priya Yadav,35,Physical Education,5,4,5,0,0,44,0,SCH0267,Govt. Senior Secondary School Bikaner-267,0
TCH09624,Rajesh Naidu,43,Mathematics,18,6,14,1,0,203,0,SCH0394,Govt. High School Kanpur-394,1
TCH09625,Savita Naidu,40,Physical Education,13,12,12,1,0,179,0,SCH0469,Govt. High School Gurgaon-469,1
TCH09626,Shanti Malhotra,26,Computer Science,3,3,1,0,0,248,0,SCH0117,Govt. Middle School Ghaziabad-117,0
TCH09627,Shanti Menon,24,Sanskrit,1,1,1,0,0,386,1,SCH0224,Govt. Primary School South-224,0
TCH09628,Naresh Bansal,26,Mathematics,1,1,1,0,0,345,0,SCH0079,Govt. Senior Secondary School North-79,0
TCH09629,Pooja Garg,60,Physics,20,19,4,1,0,29,1,SCH0263,Govt. High School Faridabad-263,1
TCH09630,Pankaj Mishra,46,Physical Education,4,4,4,0,0,161,0,SCH0093,Govt. Primary School Kanpur-93,0
TCH09631,Anita Tiwari,30,Physical Education,1,1,0,1,0,53,0,SCH0242,Govt. Senior Secondary School Agra-242,0
TCH09632,Vikram Kumar,36,History,2,2,2,0,1,448,0,SCH0399,Govt. High School North-399,1
TCH09633,Kamla Shukla,36,Chemistry,12,12,0,0,0,258,1,SCH0443,Govt. High School Udaipur-443,1
TCH09634,Anita Singh,30,Science,4,4,1,0,0,281,1,SCH0481,Govt. Senior Secondary School Jaipur-481,0
TCH09635,Deepak Naidu,47,English,11,9,3,1,0,101,1,SCH0415,Govt. Middle School East-415,1
TCH09636,Sanjay Aggarwal,52,Art,21,9,4,1,0,405,1,SCH0490,Govt. Middle School Lucknow-490,1
TCH09637,Vikram Tiwari,57,Computer Science,14,9,5,0,1,102,0,SCH0086,Govt. High School Jaipur-86,1
TCH09638,Arun Pandey,29,Sanskrit,2,2,1,1,0,174,0,SCH0337,Govt. Senior Secondary School Ghaziabad-337,0
TCH09639,Naresh Gupta,40,Science,3,2,3,0,0,158,1,SCH0082,Govt. Primary School West-82,0
TCH09640,Pushpa Aggarwal,55,Computer Science,32,18,6,0,0,77,0,SCH0300,Govt. Primary School Central-300,1
TCH09641,Vikas Aggarwal,57,English,6,3,3,1,0,393,1,SCH0280,Govt. Middle School Udaipur-280,1
TCH09642,Usha Aggarwal,57,Geography,32,19,14,0,0,268,0,SCH0432,Govt. Middle School Jodhpur-432,1
TCH09643,Rekha Shukla,37,Art,10,8,8,0,0,223,0,SCH0443,Govt. High School Udaipur-443,1
TCH09644,Ashok Chauhan,42,Social Science,3,2,3,0,0,134,1,SCH0389,Govt. Middle School Gurgaon-389,0
TCH09645,Seema Shukla,29,Physics,6,4,0,1,1,394,1,SCH0323,Govt. Middle School Central-323,1
TCH09646,Nita Patel,54,Physics,31,8,7,0,0,390,0,SCH0359,Govt. Primary School Lucknow-359,1
TCH09647,Ashok Tiwari,37,Social Science,9,5,3,0,0,45,1,SCH0352,Govt. Middle School Varanasi-352,1
TCH09648,Vikram Singh,24,History,1,1,1,0,0,186,1,SCH0474,Govt. Primary School Gurgaon-474,0
TCH09649,Sunil Naidu,60,Sanskrit,14,10,3,1,0,129,1,SCH0050,Govt. Senior Secondary School Ajmer-50,1
TCH09650,Usha Gupta,35,Hindi,2,2,0,1,0,425,0,SCH0392,Govt. High School South-392,1
TCH09651,Yogesh Yadav,44,History,8,4,8,0,0,203,1,SCH0196,Govt. Middle School Jaipur-196,1
TCH09652,Priya Naidu,44,Physics,19,7,12,1,0,424,0,SCH0495,Govt. Senior Secondary School Faridabad-495,1
TCH09653,Sunita Yadav,36,History,9,5,7,1,0,329,0,SCH0074,Govt. Middle School Ajmer-74,1
TCH09654,Sunil Singh,35,Physical Education,8,8,8,1,0,7,0,SCH0423,Govt. Senior Secondary School Lucknow-423,1
TCH09655,Nita Chauhan,60,Sanskrit,26,6,4,1,1,268,0,SCH0304,Govt. Middle School New-304,1
TCH09656,Radha Nair,49,Social Science,2,1,2,1,0,11,0,SCH0488,Govt. Senior Secondary School Agra-488,0
TCH09657,Suresh Menon,44,Art,4,1,3,0,1,346,1,SCH0400,Govt. Senior Secondary School Jodhpur-400,1
TCH09658,Seema Garg,52,Biology,29,10,11,1,0,395,0,SCH0460,Govt. High School Ghaziabad-460,1
TCH09659,Anita Tiwari,26,Chemistry,2,1,1,0,1,427,0,SCH0481,Govt. Senior Secondary School Jaipur-481,1
TCH09660,Deepak Patel,61,Mathematics,20,10,14,0,0,128,0,SCH0344,Govt. Middle School Ghaziabad-344,1
TCH09661,Vikram Tiwari,34,Computer Science,8,4,8,1,0,136,0,SCH0485,Govt. Senior Secondary School New-485,1
TCH09662,Geeta Yadav,32,Hindi,1,1,1,1,0,44,0,SCH0268,Govt. Middle School North-268,0
TCH09663,Seema Verma,56,Science,29,6,0,0,0,254,0,SCH0166,Govt. Primary School Bikaner-166,1
TCH09664,Pooja Chauhan,25,English,1,1,1,0,1,467,0,SCH0057,Govt. Primary School New-57,1
TCH09665,Nita Jain,27,Chemistry,4,2,3,1,0,303,0,SCH0278,Govt. Senior Secondary School Lucknow-278,1
TCH09666,Sanjay Sharma,42,History,6,2,0,1,0,135,0,SCH0006,Govt. Senior Secondary School West-6,0
TCH09667,Lakshmi Jain,42,Social Science,18,16,0,0,1,10,0,SCH0247,Govt. High School New-247,1
TCH09668,Mukesh Verma,59,Physical Education,22,8,6,1,0,213,0,SCH0240,Govt. Senior Secondary School New-240,1
TCH09669,Rajesh Chaudhary,31,Computer Science,5,3,0,1,0,349,0,SCH0294,Govt. Middle School East-294,1
TCH09670,Mukesh Chaudhary,57,Science,3,1,1,0,0,481,0,SCH0341,Govt. High School Gurgaon-341,0
TCH09671,Sunil Mishra,31,Art,7,2,7,0,0,434,1,SCH0498,Govt. Primary School Gurgaon-498,1
TCH09672,Naresh Kumar,54,Physical Education,3,2,1,1,0,348,0,SCH0239,Govt. Senior Secondary School Central-239,1
TCH09673,Shanti Sharma,24,Biology,1,1,0,0,0,10,1,SCH0310,Govt. Middle School West-310,0
TCH09674,Mukesh Bhat,27,Sanskrit,2,1,1,1,0,283,0,SCH0216,Govt. Middle School East-216,1
TCH09675,Pankaj Patel,35,Science,2,1,2,0,0,314,1,SCH0034,Govt. Middle School Varanasi-34,0
TCH09676,Meena Verma,25,Social Science,2,1,1,0,0,343,0,SCH0256,Govt. Senior Secondary School Faridabad-256,0
TCH09677,Kamla Garg,33,History,2,2,0,0,0,422,0,SCH0280,Govt. Middle School Udaipur-280,0
TCH09678,Devika Verma,29,Computer Science,4,1,0,0,0,123,0,SCH0203,Govt. Primary School Kanpur-203,0
TCH09679,Suresh Nair,43,Chemistry,12,5,10,1,0,145,0,SCH0154,Govt. Middle School Lucknow-154,1
TCH09680,Vikas Mishra,37,Mathematics,7,1,5,0,0,85,0,SCH0417,Govt. Primary School New-417,0
TCH09681,Arun Shukla,24,Sanskrit,1,1,0,0,0,445,0,SCH0116,Govt. Middle School East-116,0
TCH09682,Usha Aggarwal,28,Chemistry,4,2,0,0,0,166,0,SCH0153,Govt. Primary School Ghaziabad-153,0
TCH09683,Saroj Chaudhary,37,Biology,4,2,3,0,0,261,1,SCH0132,Govt. High School South-132,1
TCH09684,Suresh Pillai,56,Geography,5,5,4,0,0,183,1,SCH0153,Govt. Primary School Ghaziabad-153,1
TCH09685,Lakshmi Verma,53,Physics,24,8,3,0,0,292,0,SCH0043,Govt. Senior Secondary School Ajmer-43,1
TCH09686,Ramesh Iyer,59,Computer Science,1,1,1,1,0,182,0,SCH0368,Govt. Middle School Varanasi-368,0
TCH09687,Naresh Aggarwal,46,Social Science,19,3,7,0,0,182,1,SCH0011,Govt. Middle School Lucknow-11,0
TCH09688,Vikas Verma,53,Geography,9,2,8,0,1,356,0,SCH0408,Govt. High School North-408,1
TCH09689,Pushpa Reddy,55,Mathematics,22,1,6,1,0,396,1,SCH0369,Govt. Middle School Central-369,1
TCH09690,Rekha Kumar,58,Physics,18,10,2,0,0,413,1,SCH0118,Govt. Middle School Agra-118,1
TCH09691,Kavita Bhat,55,Geography,26,10,4,0,1,402,0,SCH0417,Govt. Primary School New-417,1
TCH09692,Sunita Singh,61,History,22,13,13,0,0,433,1,SCH0231,Govt. Senior Secondary School Gurgaon-231,1
TCH09693,Shanti Menon,33,Geography,3,2,2,0,0,46,0,SCH0036,Govt. Primary School Noida-36,0
TCH09694,Sanjay Shukla,41,History,18,9,1,0,0,249,0,SCH0052,Govt. Middle School Lucknow-52,1
TCH09695,Anita Shukla,52,Biology,17,9,3,1,0,311,0,SCH0073,Govt. High School Central-73,1
TCH09696,Rajesh Chauhan,58,Social Science,28,5,3,0,0,261,0,SCH0489,Govt. Senior Secondary School Kanpur-489,1
TCH09697,Kavita Pandey,31,Hindi,8,6,1,0,0,408,0,SCH0090,Govt. Senior Secondary School Noida-90,0
TCH09698,Ajay Mishra,32,Computer Science,9,8,6,1,1,59,0,SCH0035,Govt. Primary School South-35,1
TCH09699,Lakshmi Kaur,38,English,11,9,8,0,0,477,1,SCH0462,Govt. Primary School Noida-462,1
TCH09700,Usha Patel,57,Chemistry,1,1,1,1,0,124,1,SCH0400,Govt. Senior Secondary School Jodhpur-400,0
TCH09701,Rajesh Kumar,42,English,18,7,4,1,0,227,0,SCH0408,Govt. High School North-408,1
TCH09702,Radha Pillai,49,Physical Education,3,3,1,0,0,389,0,SCH0058,Govt. Senior Secondary School Central-58,0
TCH09703,Priya Menon,24,Physical Education,1,1,0,1,0,98,1,SCH0476,Govt. Primary School East-476,0
TCH09704,Savita Dubey,57,Art,21,3,14,0,0,457,1,SCH0262,Govt. High School Jodhpur-262,1
TCH09705,Harish Sharma,56,English,16,16,5,0,0,397,1,SCH0142,Govt. Middle School New-142,1
TCH09706,Ajay Mishra,47,Hindi,15,5,9,1,0,114,0,SCH0443,Govt. High School Udaipur-443,1
TCH09707,Shanti Menon,46,Hindi,4,1,3,1,0,151,0,SCH0396,Govt. Primary School Kota-396,1
TCH09708,Harish Bansal,37,Social Science,4,2,4,0,0,72,0,SCH0388,Govt. Senior Secondary School Noida-388,0
TCH09709,Saroj Reddy,43,Science,3,3,3,0,0,226,0,SCH0099,Govt. Senior Secondary School Faridabad-99,0
TCH09710,Pankaj Dubey,30,Biology,1,1,1,1,1,463,0,SCH0003,Govt. Senior Secondary School Udaipur-3,1
TCH09711,Ashok Garg,44,Science,9,4,1,0,1,362,0,SCH0123,Govt. Middle School Central-123,1
TCH09712,Rekha Pandey,26,Social Science,1,1,0,1,0,225,0,SCH0246,Govt. Senior Secondary School Central-246,1
TCH09713,Vikas Yadav,56,Art,16,6,7,0,0,434,0,SCH0194,Govt. Middle School Ajmer-194,1
TCH09714,Dinesh Singh,61,Mathematics,20,9,0,0,0,232,0,SCH0354,Govt. Middle School North-354,1
TCH09715,Arun Kaur,43,Science,11,4,9,0,0,121,0,SCH0449,Govt. High School Gurgaon-449,0
TCH09716,Sunita Jain,39,Art,12,11,2,1,0,126,0,SCH0156,Govt. Middle School South-156,1
TCH09717,Anita Kumar,44,History,5,1,4,1,1,462,1,SCH0392,Govt. High School South-392,1
TCH09718,Sanjay Gupta,61,Geography,28,11,2,1,0,267,1,SCH0126,Govt. Senior Secondary School West-126,1
TCH09719,Shanti Nair,51,Computer Science,22,3,12,0,0,272,0,SCH0170,Govt. Primary School Kanpur-170,1
TCH09720,Mukesh Pillai,55,Geography,27,8,9,1,1,140,0,SCH0299,Govt. Primary School Jaipur-299,1
TCH09721,Ramesh Pandey,29,Art,1,1,0,1,0,88,0,SCH0007,Govt. Primary School South-7,0
TCH09722,Ajay Chauhan,49,Science,20,7,7,0,1,259,0,SCH0389,Govt. Middle School Gurgaon-389,1
TCH09723,Pushpa Gupta,48,Sanskrit,21,18,12,1,0,186,0,SCH0253,Govt. Middle School Gurgaon-253,1
TCH09724,Priya Yadav,30,Mathematics,1,1,1,1,0,442,0,SCH0249,Govt. Senior Secondary School West-249,1
TCH09725,Pankaj Nair,55,Biology,1,1,0,0,0,427,1,SCH0177,Govt. Senior Secondary School Agra-177,0
TCH09726,Sunita Mittal,56,Geography,23,3,4,0,0,366,1,SCH0465,Govt. Middle School Kota-465,1
TCH09727,Vikram Kumar,49,Social Science,23,6,4,0,0,444,0,SCH0156,Govt. Middle School South-156,1
TCH09728,Naresh Sharma,46,Physics,17,17,14,0,0,335,1,SCH0466,Govt. Senior Secondary School Jodhpur-466,1
TCH09729,Lakshmi Tiwari,48,History,21,1,11,1,0,483,1,SCH0048,Govt. Middle School Gurgaon-48,1
TCH09730,Ramesh Malhotra,43,Computer Science,12,3,2,0,0,426,0,SCH0415,Govt. Middle School East-415,0
TCH09731,Devika Pillai,51,Physics,26,13,8,0,0,401,1,SCH0324,Govt. Middle School Central-324,1
TCH09732,Geeta Chauhan,26,Chemistry,3,3,2,0,0,261,1,SCH0107,Govt. Middle School Varanasi-107,0
TCH09733,Mahesh Singh,44,Art,15,4,1,0,0,406,1,SCH0287,Govt. Middle School Gurgaon-287,0
TCH09734,Savita Malhotra,52,Sanskrit,5,5,0,0,0,366,1,SCH0286,Govt. Primary School Bikaner-286,1
TCH09735,Savita Chauhan,53,Sanskrit,1,1,0,1,0,89,0,SCH0207,Govt. Middle School Varanasi-207,0
TCH09736,Radha Garg,51,Mathematics,9,6,7,1,0,423,1,SCH0342,Govt. Primary School Agra-342,1
TCH09737,Naresh Tiwari,29,Hindi,6,6,5,1,0,137,0,SCH0005,Govt. Primary School New-5,1
TCH09738,Ashok Reddy,61,Sanskrit,15,2,3,0,0,243,0,SCH0159,Govt. High School North-159,1
TCH09739,Anita Aggarwal,54,Physical Education,4,1,3,0,0,221,0,SCH0366,Govt. Senior Secondary School East-366,0
TCH09740,Ramesh Bansal,37,Science,3,2,2,1,0,346,0,SCH0233,Govt. Primary School Jodhpur-233,1
TCH09741,Mukesh Malhotra,24,Hindi,1,1,1,0,0,212,0,SCH0328,Govt. Primary School New-328,0
TCH09742,Ramesh Mishra,48,English,10,7,4,0,0,274,0,SCH0023,Govt. High School Faridabad-23,1
TCH09743,Anita Aggarwal,37,Chemistry,6,6,2,0,0,101,1,SCH0136,Govt. Middle School Ghaziabad-136,0
TCH09744,Yogesh Pandey,35,Art,2,1,2,0,0,463,1,SCH0384,Govt. Middle School Jaipur-384,0
TCH09745,Mahesh Garg,48,Physics,4,4,1,0,0,194,1,SCH0256,Govt. Senior Secondary School Faridabad-256,0
TCH09746,Rajesh Joshi,34,History,5,2,0,0,1,124,0,SCH0060,Govt. High School Noida-60,0
TCH09747,Sunil Garg,44,Mathematics,17,10,0,1,0,166,0,SCH0144,Govt. Senior Secondary School Kanpur-144,1
TCH09748,Rekha Bhat,26,Sanskrit,3,3,1,1,0,174,1,SCH0301,Govt. High School New-301,0
TCH09749,Nita Bansal,42,Science,8,3,8,1,0,286,0,SCH0225,Govt. Primary School Agra-225,1
TCH09750,Anita Dubey,53,Chemistry,9,8,1,1,0,131,0,SCH0278,Govt. Senior Secondary School Lucknow-278,1
TCH09751,Usha Garg,40,Social Science,11,1,5,1,0,98,0,SCH0011,Govt. Middle School Lucknow-11,1
TCH09752,Mukesh Verma,27,Biology,2,2,1,1,0,59,1,SCH0084,Govt. Primary School West-84,0
TCH09753,Anita Mittal,56,Physics,14,4,14,0,0,281,0,SCH0305,Govt. Primary School Noida-305,1
TCH09754,Anita Bhat,42,Social Science,8,5,6,1,0,473,1,SCH0419,Govt. Primary School Central-419,1
TCH09755,Mukesh Chaudhary,41,Sanskrit,9,8,7,0,0,310,0,SCH0412,Govt. Primary School Central-412,1
TCH09756,Suresh Singh,32,Mathematics,4,4,3,0,0,325,0,SCH0061,Govt. Primary School Kota-61,0
TCH09757,Vikas Rao,25,Chemistry,1,1,1,0,0,356,1,SCH0248,Govt. High School Central-248,0
TCH09758,Yogesh Dubey,57,Social Science,16,9,6,0,0,201,0,SCH0158,Govt. Primary School West-158,1
TCH09759,Dinesh Chaudhary,51,Physics,5,4,0,1,0,50,1,SCH0345,Govt. High School Ajmer-345,0
TCH09760,Meena Nair,44,Geography,8,7,2,1,0,481,0,SCH0237,Govt. Senior Secondary School East-237,1
TCH09761,Savita Kumar,40,English,6,1,0,0,0,207,0,SCH0405,Govt. Middle School Lucknow-405,0
TCH09762,Vikas Yadav,57,Social Science,5,4,0,1,0,190,0,SCH0199,Govt. High School Bikaner-199,0
TCH09763,Usha Tiwari,31,Computer Science,5,2,4,0,0,257,1,SCH0260,Govt. High School Lucknow-260,1
TCH09764,Nita Pillai,39,Mathematics,10,4,9,1,0,172,0,SCH0013,Govt. High School Kota-13,1
TCH09765,Harish Tiwari,59,Computer Science,7,2,5,0,0,249,0,SCH0312,Govt. Primary School Kanpur-312,0
TCH09766,Kamla Garg,49,Physics,19,6,11,1,0,275,1,SCH0195,Govt. High School South-195,1
TCH09767,Pankaj Sharma,25,Sanskrit,1,1,1,0,1,261,1,SCH0380,Govt. Primary School Agra-380,1
TCH09768,Naresh Kaur,28,Geography,5,2,5,1,0,227,1,SCH0223,Govt. Middle School Gurgaon-223,1
TCH09769,Ajay Patel,35,Sanskrit,3,3,3,1,0,113,0,SCH0374,Govt. Senior Secondary School Bikaner-374,1
TCH09770,Pankaj Gupta,24,Hindi,1,1,1,0,0,337,1,SCH0489,Govt. Senior Secondary School Kanpur-489,0
TCH09771,Deepak Jain,60,Chemistry,5,5,4,0,0,263,1,SCH0266,Govt. Primary School Varanasi-266,1
TCH09772,Devika Rao,41,Mathematics,5,3,0,0,0,485,0,SCH0401,Govt. Senior Secondary School Varanasi-401,0
TCH09773,Yogesh Mittal,56,Biology,31,2,12,1,0,419,0,SCH0320,Govt. Primary School Udaipur-320,1
TCH09774,Savita Chauhan,52,Geography,26,14,8,0,0,147,0,SCH0456,Govt. Senior Secondary School Ghaziabad-456,1
TCH09775,Savita Verma,30,Art,2,2,0,1,0,348,0,SCH0192,Govt. High School Faridabad-192,1
TCH09776,Nita Pillai,30,Geography,1,1,0,0,1,142,0,SCH0335,Govt. Primary School Noida-335,0
TCH09777,Pankaj Kumar,40,Chemistry,13,13,4,1,1,262,0,SCH0458,Govt. Primary School Udaipur-458,1
TCH09778,Pushpa Chauhan,42,Geography,9,8,2,0,0,50,0,SCH0115,Govt. High School Jodhpur-115,0
TCH09779,Yogesh Gupta,42,Computer Science,16,8,9,0,0,85,1,SCH0095,Govt. Primary School New-95,1
TCH09780,Anita Verma,33,Biology,4,2,3,1,0,402,0,SCH0403,Govt. High School Varanasi-403,1
TCH09781,Geeta Dubey,43,Science,14,12,14,1,0,274,0,SCH0389,Govt. Middle School Gurgaon-389,1
TCH09782,Devika Iyer,40,Chemistry,10,9,3,0,1,497,0,SCH0067,Govt. Primary School Udaipur-67,1
TCH09783,Pooja Naidu,31,Art,8,5,0,1,0,281,0,SCH0089,Govt. High School Central-89,1
TCH09784,Pankaj Menon,48,Computer Science,7,1,3,1,0,346,0,SCH0017,Govt. Primary School Udaipur-17,1
TCH09785,Arun Joshi,30,Hindi,1,1,0,1,0,49,0,SCH0470,Govt. High School Bikaner-470,0
TCH09786,Ramesh Yadav,50,Computer Science,13,7,4,1,0,271,0,SCH0084,Govt. Primary School West-84,1
TCH09787,Geeta Verma,41,Art,9,6,5,1,1,449,1,SCH0483,Govt. Middle School Central-483,1
TCH09788,Nita Iyer,28,Geography,5,1,3,0,1,141,1,SCH0074,Govt. Middle School Ajmer-74,1
TCH09789,Ramesh Tiwari,40,Social Science,9,3,9,1,0,417,0,SCH0476,Govt. Primary School East-476,1
TCH09790,Priya Aggarwal,53,Chemistry,14,13,3,1,0,405,0,SCH0195,Govt. High School South-195,1
TCH09791,Priya Bansal,31,Sanskrit,6,5,5,0,0,275,0,SCH0417,Govt. Primary School New-417,1
TCH09792,Naresh Pillai,57,Social Science,19,7,8,0,1,364,0,SCH0488,Govt. Senior Secondary School Agra-488,1
TCH09793,Ramesh Naidu,48,Mathematics,1,1,0,0,0,158,1,SCH0363,Govt. Primary School Central-363,0
TCH09794,Saroj Dubey,44,Computer Science,2,1,0,0,1,238,1,SCH0205,Govt. Senior Secondary School East-205,1
TCH09795,Sanjay Pandey,39,Biology,13,11,1,1,1,322,1,SCH0067,Govt. Primary School Udaipur-67,1
TCH09796,Lakshmi Pandey,57,Art,7,5,2,0,0,435,1,SCH0276,Govt. High School South-276,1
TCH09797,Ajay Joshi,38,Science,14,7,7,0,0,406,1,SCH0072,Govt. Middle School Udaipur-72,1
TCH09798,Harish Pandey,50,Hindi,24,6,10,0,1,163,0,SCH0070,Govt. High School Kota-70,1
TCH09799,Sunita Verma,57,Art,1,1,1,0,0,325,1,SCH0247,Govt. High School New-247,0
TCH09800,Mahesh Tiwari,56,History,29,12,12,0,1,28,0,SCH0196,Govt. Middle School Jaipur-196,1
TCH09801,Devika Pandey,55,Social Science,31,14,3,1,0,96,1,SCH0454,Govt. Primary School Faridabad-454,1
TCH09802,Mukesh Malhotra,36,Physics,1,1,1,1,1,311,0,SCH0273,Govt. Middle School West-273,1
TCH09803,Suresh Singh,49,Geography,25,1,9,0,1,74,0,SCH0126,Govt. Senior Secondary School West-126,1
TCH09804,Kamla Aggarwal,39,Mathematics,1,1,1,1,0,313,1,SCH0324,Govt. Middle School Central-324,1
TCH09805,Arun Dubey,33,Physics,6,1,2,1,0,173,0,SCH0132,Govt. High School South-132,0
TCH09806,Rekha Mittal,49,English,2,1,2,0,0,82,0,SCH0494,Govt. Primary School West-494,0
TCH09807,Rajesh Pandey,35,Hindi,8,2,7,1,0,308,0,SCH0272,Govt. Middle School East-272,1
TCH09808,Yogesh Chaudhary,49,Art,23,18,4,0,0,433,1,SCH0499,Govt. Senior Secondary School East-499,1
TCH09809,Deepak Dubey,29,Physics,6,6,0,1,0,497,0,SCH0155,Govt. Primary School Gurgaon-155,1
TCH09810,Priya Rao,45,History,16,9,1,1,0,160,0,SCH0410,Govt. Senior Secondary School South-410,1
TCH09811,Radha Menon,36,History,13,8,9,1,0,26,0,SCH0441,Govt. Senior Secondary School Varanasi-441,1
TCH09812,Yogesh Menon,56,Chemistry,31,9,12,1,0,80,0,SCH0327,Govt. High School Faridabad-327,1
TCH09813,Pooja Verma,53,Hindi,15,14,8,0,0,159,0,SCH0015,Govt. Primary School Noida-15,1
TCH09814,Anita Kumar,38,English,5,2,0,0,0,146,1,SCH0370,Govt. High School Kanpur-370,0
TCH09815,Geeta Mittal,60,Science,9,4,6,1,0,318,0,SCH0063,Govt. High School Faridabad-63,1
TCH09816,Mukesh Verma,31,Science,2,1,1,0,0,361,1,SCH0470,Govt. High School Bikaner-470,0
TCH09817,Ashok Menon,31,Chemistry,8,4,4,0,1,129,0,SCH0319,Govt. High School Ajmer-319,0
TCH09818,Pankaj Jain,26,Hindi,1,1,0,1,0,220,1,SCH0494,Govt. Primary School West-494,1
TCH09819,Anita Malhotra,45,Geography,15,2,14,0,0,190,0,SCH0488,Govt. Senior Secondary School Agra-488,0
TCH09820,Deepak Menon,45,Art,5,5,3,1,0,319,1,SCH0339,Govt. Middle School Kota-339,1
TCH09821,Vikas Nair,46,Art,13,4,12,0,0,363,1,SCH0242,Govt. Senior Secondary School Agra-242,1
TCH09822,Arun Jain,57,History,22,5,10,0,0,436,1,SCH0248,Govt. High School Central-248,1
TCH09823,Sanjay Bansal,33,Art,10,9,6,0,0,370,1,SCH0255,Govt. High School Varanasi-255,1
TCH09824,Vikram Tiwari,26,Art,1,1,0,1,1,349,0,SCH0359,Govt. Primary School Lucknow-359,1
TCH09825,Rekha Pillai,26,Physics,2,1,2,0,0,68,1,SCH0081,Govt. High School Gurgaon-81,0
TCH09826,Pankaj Patel,42,Geography,18,6,3,0,0,247,1,SCH0409,Govt. Senior Secondary School Agra-409,1
TCH09827,Kavita Rao,25,Computer Science,2,2,1,0,1,214,0,SCH0419,Govt. Primary School Central-419,1
TCH09828,Lakshmi Joshi,44,Social Science,6,6,2,0,0,349,1,SCH0296,Govt. Middle School North-296,1
TCH09829,Radha Sharma,43,Hindi,20,14,6,0,0,423,0,SCH0059,Govt. Senior Secondary School Central-59,1
TCH09830,Pooja Menon,41,History,17,5,2,0,0,274,0,SCH0100,Govt. Senior Secondary School Gurgaon-100,1
TCH09831,Rajesh Rao,56,Mathematics,4,1,2,1,0,356,0,SCH0260,Govt. High School Lucknow-260,1
TCH09832,Ashok Gupta,49,Physical Education,9,9,0,0,0,173,0,SCH0010,Govt. Primary School West-10,0
TCH09833,Pooja Nair,50,Biology,2,2,2,0,0,6,0,SCH0022,Govt. Primary School New-22,0
TCH09834,Usha Naidu,46,Science,2,1,1,0,0,10,0,SCH0160,Govt. Middle School Faridabad-160,0
TCH09835,Priya Kumar,38,Computer Science,14,14,5,0,0,348,0,SCH0077,Govt. Middle School Bikaner-77,1
TCH09836,Rajesh Gupta,60,Physical Education,12,11,8,0,0,16,0,SCH0082,Govt. Primary School West-82,1
TCH09837,Pushpa Dubey,54,Social Science,23,9,2,0,0,408,0,SCH0455,Govt. Senior Secondary School Ajmer-455,1
TCH09838,Seema Gupta,36,Chemistry,12,10,2,1,0,393,0,SCH0188,Govt. Middle School Kanpur-188,1
TCH09839,Kamla Rao,51,Geography,25,3,3,1,0,329,0,SCH0142,Govt. Middle School New-142,1
TCH09840,Vikram Verma,45,Sanskrit,21,1,9,1,0,395,0,SCH0071,Govt. Middle School Bikaner-71,1
TCH09841,Seema Shukla,31,Chemistry,3,3,0,1,0,494,1,SCH0455,Govt. Senior Secondary School Ajmer-455,1
TCH09842,Savita Pandey,36,Computer Science,3,2,1,0,0,142,1,SCH0068,Govt. Senior Secondary School South-68,0
TCH09843,Priya Malhotra,57,Science,22,19,4,0,0,29,1,SCH0379,Govt. Primary School New-379,1
TCH09844,Arun Shukla,48,Computer Science,5,5,3,0,0,497,1,SCH0183,Govt. Senior Secondary School Jodhpur-183,1
TCH09845,Vikas Chauhan,53,Social Science,25,4,8,1,0,266,0,SCH0349,Govt. High School Faridabad-349,1
TCH09846,Arun Bansal,52,Mathematics,2,2,2,0,0,61,0,SCH0142,Govt. Middle School New-142,0
TCH09847,Lakshmi Verma,28,Biology,1,1,0,0,0,135,0,SCH0118,Govt. Middle School Agra-118,0
TCH09848,Usha Joshi,30,Physical Education,6,4,2,1,0,478,0,SCH0274,Govt. High School Agra-274,1
TCH09849,Sanjay Yadav,47,Mathematics,2,1,0,0,0,438,0,SCH0278,Govt. Senior Secondary School Lucknow-278,0
TCH09850,Shanti Nair,36,Biology,13,11,13,0,0,317,0,SCH0294,Govt. Middle School East-294,1
TCH09851,Geeta Bhat,46,History,17,17,14,1,0,228,0,SCH0073,Govt. High School Central-73,1
TCH09852,Lakshmi Menon,58,Physical Education,15,11,10,1,0,467,0,SCH0111,Govt. Senior Secondary School Gurgaon-111,1
TCH09853,Rajesh Chaudhary,46,Mathematics,10,8,1,1,0,402,0,SCH0330,Govt. High School Varanasi-330,1
TCH09854,Anita Garg,34,Social Science,4,4,3,1,0,295,1,SCH0408,Govt. High School North-408,1
TCH09855,Yogesh Iyer,42,English,18,1,12,0,1,61,1,SCH0172,Govt. Senior Secondary School North-172,1
TCH09856,Deepak Shukla,34,Biology,2,2,1,0,0,268,0,SCH0118,Govt. Middle School Agra-118,0
TCH09857,Seema Kaur,61,Computer Science,18,4,14,0,0,182,0,SCH0039,Govt. Senior Secondary School North-39,0
TCH09858,Usha Nair,24,Physical Education,1,1,1,0,0,458,0,SCH0273,Govt. Middle School West-273,0
TCH09859,Saroj Reddy,53,Biology,17,12,14,0,0,168,0,SCH0052,Govt. Middle School Lucknow-52,1
TCH09860,Suresh Dubey,52,Mathematics,1,1,0,0,0,39,1,SCH0004,Govt. Middle School Jaipur-4,0
TCH09861,Suresh Pillai,29,Chemistry,5,5,5,0,1,470,0,SCH0370,Govt. High School Kanpur-370,1
TCH09862,Ajay Garg,46,Biology,19,2,9,0,0,394,1,SCH0255,Govt. High School Varanasi-255,1
TCH09863,Deepak Sharma,44,Geography,11,10,9,0,0,2,0,SCH0343,Govt. Senior Secondary School Central-343,1
TCH09864,Dinesh Gupta,44,Geography,6,2,0,1,0,121,1,SCH0067,Govt. Primary School Udaipur-67,0
TCH09865,Amit Singh,54,Sanskrit,30,6,13,0,0,25,1,SCH0067,Govt. Primary School Udaipur-67,1
TCH09866,Meena Menon,40,Physical Education,5,1,2,0,0,280,0,SCH0288,Govt. Primary School Central-288,0
TCH09867,Dinesh Kumar,44,Hindi,10,10,10,0,0,329,1,SCH0370,Govt. High School Kanpur-370,1
TCH09868,Meena Pillai,31,Biology,1,1,1,1,0,38,0,SCH0117,Govt. Middle School Ghaziabad-117,0
TCH09869,Rajesh Bansal,34,Social Science,8,3,7,0,0,383,1,SCH0431,Govt. High School Bikaner-431,1
TCH09870,Sanjay Malhotra,44,Biology,4,2,1,0,0,285,0,SCH0295,Govt. Middle School New-295,0
TCH09871,Usha Nair,34,English,3,2,2,0,0,255,0,SCH0300,Govt. Primary School Central-300,0
TCH09872,Suresh Pandey,31,History,2,2,2,0,0,495,0,SCH0304,Govt. Middle School New-304,0
TCH09873,Shanti Jain,46,Physics,4,2,4,1,0,249,1,SCH0494,Govt. Primary School West-494,1
TCH09874,Kavita Gupta,42,Chemistry,5,3,2,1,0,184,0,SCH0416,Govt. Primary School Faridabad-416,0
TCH09875,Nita Aggarwal,39,Geography,15,5,3,0,0,5,1,SCH0432,Govt. Middle School Jodhpur-432,1
TCH09876,Yogesh Gupta,27,Social Science,3,1,0,0,1,228,0,SCH0331,Govt. Senior Secondary School Jodhpur-331,1
TCH09877,Arun Sharma,42,Art,19,13,4,0,1,128,0,SCH0308,Govt. Primary School Varanasi-308,1
TCH09878,Usha Bansal,31,Biology,5,3,2,0,0,273,1,SCH0239,Govt. Senior Secondary School Central-239,0
TCH09879,Kavita Aggarwal,57,Social Science,30,8,14,0,1,42,0,SCH0155,Govt. Primary School Gurgaon-155,1
TCH09880,Pooja Joshi,53,History,24,14,8,0,0,116,0,SCH0469,Govt. High School Gurgaon-469,1
TCH09881,Savita Bansal,53,Hindi,16,11,7,1,0,352,0,SCH0416,Govt. Primary School Faridabad-416,1
TCH09882,Pankaj Patel,39,Chemistry,16,2,1,0,0,297,0,SCH0299,Govt. Primary School Jaipur-299,0
TCH09883,Dinesh Iyer,49,Science,23,3,0,0,0,276,0,SCH0067,Govt. Primary School Udaipur-67,0
TCH09884,Sunil Mishra,54,Physical Education,24,17,14,0,0,243,0,SCH0265,Govt. Middle School Gurgaon-265,1
TCH09885,Pooja Joshi,42,Computer Science,6,4,1,0,0,216,0,SCH0036,Govt. Primary School Noida-36,0
TCH09886,Mukesh Kaur,55,Biology,5,5,1,0,0,39,0,SCH0295,Govt. Middle School New-295,0
TCH09887,Radha Bhat,44,Art,12,4,11,1,1,410,0,SCH0121,Govt. Middle School Ajmer-121,1
TCH09888,Mukesh Patel,58,Art,22,17,11,0,0,324,1,SCH0237,Govt. Senior Secondary School East-237,1
TCH09889,Rekha Yadav,40,Computer Science,11,6,11,0,0,235,1,SCH0133,Govt. High School East-133,1
TCH09890,Sanjay Reddy,26,Physics,3,1,3,0,0,181,1,SCH0157,Govt. Senior Secondary School Jodhpur-157,0
TCH09891,Rekha Iyer,56,Biology,17,9,9,0,0,92,0,SCH0441,Govt. Senior Secondary School Varanasi-441,1
TCH09892,Pushpa Patel,37,Geography,13,7,8,0,0,457,0,SCH0266,Govt. Primary School Varanasi-266,1
TCH09893,Naresh Dubey,57,Biology,16,8,9,0,0,219,0,SCH0499,Govt. Senior Secondary School East-499,1
TCH09894,Usha Mittal,47,Chemistry,10,4,4,0,0,366,0,SCH0057,Govt. Primary School New-57,1
TCH09895,Rekha Mishra,53,History,9,3,5,0,0,396,0,SCH0386,Govt. Senior Secondary School South-386,0
TCH09896,Amit Bansal,52,English,2,1,1,1,1,294,0,SCH0444,Govt. Senior Secondary School Varanasi-444,1
TCH09897,Vikas Verma,51,Art,13,7,2,1,0,52,0,SCH0315,Govt. Primary School Udaipur-315,1
TCH09898,Ramesh Tiwari,39,History,12,6,1,0,0,82,0,SCH0413,Govt. High School Ajmer-413,0
TCH09899,Priya Reddy,35,Social Science,8,2,6,0,0,345,0,SCH0332,Govt. Primary School Agra-332,0
TCH09900,Vinod Rao,40,Geography,4,4,3,1,0,45,0,SCH0065,Govt. High School Ghaziabad-65,1
TCH09901,Pankaj Verma,44,Computer Science,17,1,12,1,0,233,0,SCH0443,Govt. High School Udaipur-443,1
TCH09902,Sunita Pillai,30,Social Science,5,5,4,0,0,136,0,SCH0016,Govt. Middle School Gurgaon-16,0
TCH09903,Ajay Gupta,44,Chemistry,7,6,7,0,0,322,0,SCH0005,Govt. Primary School New-5,1
TCH09904,Dinesh Rao,25,Hindi,2,2,0,1,0,89,0,SCH0358,Govt. Primary School Central-358,0
TCH09905,Pankaj Kumar,28,Social Science,4,4,4,0,0,379,0,SCH0245,Govt. Senior Secondary School Bikaner-245,0
TCH09906,Arun Shukla,34,Chemistry,4,1,1,0,1,40,0,SCH0451,Govt. Senior Secondary School Kanpur-451,0
TCH09907,Deepak Kumar,59,Physics,1,1,1,1,0,389,0,SCH0356,Govt. Senior Secondary School South-356,1
TCH09908,Ajay Kumar,50,Mathematics,5,2,3,1,0,53,0,SCH0134,Govt. Primary School Noida-134,1
TCH09909,Pankaj Aggarwal,36,Geography,1,1,0,0,0,68,0,SCH0114,Govt. Middle School Bikaner-114,0
TCH09910,Sunita Iyer,55,Art,10,5,10,0,0,249,0,SCH0119,Govt. Middle School Noida-119,1
TCH09911,Seema Jain,30,Sanskrit,2,1,2,1,0,73,1,SCH0044,Govt. High School Udaipur-44,0
TCH09912,Sunita Jain,32,Science,8,5,8,1,0,326,0,SCH0323,Govt. Middle School Central-323,1
TCH09913,Usha Kumar,58,Biology,10,6,1,0,0,49,0,SCH0348,Govt. Primary School Udaipur-348,0
TCH09914,Suresh Bhat,25,Science,2,2,0,0,0,364,1,SCH0124,Govt. High School Ghaziabad-124,0
TCH09915,Savita Patel,56,Sanskrit,28,9,10,0,0,26,1,SCH0386,Govt. Senior Secondary School South-386,1
TCH09916,Lakshmi Joshi,27,Science,2,1,2,0,0,75,0,SCH0094,Govt. Middle School Gurgaon-94,0
TCH09917,Pushpa Garg,25,Physics,1,1,0,1,0,259,0,SCH0133,Govt. High School East-133,1
TCH09918,Vikas Aggarwal,42,Mathematics,8,2,7,1,1,140,0,SCH0216,Govt. Middle School East-216,1
TCH09919,Rajesh Reddy,33,Science,3,2,0,0,0,383,1,SCH0450,Govt. High School Kanpur-450,0
TCH09920,Seema Kumar,34,Geography,9,1,5,0,0,127,0,SCH0268,Govt. Middle School North-268,0
TCH09921,Ramesh Yadav,37,Physics,11,7,5,0,0,119,0,SCH0409,Govt. Senior Secondary School Agra-409,1
TCH09922,Kamla Kaur,43,Social Science,3,2,3,0,0,341,0,SCH0313,Govt. Middle School Ajmer-313,0
TCH09923,Rekha Patel,60,English,29,8,14,0,0,395,1,SCH0230,Govt. High School West-230,1
TCH09924,Sunil Reddy,54,Hindi,15,1,14,1,0,119,0,SCH0295,Govt. Middle School New-295,1
TCH09925,Ashok Iyer,40,Chemistry,12,2,6,0,0,364,0,SCH0428,Govt. High School Faridabad-428,1
TCH09926,Pankaj Jain,40,Physical Education,10,9,5,1,1,399,0,SCH0351,Govt. High School Ghaziabad-351,1
TCH09927,Mukesh Aggarwal,39,Science,14,7,12,1,0,416,1,SCH0247,Govt. High School New-247,1
TCH09928,Geeta Garg,60,Geography,13,8,1,0,0,54,1,SCH0181,Govt. Middle School Kota-181,0
TCH09929,Arun Patel,37,Chemistry,8,2,0,0,0,6,1,SCH0011,Govt. Middle School Lucknow-11,0
TCH09930,Arun Kaur,32,Social Science,5,5,2,1,0,14,0,SCH0394,Govt. High School Kanpur-394,1
TCH09931,Geeta Shukla,27,Physics,3,2,2,0,0,1,0,SCH0239,Govt. Senior Secondary School Central-239,0
TCH09932,Amit Kaur,51,Hindi,5,1,3,0,0,28,1,SCH0006,Govt. Senior Secondary School West-6,0
TCH09933,Ajay Pillai,29,Mathematics,2,2,0,0,0,75,0,SCH0074,Govt. Middle School Ajmer-74,0
TCH09934,Amit Bhat,32,Computer Science,6,4,5,0,0,204,0,SCH0295,Govt. Middle School New-295,0
TCH09935,Radha Joshi,32,Sanskrit,4,4,1,0,0,9,1,SCH0029,Govt. Primary School Lucknow-29,0
TCH09936,Pankaj Gupta,33,Sanskrit,2,2,2,1,0,274,0,SCH0233,Govt. Primary School Jodhpur-233,1
TCH09937,Rekha Joshi,59,English,11,3,11,0,0,370,1,SCH0431,Govt. High School Bikaner-431,1
TCH09938,Harish Rao,39,Hindi,8,1,4,0,0,380,1,SCH0232,Govt. High School Bikaner-232,1
TCH09939,Ashok Pandey,48,Social Science,17,6,6,0,0,59,1,SCH0432,Govt. Middle School Jodhpur-432,1
TCH09940,Sunita Bhat,50,Social Science,8,5,3,0,0,252,0,SCH0338,Govt. Primary School Faridabad-338,1
TCH09941,Geeta Singh,30,Chemistry,6,3,6,0,1,244,0,SCH0091,Govt. High School South-91,1
TCH09942,Pushpa Iyer,43,English,3,2,3,1,0,82,1,SCH0318,Govt. Middle School Kanpur-318,1
TCH09943,Sunita Kaur,39,Chemistry,16,9,6,0,0,150,0,SCH0371,Govt. Primary School Ghaziabad-371,1
TCH09944,Shanti Aggarwal,55,Sanskrit,24,11,3,0,0,299,0,SCH0227,Govt. Senior Secondary School Lucknow-227,1
TCH09945,Vikas Mishra,59,Geography,4,1,1,1,0,40,0,SCH0138,Govt. Middle School Bikaner-138,0
TCH09946,Rekha Mishra,46,Computer Science,22,10,4,0,0,479,0,SCH0101,Govt. High School Gurgaon-101,1
TCH09947,Lakshmi Pillai,56,Mathematics,4,3,2,1,0,137,0,SCH0295,Govt. Middle School New-295,0
TCH09948,Ashok Garg,55,Hindi,13,11,5,0,0,87,0,SCH0142,Govt. Middle School New-142,1
TCH09949,Anita Garg,29,English,4,1,1,1,0,360,0,SCH0379,Govt. Primary School New-379,1
TCH09950,Dinesh Patel,38,History,14,8,14,0,0,19,0,SCH0406,Govt. High School Gurgaon-406,1
TCH09951,Devika Bhat,25,Hindi,2,2,1,0,0,285,0,SCH0241,Govt. High School Udaipur-241,0
TCH09952,Savita Yadav,52,Hindi,19,19,7,0,0,143,0,SCH0172,Govt. Senior Secondary School North-172,1
TCH09953,Harish Singh,28,Hindi,4,3,2,0,0,183,0,SCH0424,Govt. Primary School Varanasi-424,0
TCH09954,Priya Jain,24,Biology,1,1,1,0,0,186,0,SCH0127,Govt. High School Central-127,0
TCH09955,Seema Pandey,55,Hindi,27,4,10,0,0,212,0,SCH0120,Govt. High School New-120,1
TCH09956,Nita Verma,28,English,4,4,4,0,0,149,1,SCH0323,Govt. Middle School Central-323,0
TCH09957,Radha Joshi,35,Science,7,2,7,0,0,231,0,SCH0118,Govt. Middle School Agra-118,0
TCH09958,Pooja Kumar,50,Social Science,20,14,7,0,1,126,1,SCH0433,Govt. High School Jodhpur-433,1
TCH09959,Mukesh Jain,49,Social Science,1,1,1,1,0,263,0,SCH0389,Govt. Middle School Gurgaon-389,1
TCH09960,Vikas Menon,44,Physics,4,4,2,0,0,472,0,SCH0012,Govt. High School East-12,0
TCH09961,Savita Patel,51,Mathematics,9,2,3,1,1,168,0,SCH0098,Govt. High School Agra-98,1
TCH09962,Ramesh Dubey,25,Mathematics,1,1,1,0,0,253,0,SCH0124,Govt. High School Ghaziabad-124,0
TCH09963,Vikram Shukla,37,Mathematics,11,2,10,0,0,154,1,SCH0166,Govt. Primary School Bikaner-166,0
TCH09964,Geeta Bansal,31,English,5,2,0,1,1,248,1,SCH0065,Govt. High School Ghaziabad-65,1
TCH09965,Suresh Bansal,29,Mathematics,6,3,0,0,0,280,0,SCH0168,Govt. High School Kota-168,0
TCH09966,Anita Dubey,45,Physics,16,13,6,0,0,54,0,SCH0250,Govt. High School Kanpur-250,1
TCH09967,Sunil Garg,49,Biology,17,10,3,1,0,293,0,SCH0167,Govt. Middle School Jaipur-167,1
TCH09968,Anita Tiwari,51,Computer Science,19,17,11,0,0,27,0,SCH0028,Govt. High School Varanasi-28,1
TCH09969,Sunita Tiwari,61,English,12,4,5,0,0,32,0,SCH0358,Govt. Primary School Central-358,0
TCH09970,Rekha Pandey,35,Chemistry,10,5,1,1,0,466,0,SCH0078,Govt. Middle School Gurgaon-78,1
TCH09971,Vikram Gupta,58,Geography,28,19,5,1,0,486,1,SCH0157,Govt. Senior Secondary School Jodhpur-157,1
TCH09972,Arun Dubey,54,Sanskrit,26,12,10,0,0,369,0,SCH0318,Govt. Middle School Kanpur-318,1
TCH09973,Anita Kumar,55,Physics,8,3,0,1,0,431,0,SCH0191,Govt. Middle School Gurgaon-191,1
TCH09974,Harish Aggarwal,59,Sanskrit,20,7,10,0,1,257,1,SCH0120,Govt. High School New-120,1
TCH09975,Pushpa Malhotra,60,History,5,2,0,1,0,423,0,SCH0019,Govt. Senior Secondary School Bikaner-19,1
TCH09976,Anita Gupta,29,Sanskrit,3,1,0,0,0,236,1,SCH0039,Govt. Senior Secondary School North-39,0
TCH09977,Dinesh Mittal,36,Mathematics,2,2,2,0,0,159,0,SCH0128,Govt. High School Bikaner-128,0
TCH09978,Ramesh Kaur,54,Physical Education,29,9,2,0,0,240,1,SCH0179,Govt. Middle School North-179,1
TCH09979,Saroj Tiwari,54,Art,29,11,12,0,0,128,0,SCH0159,Govt. High School North-159,1
TCH09980,Vikram Iyer,40,Physical Education,8,3,0,0,0,176,0,SCH0499,Govt. Senior Secondary School East-499,0
TCH09981,Mukesh Singh,53,Physics,18,12,13,0,0,156,1,SCH0448,Govt. Senior Secondary School West-448,1
TCH09982,Pushpa Garg,39,Art,3,3,0,0,0,259,0,SCH0355,Govt. Senior Secondary School Ajmer-355,0
TCH09983,Dinesh Rao,28,Science,2,1,1,0,0,291,1,SCH0161,Govt. Middle School Kanpur-161,0
TCH09984,Lakshmi Chaudhary,37,Art,12,1,4,0,0,396,0,SCH0458,Govt. Primary School Udaipur-458,1
TCH09985,Pooja Nair,32,Computer Science,7,2,7,1,0,204,0,SCH0119,Govt. Middle School Noida-119,1
TCH09986,Deepak Tiwari,36,Chemistry,3,2,0,0,0,188,0,SCH0333,Govt. Middle School Kota-333,0
TCH09987,Priya Bansal,28,Art,3,1,3,1,0,7,0,SCH0126,Govt. Senior Secondary School West-126,1
TCH09988,Kavita Kaur,34,Chemistry,5,5,4,1,0,31,0,SCH0221,Govt. Middle School Ghaziabad-221,1
TCH09989,Vikram Naidu,25,Computer Science,2,1,1,1,0,396,1,SCH0069,Govt. Primary School West-69,1
TCH09990,Sunil Naidu,50,Physics,2,1,2,1,0,206,0,SCH0447,Govt. Middle School East-447,1
TCH09991,Radha Mishra,58,Physics,13,6,7,1,0,208,0,SCH0457,Govt. Senior Secondary School Ghaziabad-457,1
TCH09992,Rajesh Garg,43,Art,12,5,0,0,0,65,0,SCH0068,Govt. Senior Secondary School South-68,0
TCH09993,Savita Chaudhary,58,Science,15,2,0,1,0,488,0,SCH0001,Govt. Senior Secondary School West-1,1
TCH09994,Amit Joshi,42,English,16,12,7,0,0,26,1,SCH0161,Govt. Middle School Kanpur-161,1
TCH09995,Ashok Iyer,30,History,1,1,1,1,0,299,1,SCH0029,Govt. Primary School Lucknow-29,1
TCH09996,Naresh Nair,31,Art,7,5,4,0,0,467,0,SCH0338,Govt. Primary School Faridabad-338,1
TCH09997,Pankaj Iyer,30,Biology,1,1,0,1,0,24,0,SCH0184,Govt. Primary School Central-184,0
TCH09998,Vikram Joshi,41,Hindi,12,9,4,0,1,211,1,SCH0236,Govt. Senior Secondary School Jaipur-236,1
TCH09999,Nita Bhat,51,Chemistry,5,1,5,1,0,224,0,SCH0352,Govt. Middle School Varanasi-352,1
TCH10000,Harish Verma,50,Physical Education,15,3,12,0,0,375,0,SCH0013,Govt. High School Kota-13,1
